,FIPS,Median,MAD
0,1001,1.0,0.0
1,1003,3.0,2.0
2,1005,7.0,0.0
3,1007,2.0,0.0
4,1009,3.0,1.0
5,1011,2.0,0.0
6,1013,7.0,1.0
7,1015,1.0,0.0
8,1017,4.0,0.0
9,1019,2.5,0.5
10,1021,7.0,2.0
11,1023,10.0,0.0
12,1025,8.0,2.0
13,1027,3.5,1.5
14,1029,2.0,0.0
15,1031,5.0,1.0
16,1033,1.0,0.0
17,1035,7.0,1.0
18,1037,5.0,2.0
19,1039,7.0,0.0
20,1041,2.0,0.0
21,1043,5.0,0.0
22,1045,4.0,0.5
23,1047,4.0,0.0
24,1049,8.5,1.5
25,1051,2.0,1.0
26,1053,7.0,0.0
27,1055,1.0,0.0
28,1057,3.0,1.0
29,1059,2.0,0.0
30,1061,2.0,0.0
31,1063,2.0,0.0
32,1065,2.0,0.0
33,1067,2.0,0.0
34,1069,1.0,0.0
35,1071,4.0,2.0
36,1073,1.0,0.0
37,1075,6.0,0.0
38,1077,1.0,0.0
39,1079,2.0,0.0
40,1081,1.0,0.0
41,1083,4.0,1.0
42,1085,2.0,0.0
43,1087,7.0,1.0
44,1089,1.0,0.0
45,1091,10.0,0.0
46,1093,10.0,0.0
47,1095,4.0,0.0
48,1097,1.0,0.0
49,1099,10.0,0.0
50,1101,1.0,0.0
51,1103,1.0,0.0
52,1105,10.0,0.0
53,1107,2.0,0.0
54,1109,4.0,1.5
55,1111,7.0,3.0
56,1113,1.0,0.0
57,1115,2.0,0.0
58,1117,1.0,0.0
59,1119,5.5,0.5
60,1121,4.0,0.5
61,1123,7.0,1.5
62,1125,1.0,0.0
63,1127,2.0,0.0
64,1129,2.0,0.0
65,1131,10.0,0.0
66,1133,7.0,3.0
67,2013,10.0,0.0
68,2016,10.0,0.0
69,2020,1.0,0.0
70,2050,10.0,0.0
71,2060,10.0,0.0
72,2068,10.0,0.0
73,2070,10.0,0.0
74,2090,1.0,0.0
75,2100,10.0,0.0
76,2105,10.0,0.0
77,2110,4.0,0.0
78,2122,10.0,0.0
79,2130,4.0,0.0
80,2150,7.0,0.0
81,2164,10.0,0.0
82,2170,4.0,0.0
83,2180,8.5,1.5
84,2185,10.0,0.0
85,2188,8.5,1.5
86,2195,10.0,0.0
87,2198,10.0,0.0
88,2220,7.0,0.0
89,2230,10.0,0.0
90,2240,10.0,0.0
91,2261,10.0,0.0
92,2270,10.0,0.0
93,2275,10.0,0.0
94,2282,10.0,0.0
95,2290,10.0,0.0
96,4001,8.5,1.5
97,4003,3.5,2.5
98,4005,1.0,0.0
99,4007,4.0,0.0
100,4009,4.0,0.0
101,4011,7.0,0.0
102,4012,8.0,1.0
103,4013,1.0,0.0
104,4015,4.0,0.0
105,4017,7.0,2.0
106,4019,1.0,0.0
107,4021,1.0,0.0
108,4023,4.0,0.0
109,4025,2.0,1.0
110,4027,1.0,0.0
111,5001,7.0,0.0
112,5003,8.0,0.0
113,5005,5.0,0.0
114,5007,1.0,0.0
115,5009,5.0,0.0
116,5011,7.0,0.0
117,5013,8.0,2.0
118,5015,9.0,1.0
119,5017,7.5,0.5
120,5019,4.0,0.0
121,5021,6.5,1.0
122,5023,10.0,0.0
123,5025,2.0,0.0
124,5027,5.0,0.0
125,5029,7.5,0.5
126,5031,1.0,0.0
127,5033,1.0,0.0
128,5035,1.0,0.0
129,5037,7.5,1.5
130,5039,7.0,1.0
131,5041,7.0,0.0
132,5043,7.0,0.0
133,5045,1.0,0.0
134,5047,2.0,0.0
135,5049,10.0,0.0
136,5051,1.0,0.0
137,5053,2.0,0.0
138,5055,4.0,0.0
139,5057,8.0,0.0
140,5059,4.0,1.0
141,5061,8.0,1.0
142,5063,4.5,0.5
143,5065,10.0,0.0
144,5067,8.0,1.0
145,5069,1.0,0.0
146,5071,7.5,0.5
147,5073,6.0,3.0
148,5075,8.5,1.5
149,5077,7.5,1.5
150,5079,2.0,0.0
151,5081,7.0,1.0
152,5083,6.5,1.0
153,5085,1.5,0.5
154,5087,2.0,0.0
155,5089,7.5,2.5
156,5091,1.0,0.0
157,5093,6.0,2.0
158,5095,8.0,0.0
159,5097,10.0,0.0
160,5099,8.0,1.0
161,5101,7.5,2.5
162,5103,4.5,0.5
163,5105,2.0,0.0
164,5107,4.0,0.0
165,5109,10.0,0.0
166,5111,2.0,0.0
167,5113,8.0,1.0
168,5115,5.0,0.0
169,5117,8.0,2.0
170,5119,1.0,0.0
171,5121,8.0,1.0
172,5123,4.0,0.5
173,5125,1.0,0.0
174,5127,7.0,3.0
175,5129,10.0,0.0
176,5131,1.0,0.0
177,5133,8.0,0.5
178,5135,8.5,1.5
179,5137,10.0,0.0
180,5139,4.5,0.5
181,5141,3.0,1.0
182,5143,1.0,0.0
183,5145,4.0,1.0
184,5147,7.5,2.5
185,5149,5.0,0.0
186,6001,1.0,0.0
187,6003,10.0,0.0
188,6005,7.0,3.0
189,6007,4.0,3.0
190,6009,10.0,0.0
191,6011,7.0,0.0
192,6013,1.0,0.0
193,6015,4.0,0.0
194,6017,2.0,1.0
195,6019,1.0,0.0
196,6021,7.0,1.5
197,6023,4.0,0.0
198,6025,1.0,0.0
199,6027,7.5,0.5
200,6029,1.0,0.0
201,6031,1.0,0.0
202,6033,4.0,0.0
203,6035,5.0,1.0
204,6037,1.0,0.0
205,6039,2.0,1.0
206,6041,1.0,0.0
207,6043,10.0,0.0
208,6045,5.0,1.0
209,6047,1.0,0.0
210,6049,10.0,0.0
211,6051,8.0,1.0
212,6053,1.0,0.0
213,6055,1.0,0.0
214,6057,4.0,0.5
215,6059,1.0,0.0
216,6061,1.0,0.0
217,6063,8.0,2.0
218,6065,1.0,0.0
219,6067,1.0,0.0
220,6069,4.0,0.0
221,6071,1.0,0.0
222,6073,1.0,0.0
223,6075,1.0,0.0
224,6077,1.0,0.0
225,6079,1.0,0.0
226,6081,1.0,0.0
227,6083,1.0,0.0
228,6085,1.0,0.0
229,6087,1.0,0.0
230,6089,1.0,0.0
231,6091,10.0,0.0
232,6093,8.0,1.0
233,6095,1.0,0.0
234,6097,1.0,0.0
235,6099,1.0,0.0
236,6101,1.0,0.0
237,6103,4.0,1.0
238,6105,10.0,0.0
239,6107,1.0,0.0
240,6109,4.0,0.0
241,6111,1.0,0.0
242,6113,1.0,0.0
243,6115,1.0,0.0
244,8001,1.0,0.0
245,8003,7.5,0.5
246,8005,1.0,0.0
247,8007,7.5,0.5
248,8009,10.0,0.0
249,8011,7.0,0.0
250,8013,1.0,0.0
251,8014,1.0,0.0
252,8015,7.0,0.0
253,8017,10.0,0.0
254,8019,2.0,0.0
255,8021,9.0,1.0
256,8023,10.0,0.0
257,8025,10.0,0.0
258,8027,10.0,0.0
259,8029,7.0,0.0
260,8031,1.0,0.0
261,8033,10.0,0.0
262,8035,1.0,0.0
263,8037,7.0,0.0
264,8039,2.0,0.0
265,8041,1.0,0.0
266,8043,4.0,0.0
267,8045,5.0,1.0
268,8047,2.0,0.0
269,8049,10.0,0.0
270,8051,9.0,1.0
271,8053,10.0,0.0
272,8055,8.5,1.5
273,8057,10.0,0.0
274,8059,1.0,0.0
275,8061,10.0,0.0
276,8063,10.0,0.0
277,8065,7.0,0.0
278,8067,5.0,0.5
279,8069,1.0,0.0
280,8071,7.0,0.0
281,8073,10.0,0.0
282,8075,4.0,0.0
283,8077,1.0,0.0
284,8079,10.0,0.0
285,8081,4.0,0.0
286,8083,8.0,0.0
287,8085,4.5,0.5
288,8087,4.5,0.5
289,8089,7.0,0.0
290,8091,10.0,0.0
291,8093,10.0,0.0
292,8095,10.0,0.0
293,8097,7.0,0.0
294,8099,8.0,1.0
295,8101,1.0,0.0
296,8103,10.0,0.0
297,8105,10.0,0.0
298,8107,4.5,0.5
299,8109,10.0,0.0
300,8111,10.0,0.0
301,8113,10.0,0.0
302,8115,10.0,0.0
303,8117,4.0,0.0
304,8119,2.0,0.0
305,8121,10.0,0.0
306,8123,1.0,0.0
307,8125,8.5,1.5
308,9001,1.0,0.0
309,9003,1.0,0.0
310,9005,4.0,2.0
311,9007,1.0,0.0
312,9009,1.0,0.0
313,9011,1.0,0.0
314,9013,1.0,0.0
315,9015,2.0,1.0
316,10001,1.0,0.0
317,10003,1.0,0.0
318,10005,4.0,2.0
319,11001,1.0,0.0
320,12001,1.0,0.0
321,12003,2.0,0.0
322,12005,1.0,0.0
323,12007,2.0,0.0
324,12009,1.0,0.0
325,12011,1.0,0.0
326,12013,2.0,0.0
327,12015,1.0,0.0
328,12017,1.0,0.0
329,12019,1.0,0.0
330,12021,1.0,0.0
331,12023,4.0,0.5
332,12027,3.0,1.0
333,12029,2.5,0.5
334,12031,1.0,0.0
335,12033,1.0,0.0
336,12035,1.0,0.0
337,12037,7.0,2.5
338,12039,2.0,0.0
339,12041,2.0,0.0
340,12043,7.0,1.0
341,12045,7.0,2.5
342,12047,7.0,3.0
343,12049,4.0,0.5
344,12051,4.0,2.0
345,12053,1.0,0.0
346,12055,1.0,0.0
347,12057,1.0,0.0
348,12059,5.0,2.0
349,12061,1.0,0.0
350,12063,8.0,1.0
351,12065,2.0,0.0
352,12067,9.0,1.0
353,12069,1.0,0.0
354,12071,1.0,0.0
355,12073,1.0,0.0
356,12075,2.5,0.5
357,12077,2.0,0.0
358,12079,2.0,0.0
359,12081,1.0,0.0
360,12083,1.0,0.0
361,12085,1.0,0.0
362,12086,1.0,0.0
363,12087,4.0,0.0
364,12089,4.0,2.0
365,12091,1.0,0.0
366,12093,4.0,0.0
367,12095,1.0,0.0
368,12097,1.0,0.0
369,12099,1.0,0.0
370,12101,1.0,0.0
371,12103,1.0,0.0
372,12105,1.0,0.0
373,12107,4.0,1.0
374,12109,1.0,0.0
375,12111,1.0,0.0
376,12113,1.0,0.0
377,12115,1.0,0.0
378,12117,1.0,0.0
379,12119,2.0,1.0
380,12121,8.0,2.0
381,12123,7.0,0.0
382,12125,6.0,1.0
383,12127,1.0,0.0
384,12129,2.0,0.0
385,12131,2.0,1.0
386,12133,2.0,0.0
387,13001,7.0,1.0
388,13003,5.0,0.0
389,13005,5.0,0.0
390,13007,2.0,0.0
391,13009,4.0,0.0
392,13011,6.0,3.5
393,13013,2.0,0.0
394,13015,1.0,0.0
395,13017,4.0,0.0
396,13019,2.0,0.0
397,13021,1.0,0.0
398,13023,2.0,0.0
399,13025,2.0,0.0
400,13027,2.0,0.0
401,13029,2.0,0.0
402,13031,4.0,0.0
403,13033,2.0,0.0
404,13035,2.0,0.0
405,13037,2.0,0.0
406,13039,2.0,0.0
407,13043,10.0,0.0
408,13045,4.0,1.0
409,13047,1.0,0.0
410,13049,2.0,0.0
411,13051,1.0,0.0
412,13053,1.0,0.0
413,13055,4.0,1.0
414,13057,1.0,0.0
415,13059,1.0,0.0
416,13061,9.0,0.0
417,13063,1.0,0.0
418,13065,5.0,0.0
419,13067,1.0,0.0
420,13069,4.0,0.0
421,13071,4.0,0.0
422,13073,1.0,0.0
423,13075,2.0,0.0
424,13077,1.0,0.0
425,13079,2.0,0.0
426,13081,4.0,0.0
427,13083,2.0,0.0
428,13085,2.0,0.0
429,13087,4.0,1.0
430,13089,1.0,0.0
431,13091,7.0,1.5
432,13093,5.0,3.0
433,13095,1.0,0.0
434,13097,1.0,0.0
435,13099,7.0,0.0
436,13101,5.0,3.0
437,13103,2.0,0.0
438,13105,3.0,1.0
439,13107,7.5,0.5
440,13109,7.0,0.0
441,13111,10.0,0.0
442,13113,1.0,0.0
443,13115,1.0,0.0
444,13117,1.0,0.0
445,13119,10.0,0.0
446,13121,1.0,0.0
447,13123,3.0,1.0
448,13125,9.0,0.0
449,13127,1.0,0.0
450,13129,4.0,0.0
451,13131,7.0,0.5
452,13133,8.0,2.0
453,13135,1.0,0.0
454,13137,4.0,0.0
455,13139,1.0,0.0
456,13141,5.0,0.0
457,13143,2.0,0.0
458,13145,2.0,0.0
459,13147,8.0,1.0
460,13149,5.0,1.0
461,13151,1.0,0.0
462,13153,1.0,0.0
463,13155,6.0,1.0
464,13157,3.0,1.0
465,13159,2.0,0.0
466,13161,7.0,1.0
467,13163,9.5,0.5
468,13165,4.5,2.5
469,13167,5.0,0.0
470,13169,2.0,0.0
471,13171,2.0,0.0
472,13173,2.0,0.0
473,13175,4.0,0.0
474,13177,1.0,0.0
475,13179,1.0,0.0
476,13181,2.0,0.0
477,13183,2.0,0.0
478,13185,1.0,0.0
479,13187,2.5,0.5
480,13189,7.0,0.0
481,13191,2.0,0.0
482,13193,3.5,1.5
483,13195,2.0,0.0
484,13197,2.0,0.0
485,13199,2.5,0.5
486,13201,10.0,0.0
487,13205,7.0,1.0
488,13207,2.0,0.0
489,13209,10.0,0.0
490,13211,2.0,0.0
491,13213,2.0,0.0
492,13215,1.0,0.0
493,13217,1.0,0.0
494,13219,1.5,0.5
495,13221,2.0,0.0
496,13223,1.0,0.0
497,13225,4.0,0.0
498,13227,2.0,0.0
499,13229,5.0,0.0
500,13231,2.0,0.0
501,13233,2.0,0.0
502,13235,2.0,0.0
503,13237,10.0,0.0
504,13239,8.0,0.0
505,13241,7.0,3.0
506,13243,4.5,2.5
507,13245,1.0,0.0
508,13247,1.0,0.0
509,13249,5.0,0.0
510,13251,7.0,3.0
511,13253,7.0,2.0
512,13255,1.0,0.0
513,13257,4.0,0.0
514,13259,6.0,4.0
515,13261,4.0,0.0
516,13263,2.0,0.0
517,13265,10.0,0.0
518,13267,7.0,3.0
519,13269,2.0,0.0
520,13271,8.0,0.0
521,13273,2.0,0.0
522,13275,4.0,0.0
523,13277,5.0,0.0
524,13279,4.0,0.0
525,13281,10.0,0.0
526,13283,6.0,1.0
527,13285,4.0,0.0
528,13287,8.5,1.5
529,13289,2.0,0.0
530,13291,10.0,0.0
531,13293,4.0,1.0
532,13295,1.0,0.0
533,13297,1.0,0.0
534,13299,4.0,0.0
535,13301,8.0,0.0
536,13303,7.0,0.0
537,13305,4.5,0.5
538,13307,2.0,0.0
539,13309,10.0,0.0
540,13311,2.0,0.0
541,13313,1.0,0.0
542,13315,5.0,1.0
543,13317,8.5,1.0
544,13319,5.0,3.0
545,13321,2.0,0.0
546,15001,7.0,3.0
547,15003,1.0,0.0
548,15005,54.5,44.5
549,15007,5.0,1.0
550,15009,4.0,2.0
551,16001,1.0,0.0
552,16003,10.0,0.0
553,16005,1.0,0.0
554,16007,10.0,0.0
555,16009,7.5,0.5
556,16011,4.0,1.5
557,16013,5.5,1.5
558,16015,2.0,0.0
559,16017,5.0,1.0
560,16019,1.0,0.0
561,16021,8.5,1.5
562,16023,10.0,0.0
563,16025,10.0,0.0
564,16027,1.0,0.0
565,16029,8.5,1.5
566,16031,4.5,0.5
567,16033,10.0,0.0
568,16035,7.5,0.5
569,16037,10.0,0.0
570,16039,4.0,0.0
571,16041,8.5,1.5
572,16043,10.0,0.0
573,16045,2.0,0.0
574,16047,7.0,0.0
575,16049,10.0,0.0
576,16051,2.0,0.0
577,16053,4.0,0.0
578,16055,1.0,0.0
579,16057,4.0,0.0
580,16059,7.0,0.0
581,16061,10.0,0.0
582,16063,10.0,0.0
583,16065,4.0,0.0
584,16067,7.0,3.0
585,16069,1.0,0.0
586,16071,10.0,0.0
587,16073,2.0,0.0
588,16075,4.0,0.0
589,16077,4.5,2.5
590,16079,7.0,0.0
591,16081,10.0,0.0
592,16083,4.0,0.0
593,16085,10.0,0.0
594,16087,7.0,0.0
595,17001,4.0,0.0
596,17003,4.5,2.5
597,17005,5.0,2.5
598,17007,1.0,0.0
599,17009,7.5,0.5
600,17011,6.5,1.0
601,17013,2.5,0.5
602,17015,9.5,0.5
603,17017,7.0,0.0
604,17019,1.0,0.0
605,17021,4.5,2.0
606,17023,7.0,0.5
607,17025,8.0,0.5
608,17027,7.0,2.5
609,17029,4.0,0.0
610,17031,1.0,0.0
611,17033,7.5,0.5
612,17035,10.0,0.0
613,17037,1.0,0.0
614,17039,2.0,0.0
615,17041,7.0,3.0
616,17043,1.0,0.0
617,17045,8.0,1.0
618,17047,10.0,0.0
619,17049,4.5,0.5
620,17051,7.0,1.0
621,17053,7.0,2.0
622,17055,7.0,0.5
623,17057,4.0,1.0
624,17059,10.0,0.0
625,17061,6.0,1.0
626,17063,2.5,1.5
627,17065,9.0,0.0
628,17067,6.0,1.0
629,17069,8.5,0.5
630,17071,5.0,0.0
631,17073,4.0,2.0
632,17075,7.0,3.0
633,17077,1.5,0.5
634,17079,9.0,1.0
635,17081,4.0,0.0
636,17083,2.0,0.0
637,17085,10.0,0.0
638,17087,2.0,0.0
639,17089,1.0,0.0
640,17091,1.0,0.0
641,17093,1.0,0.0
642,17095,4.0,0.0
643,17097,1.0,0.0
644,17099,4.0,0.0
645,17101,7.0,0.0
646,17103,4.0,1.0
647,17105,5.0,1.5
648,17107,4.0,0.0
649,17109,4.0,0.0
650,17111,1.0,0.0
651,17113,1.0,0.0
652,17115,1.0,0.0
653,17117,2.0,0.0
654,17119,1.0,0.0
655,17121,6.0,2.0
656,17123,3.0,1.0
657,17125,8.0,2.0
658,17127,5.0,0.0
659,17129,2.0,0.0
660,17131,4.5,2.5
661,17133,2.0,0.0
662,17135,7.0,0.0
663,17137,4.0,0.0
664,17139,4.5,2.5
665,17141,4.0,2.0
666,17143,1.0,0.0
667,17145,8.0,1.0
668,17147,2.0,0.0
669,17149,8.0,1.0
670,17151,9.0,1.0
671,17153,10.0,0.0
672,17155,5.0,0.0
673,17157,7.0,0.0
674,17159,7.0,0.0
675,17161,1.0,0.0
676,17163,1.0,0.0
677,17165,7.0,0.0
678,17167,1.0,0.0
679,17169,8.0,0.0
680,17171,7.5,2.5
681,17173,6.0,3.5
682,17175,2.0,0.0
683,17177,4.0,0.0
684,17179,1.0,0.0
685,17181,7.0,1.0
686,17183,1.0,0.0
687,17185,7.0,0.0
688,17187,7.0,1.0
689,17189,8.0,1.0
690,17191,8.0,0.0
691,17193,8.0,1.0
692,17195,4.0,0.0
693,17197,1.0,0.0
694,17199,1.0,0.0
695,17201,1.0,0.0
696,17203,2.0,0.0
697,18001,5.0,1.0
698,18003,1.0,0.0
699,18005,1.0,0.0
700,18007,3.0,1.0
701,18009,8.0,1.0
702,18011,2.0,1.0
703,18013,2.0,0.0
704,18015,2.0,0.0
705,18017,4.0,1.0
706,18019,1.0,0.0
707,18021,2.0,0.0
708,18023,4.0,0.5
709,18025,3.0,1.0
710,18027,5.0,1.0
711,18029,2.0,1.0
712,18031,4.0,0.5
713,18033,4.0,0.0
714,18035,1.0,0.0
715,18037,5.0,0.0
716,18039,1.0,0.0
717,18041,4.0,0.0
718,18043,1.0,0.0
719,18045,7.0,3.0
720,18047,7.0,3.0
721,18049,9.0,0.5
722,18051,7.0,1.0
723,18053,4.0,0.0
724,18055,7.0,3.0
725,18057,1.0,0.0
726,18059,1.0,0.0
727,18061,2.0,0.0
728,18063,1.0,0.0
729,18065,4.0,0.0
730,18067,1.0,0.0
731,18069,4.0,0.0
732,18071,4.0,0.0
733,18073,2.0,0.0
734,18075,7.0,0.0
735,18077,4.0,0.0
736,18079,4.0,0.5
737,18081,1.0,0.0
738,18083,4.0,0.0
739,18085,5.0,1.0
740,18087,10.0,0.0
741,18089,1.0,0.0
742,18091,1.0,0.0
743,18093,4.0,1.0
744,18095,1.0,0.0
745,18097,1.0,0.0
746,18099,5.0,1.5
747,18101,5.0,2.0
748,18103,4.0,1.5
749,18105,1.0,0.0
750,18107,4.0,1.0
751,18109,2.0,0.0
752,18111,6.0,4.0
753,18113,4.0,1.0
754,18115,6.0,4.0
755,18117,10.0,0.0
756,18119,2.0,0.0
757,18121,4.5,2.5
758,18123,7.0,0.0
759,18125,8.0,2.0
760,18127,1.0,0.0
761,18129,7.0,3.0
762,18131,7.5,1.5
763,18133,3.0,1.0
764,18135,7.0,1.5
765,18137,8.5,1.5
766,18139,7.0,2.0
767,18141,1.0,0.0
768,18143,4.0,1.0
769,18145,4.0,0.5
770,18147,3.0,1.0
771,18149,6.0,1.0
772,18151,5.0,1.0
773,18153,7.0,3.0
774,18155,3.0,0.0
775,18157,1.0,0.0
776,18159,4.5,2.5
777,18161,7.5,2.5
778,18163,1.0,0.0
779,18165,2.0,0.0
780,18167,1.0,0.0
781,18169,5.0,1.0
782,18171,8.5,1.5
783,18173,1.0,0.0
784,18175,7.0,2.5
785,18177,4.0,0.0
786,18179,7.0,1.0
787,18181,5.0,3.0
788,18183,2.0,0.0
789,19001,10.0,0.0
790,19003,10.0,0.0
791,19005,10.0,0.0
792,19007,8.0,0.0
793,19009,10.0,0.0
794,19011,2.0,0.0
795,19013,1.0,0.0
796,19015,4.0,1.0
797,19017,7.0,2.0
798,19019,5.0,2.0
799,19021,7.5,2.5
800,19023,8.0,2.0
801,19025,10.0,0.0
802,19027,9.0,1.0
803,19029,8.0,1.0
804,19031,7.0,3.0
805,19033,4.0,0.0
806,19035,10.0,0.0
807,19037,10.0,0.0
808,19039,7.0,1.0
809,19041,4.5,0.5
810,19043,10.0,0.0
811,19045,4.0,0.0
812,19047,8.0,0.0
813,19049,2.0,1.0
814,19051,7.5,2.5
815,19053,10.0,0.0
816,19055,9.0,1.0
817,19057,4.0,0.0
818,19059,4.0,0.0
819,19061,1.0,0.0
820,19063,7.5,0.5
821,19065,10.0,0.0
822,19067,7.0,1.0
823,19069,10.0,0.0
824,19071,10.0,0.0
825,19073,8.5,1.5
826,19075,6.0,4.0
827,19077,10.0,0.0
828,19079,7.0,1.0
829,19081,10.0,0.0
830,19083,10.0,0.0
831,19085,2.0,0.0
832,19087,8.0,0.0
833,19089,10.0,0.0
834,19091,7.5,0.5
835,19093,10.0,0.0
836,19095,8.5,1.5
837,19097,7.0,0.5
838,19099,4.0,2.0
839,19101,4.5,0.5
840,19103,1.0,0.0
841,19105,7.0,3.0
842,19107,10.0,0.0
843,19109,10.0,0.0
844,19111,4.0,0.0
845,19113,1.0,0.0
846,19115,10.0,0.0
847,19117,7.5,0.5
848,19119,10.0,0.0
849,19121,2.0,0.0
850,19123,4.0,0.0
851,19125,7.0,0.0
852,19127,4.0,0.0
853,19129,2.0,0.0
854,19131,10.0,0.0
855,19133,10.0,0.0
856,19135,7.0,0.0
857,19137,8.5,1.5
858,19139,4.0,0.0
859,19141,10.0,0.0
860,19143,8.5,1.5
861,19145,7.0,0.0
862,19147,9.0,1.0
863,19149,7.0,3.0
864,19151,10.0,0.0
865,19153,1.0,0.0
866,19155,1.0,0.0
867,19157,8.0,1.0
868,19159,10.0,0.0
869,19161,10.0,0.0
870,19163,1.0,0.0
871,19165,8.5,1.5
872,19167,7.0,0.0
873,19169,1.0,0.0
874,19171,5.5,1.5
875,19173,10.0,0.0
876,19175,7.5,0.5
877,19177,10.0,0.0
878,19179,4.0,0.0
879,19181,2.0,0.0
880,19183,7.0,2.0
881,19185,10.0,0.0
882,19187,4.0,0.0
883,19189,10.0,0.0
884,19191,8.0,0.0
885,19193,1.0,0.0
886,19195,6.0,1.0
887,19197,10.0,0.0
888,20001,8.0,1.0
889,20003,8.5,1.5
890,20005,4.0,0.0
891,20007,10.0,0.0
892,20009,4.0,0.0
893,20011,7.0,0.0
894,20013,10.0,0.0
895,20015,2.0,0.0
896,20017,5.0,0.0
897,20019,10.0,0.0
898,20021,6.0,2.5
899,20023,10.0,0.0
900,20025,10.0,0.0
901,20027,8.5,1.5
902,20029,8.5,1.5
903,20031,10.0,0.0
904,20033,10.0,0.0
905,20035,4.0,0.0
906,20037,4.0,0.0
907,20039,10.0,0.0
908,20041,7.0,1.5
909,20043,2.0,1.0
910,20045,1.0,0.0
911,20047,10.0,0.0
912,20049,10.0,0.0
913,20051,4.0,0.0
914,20053,7.5,0.5
915,20055,4.0,0.0
916,20057,4.0,0.0
917,20059,4.0,0.0
918,20061,4.0,0.0
919,20063,10.0,0.0
920,20065,10.0,0.0
921,20067,7.5,0.5
922,20069,10.0,0.0
923,20071,10.0,0.0
924,20073,5.0,2.0
925,20075,10.0,0.0
926,20077,10.0,0.0
927,20079,4.0,0.0
928,20081,10.0,0.0
929,20083,5.0,0.0
930,20085,2.0,0.0
931,20087,2.0,0.0
932,20089,10.0,0.0
933,20091,1.0,0.0
934,20093,10.0,0.0
935,20095,7.0,3.0
936,20097,10.0,0.0
937,20099,4.5,0.5
938,20101,10.0,0.0
939,20103,4.0,0.0
940,20105,10.0,0.0
941,20107,2.0,0.0
942,20109,10.0,0.0
943,20111,4.0,0.0
944,20113,5.0,1.0
945,20115,8.5,1.5
946,20117,10.0,0.0
947,20119,10.0,0.0
948,20121,2.0,0.0
949,20123,7.5,0.5
950,20125,7.0,3.0
951,20127,8.0,2.0
952,20129,10.0,0.0
953,20131,10.0,0.0
954,20133,7.0,0.0
955,20135,10.0,0.0
956,20137,7.0,0.0
957,20139,2.0,0.0
958,20141,10.0,0.0
959,20143,7.5,2.5
960,20145,7.5,0.5
961,20147,8.0,1.0
962,20149,7.0,1.5
963,20151,7.0,0.0
964,20153,10.0,0.0
965,20155,4.0,0.0
966,20157,10.0,0.0
967,20159,10.0,0.0
968,20161,1.0,0.0
969,20163,10.0,0.0
970,20165,10.0,0.0
971,20167,8.5,1.5
972,20169,4.0,0.0
973,20171,7.0,0.0
974,20173,1.0,0.0
975,20175,4.0,0.0
976,20177,1.0,0.0
977,20179,10.0,0.0
978,20181,8.5,1.5
979,20183,10.0,0.0
980,20185,10.0,0.0
981,20187,10.0,0.0
982,20189,7.5,0.5
983,20191,4.5,2.5
984,20193,8.5,1.5
985,20195,10.0,0.0
986,20197,2.5,0.5
987,20199,10.0,0.0
988,20201,10.0,0.0
989,20203,10.0,0.0
990,20205,9.0,1.0
991,20207,10.0,0.0
992,20209,1.0,0.0
993,21001,8.0,0.0
994,21003,7.5,0.5
995,21005,5.0,0.0
996,21007,5.0,0.0
997,21009,5.0,0.0
998,21011,5.0,0.0
999,21013,4.0,1.0
1000,21015,1.0,0.0
1001,21017,4.5,1.0
1002,21019,1.0,0.0
1003,21021,4.0,0.0
1004,21023,2.0,0.0
1005,21025,8.0,0.0
1006,21027,3.0,0.5
1007,21029,1.0,0.0
1008,21031,2.0,0.0
1009,21033,7.0,0.0
1010,21035,4.0,0.0
1011,21037,1.0,0.0
1012,21039,5.0,0.0
1013,21041,8.0,0.0
1014,21043,2.0,0.0
1015,21045,10.0,0.0
1016,21047,4.0,1.0
1017,21049,4.0,0.0
1018,21051,7.5,2.0
1019,21053,10.0,0.0
1020,21055,9.5,0.5
1021,21057,10.0,0.0
1022,21059,1.0,0.0
1023,21061,2.5,0.5
1024,21063,2.5,0.5
1025,21065,6.0,0.0
1026,21067,1.0,0.0
1027,21069,7.0,0.5
1028,21071,8.0,0.5
1029,21073,4.0,0.0
1030,21075,8.5,1.5
1031,21077,2.0,0.0
1032,21079,6.5,0.5
1033,21081,2.0,0.0
1034,21083,5.0,0.0
1035,21085,8.0,0.0
1036,21087,5.0,0.0
1037,21089,1.0,0.0
1038,21091,2.0,0.0
1039,21093,1.0,0.0
1040,21095,8.0,1.0
1041,21097,6.0,1.0
1042,21099,9.0,1.0
1043,21101,1.0,0.0
1044,21103,2.0,0.0
1045,21105,10.0,0.0
1046,21107,4.0,0.0
1047,21109,5.0,0.0
1048,21111,1.0,0.0
1049,21113,2.0,0.0
1050,21115,9.0,1.0
1051,21117,1.0,0.0
1052,21119,10.0,0.0
1053,21121,7.0,1.0
1054,21123,3.0,0.5
1055,21125,5.0,0.0
1056,21127,2.0,0.0
1057,21129,5.0,2.0
1058,21131,10.0,0.0
1059,21133,10.0,0.0
1060,21135,5.5,0.5
1061,21137,5.0,0.0
1062,21139,5.0,0.0
1063,21141,7.0,1.5
1064,21143,10.0,0.0
1065,21145,4.0,0.0
1066,21147,7.5,2.5
1067,21149,2.0,0.0
1068,21151,4.0,0.0
1069,21153,10.0,0.0
1070,21155,7.5,0.5
1071,21157,9.0,1.0
1072,21159,10.0,0.0
1073,21161,4.0,0.0
1074,21163,2.0,0.0
1075,21165,5.0,0.0
1076,21167,7.0,0.0
1077,21169,5.0,0.0
1078,21171,10.0,0.0
1079,21173,4.5,0.5
1080,21175,10.0,0.0
1081,21177,7.0,1.0
1082,21179,5.0,1.0
1083,21181,10.0,0.0
1084,21183,7.0,3.0
1085,21185,1.0,0.0
1086,21187,6.0,4.0
1087,21189,9.0,1.0
1088,21191,2.0,0.0
1089,21193,8.0,0.5
1090,21195,8.0,1.0
1091,21197,6.0,1.0
1092,21199,4.0,0.0
1093,21201,6.0,0.0
1094,21203,5.5,1.0
1095,21205,8.5,1.5
1096,21207,10.0,0.0
1097,21209,4.0,0.0
1098,21211,4.0,0.0
1099,21213,7.0,0.0
1100,21215,2.0,0.0
1101,21217,4.0,0.0
1102,21219,5.0,0.5
1103,21221,7.0,2.0
1104,21223,3.5,1.5
1105,21225,8.0,1.0
1106,21227,1.0,0.0
1107,21229,9.0,1.0
1108,21231,8.0,1.0
1109,21233,4.0,1.0
1110,21235,5.0,1.0
1111,21237,2.5,0.5
1112,21239,4.0,0.0
1113,22001,4.5,1.5
1114,22003,3.0,1.0
1115,22005,1.0,0.0
1116,22007,1.5,0.5
1117,22009,8.0,1.0
1118,22011,4.0,1.0
1119,22013,5.0,3.0
1120,22015,1.0,0.0
1121,22017,1.0,0.0
1122,22019,1.0,0.0
1123,22021,2.0,0.0
1124,22023,10.0,0.0
1125,22025,10.0,0.0
1126,22027,7.0,1.0
1127,22029,5.0,1.0
1128,22031,2.0,0.0
1129,22033,1.0,0.0
1130,22035,7.0,0.0
1131,22037,2.0,0.0
1132,22039,7.0,0.5
1133,22041,8.0,0.5
1134,22043,2.0,0.0
1135,22045,1.0,0.0
1136,22047,2.0,0.0
1137,22049,7.0,0.0
1138,22051,1.0,0.0
1139,22053,7.0,0.0
1140,22055,1.0,0.0
1141,22057,1.0,0.0
1142,22059,2.0,0.0
1143,22061,4.0,0.0
1144,22063,1.0,0.0
1145,22065,7.0,0.0
1146,22067,5.0,0.5
1147,22069,5.0,1.0
1148,22071,1.0,0.0
1149,22073,1.0,0.0
1150,22075,7.0,3.0
1151,22077,2.0,0.0
1152,22079,1.0,0.0
1153,22081,6.0,4.0
1154,22083,2.0,0.0
1155,22085,9.0,1.0
1156,22087,1.0,0.0
1157,22089,1.0,0.0
1158,22091,2.0,0.0
1159,22093,2.0,0.0
1160,22095,1.0,0.0
1161,22097,4.0,1.0
1162,22099,2.0,0.0
1163,22101,4.0,0.0
1164,22103,1.0,0.0
1165,22105,1.0,0.0
1166,22107,6.0,4.0
1167,22109,1.0,0.0
1168,22111,2.0,0.0
1169,22113,2.0,0.0
1170,22115,8.0,0.0
1171,22117,5.0,1.0
1172,22119,5.0,1.0
1173,22121,1.0,0.0
1174,22123,10.0,0.0
1175,22125,2.0,0.0
1176,22127,7.5,0.5
1177,23001,1.0,0.0
1178,23003,8.0,1.0
1179,23005,1.0,0.0
1180,23007,10.0,0.0
1181,23009,8.0,2.0
1182,23011,4.0,1.0
1183,23013,10.0,0.0
1184,23015,10.0,0.0
1185,23017,7.0,3.0
1186,23019,2.0,1.0
1187,23021,10.0,0.0
1188,23023,5.0,1.0
1189,23025,7.0,3.0
1190,23027,6.0,3.5
1191,23029,10.0,0.0
1192,23031,2.0,1.0
1193,24001,1.0,0.0
1194,24003,1.0,0.0
1195,24005,1.0,0.0
1196,24009,2.0,0.0
1197,24011,3.0,1.0
1198,24013,2.0,0.0
1199,24015,1.0,0.0
1200,24017,2.0,0.0
1201,24019,4.5,0.5
1202,24021,1.0,0.0
1203,24023,10.0,0.0
1204,24025,1.0,0.0
1205,24027,1.0,0.0
1206,24029,9.0,1.5
1207,24031,1.0,0.0
1208,24033,1.0,0.0
1209,24035,2.0,1.0
1210,24037,2.0,1.0
1211,24039,2.0,0.0
1212,24041,4.0,1.0
1213,24043,1.0,0.0
1214,24045,1.0,0.0
1215,24047,4.0,0.0
1216,24510,1.0,0.0
1217,25001,1.0,0.0
1218,25003,2.0,1.0
1219,25005,1.0,0.0
1220,25007,4.0,0.0
1221,25009,1.0,0.0
1222,25011,4.0,0.5
1223,25013,1.0,0.0
1224,25015,1.0,0.0
1225,25017,1.0,0.0
1226,25019,7.5,0.5
1227,25021,1.0,0.0
1228,25023,1.0,0.0
1229,25025,1.0,0.0
1230,25027,1.0,0.0
1231,26001,10.0,0.0
1232,26003,7.0,1.0
1233,26005,2.0,1.0
1234,26007,4.0,0.0
1235,26009,10.0,0.0
1236,26011,10.0,0.0
1237,26013,10.0,0.0
1238,26015,2.0,0.0
1239,26017,1.0,0.0
1240,26019,7.5,2.5
1241,26021,1.0,0.0
1242,26023,5.0,1.0
1243,26025,1.0,0.0
1244,26027,2.0,1.0
1245,26029,8.0,1.0
1246,26031,8.0,1.0
1247,26033,5.0,1.0
1248,26035,7.0,1.0
1249,26037,2.0,1.0
1250,26039,8.0,1.0
1251,26041,5.0,1.0
1252,26043,4.0,0.0
1253,26045,1.5,0.5
1254,26047,8.0,1.0
1255,26049,1.0,0.0
1256,26051,3.0,1.0
1257,26053,9.0,1.0
1258,26055,4.0,0.0
1259,26057,5.0,1.0
1260,26059,5.0,1.0
1261,26061,5.0,1.0
1262,26063,10.0,0.0
1263,26065,1.0,0.0
1264,26067,4.0,2.0
1265,26069,7.5,0.5
1266,26071,8.0,1.0
1267,26073,4.0,0.0
1268,26075,1.0,0.0
1269,26077,1.0,0.0
1270,26079,5.0,0.0
1271,26081,1.0,0.0
1272,26083,10.0,2.0
1273,26085,10.0,0.0
1274,26087,2.5,0.5
1275,26089,5.0,0.0
1276,26091,4.0,1.0
1277,26093,2.0,0.0
1278,26095,9.0,1.5
1279,26097,10.0,0.0
1280,26099,1.0,0.0
1281,26101,9.5,1.0
1282,26103,4.0,0.0
1283,26105,5.0,1.0
1284,26107,5.0,1.0
1285,26109,5.0,1.0
1286,26111,1.0,0.0
1287,26113,10.0,0.0
1288,26115,1.0,0.0
1289,26117,9.0,1.0
1290,26119,10.0,0.0
1291,26121,1.0,0.0
1292,26123,7.0,3.0
1293,26125,1.0,0.0
1294,26127,9.0,1.5
1295,26129,10.0,0.0
1296,26131,10.0,0.0
1297,26133,10.0,0.0
1298,26135,10.0,0.0
1299,26137,8.0,0.5
1300,26139,1.0,0.0
1301,26141,8.0,2.0
1302,26143,8.5,1.5
1303,26145,1.0,0.0
1304,26147,1.0,0.0
1305,26149,5.0,1.0
1306,26151,9.0,2.0
1307,26153,8.0,0.5
1308,26155,4.0,1.0
1309,26157,9.0,1.5
1310,26159,5.0,3.0
1311,26161,1.0,0.0
1312,26163,1.0,0.0
1313,26165,5.0,1.0
1314,27001,10.0,0.0
1315,27003,1.0,0.0
1316,27005,8.0,1.5
1317,27007,5.0,0.5
1318,27009,1.0,0.0
1319,27011,10.0,0.0
1320,27013,1.0,0.0
1321,27015,4.0,0.0
1322,27017,4.0,1.0
1323,27019,1.0,0.0
1324,27021,10.0,0.0
1325,27023,7.5,0.5
1326,27025,2.0,0.0
1327,27027,1.0,0.0
1328,27029,6.0,1.0
1329,27031,10.0,0.0
1330,27033,8.5,1.5
1331,27035,5.0,1.0
1332,27037,1.0,0.0
1333,27039,2.0,0.0
1334,27041,5.0,0.0
1335,27043,10.0,0.0
1336,27045,10.0,0.0
1337,27047,4.5,0.5
1338,27049,5.0,1.5
1339,27051,10.0,0.0
1340,27053,1.0,0.0
1341,27055,7.0,3.0
1342,27057,8.0,1.0
1343,27059,2.0,0.0
1344,27061,8.0,0.0
1345,27063,10.0,0.0
1346,27065,5.0,2.0
1347,27067,4.5,0.5
1348,27069,10.0,0.0
1349,27071,7.5,0.5
1350,27073,10.0,0.0
1351,27075,9.5,1.5
1352,27077,10.0,0.0
1353,27079,4.5,2.5
1354,27081,10.0,0.0
1355,27083,5.0,1.0
1356,27085,5.0,1.0
1357,27087,10.0,0.0
1358,27089,9.5,0.5
1359,27091,8.0,0.5
1360,27093,9.0,1.0
1361,27095,7.0,3.0
1362,27097,9.0,1.0
1363,27099,4.0,0.0
1364,27101,10.0,0.0
1365,27103,2.0,1.0
1366,27105,4.5,0.5
1367,27107,10.0,0.0
1368,27109,1.0,0.0
1369,27111,6.0,2.0
1370,27113,7.0,0.0
1371,27115,8.5,1.5
1372,27117,8.0,1.0
1373,27119,7.0,3.0
1374,27121,10.0,0.0
1375,27123,1.0,0.0
1376,27125,10.0,0.0
1377,27127,10.0,0.0
1378,27129,10.0,0.0
1379,27131,4.0,0.0
1380,27133,7.0,3.0
1381,27135,8.0,1.0
1382,27137,1.0,0.0
1383,27139,1.0,0.0
1384,27141,2.0,0.0
1385,27143,6.0,4.0
1386,27145,1.0,0.0
1387,27147,4.0,0.0
1388,27149,7.0,0.0
1389,27151,8.5,1.5
1390,27153,9.0,1.0
1391,27155,10.0,0.0
1392,27157,2.0,0.0
1393,27159,10.0,0.0
1394,27161,7.0,1.0
1395,27163,1.0,0.0
1396,27165,10.0,0.0
1397,27167,4.5,0.5
1398,27169,4.0,0.0
1399,27171,2.0,0.0
1400,27173,10.0,0.0
1401,28001,4.0,0.0
1402,28003,5.0,0.0
1403,28005,6.0,0.0
1404,28007,8.0,0.0
1405,28009,2.0,0.0
1406,28011,4.5,0.5
1407,28013,9.0,1.0
1408,28015,5.0,0.0
1409,28017,8.0,0.5
1410,28019,5.0,0.0
1411,28021,5.0,0.0
1412,28023,5.0,0.0
1413,28025,7.0,1.0
1414,28027,4.0,0.0
1415,28029,5.0,2.5
1416,28031,2.0,0.0
1417,28033,1.0,0.0
1418,28035,1.0,0.0
1419,28037,5.5,0.5
1420,28039,9.0,1.0
1421,28041,6.5,3.5
1422,28043,4.0,0.0
1423,28045,2.0,0.5
1424,28047,1.0,0.0
1425,28049,1.0,0.0
1426,28051,6.0,1.0
1427,28053,7.0,0.0
1428,28055,10.0,0.0
1429,28057,7.0,1.0
1430,28059,1.0,0.0
1431,28061,5.5,0.5
1432,28063,10.0,0.0
1433,28065,3.0,0.0
1434,28067,4.0,1.0
1435,28069,5.0,0.0
1436,28071,4.0,0.0
1437,28073,1.5,0.5
1438,28075,4.0,0.0
1439,28077,5.0,1.0
1440,28079,3.0,1.0
1441,28081,4.0,0.0
1442,28083,4.0,0.0
1443,28085,5.0,0.0
1444,28087,4.5,0.5
1445,28089,1.0,0.0
1446,28091,8.0,0.0
1447,28093,2.0,0.0
1448,28095,7.0,1.0
1449,28097,8.0,1.0
1450,28099,8.0,1.0
1451,28101,6.0,1.0
1452,28103,7.0,1.0
1453,28105,4.0,0.0
1454,28107,5.0,3.0
1455,28109,6.0,2.0
1456,28111,2.0,0.0
1457,28113,4.5,0.5
1458,28115,7.5,2.0
1459,28117,7.0,1.0
1460,28119,10.0,0.0
1461,28121,1.0,0.0
1462,28123,7.0,1.0
1463,28125,5.5,0.5
1464,28127,2.0,0.0
1465,28129,10.0,0.0
1466,28131,8.0,1.0
1467,28133,5.0,1.0
1468,28135,8.0,1.5
1469,28137,2.0,0.0
1470,28139,9.5,0.5
1471,28141,10.0,0.0
1472,28143,10.0,0.0
1473,28145,7.5,0.5
1474,28147,10.0,0.0
1475,28149,4.0,0.0
1476,28151,4.0,0.0
1477,28153,8.5,0.5
1478,28155,10.0,0.0
1479,28157,10.0,0.0
1480,28159,8.0,0.0
1481,28161,8.0,1.0
1482,28163,4.0,0.0
1483,29001,4.0,0.0
1484,29003,2.0,0.0
1485,29005,10.0,0.0
1486,29007,4.0,0.0
1487,29009,7.0,3.0
1488,29011,7.0,1.0
1489,29013,4.5,2.5
1490,29015,9.0,1.0
1491,29017,2.0,0.0
1492,29019,1.0,0.0
1493,29021,1.0,0.0
1494,29023,4.0,0.0
1495,29025,2.0,0.0
1496,29027,2.5,1.5
1497,29029,10.0,0.0
1498,29031,1.0,0.0
1499,29033,7.0,3.0
1500,29035,7.5,2.5
1501,29037,2.0,0.0
1502,29039,10.0,0.0
1503,29041,10.0,0.0
1504,29043,1.0,0.0
1505,29045,10.0,0.0
1506,29047,1.0,0.0
1507,29049,2.0,0.0
1508,29051,1.0,0.0
1509,29053,7.0,0.0
1510,29055,5.0,2.0
1511,29057,6.0,4.0
1512,29059,2.0,0.0
1513,29061,6.0,4.0
1514,29063,4.5,2.5
1515,29065,7.5,0.5
1516,29067,2.0,0.0
1517,29069,5.5,1.5
1518,29071,4.0,2.0
1519,29073,10.0,0.0
1520,29075,10.0,0.0
1521,29077,1.0,0.0
1522,29079,7.5,0.5
1523,29081,10.0,0.0
1524,29083,7.5,0.5
1525,29085,10.0,0.0
1526,29087,10.0,0.0
1527,29089,7.0,3.0
1528,29091,5.0,0.5
1529,29093,7.0,2.0
1530,29095,1.0,0.0
1531,29097,1.0,0.0
1532,29099,1.0,0.0
1533,29101,4.0,2.0
1534,29103,10.0,0.0
1535,29105,4.5,0.5
1536,29107,7.0,3.0
1537,29109,7.0,0.0
1538,29111,7.5,2.5
1539,29113,2.0,0.0
1540,29115,8.0,1.0
1541,29117,7.0,0.0
1542,29119,2.0,0.0
1543,29121,8.0,1.0
1544,29123,7.0,1.0
1545,29125,10.0,0.0
1546,29127,4.0,0.0
1547,29129,10.0,0.0
1548,29131,8.0,1.0
1549,29133,7.0,0.0
1550,29135,2.0,0.0
1551,29137,10.0,0.0
1552,29139,5.0,2.5
1553,29141,10.0,0.0
1554,29143,8.0,1.5
1555,29145,2.5,1.5
1556,29147,5.0,0.0
1557,29149,8.0,1.0
1558,29151,2.0,0.0
1559,29153,8.0,2.0
1560,29155,8.0,1.0
1561,29157,8.0,1.0
1562,29159,4.0,0.0
1563,29161,5.0,0.5
1564,29163,7.0,0.0
1565,29165,1.0,0.0
1566,29167,7.0,1.5
1567,29169,4.0,0.0
1568,29171,10.0,0.0
1569,29173,5.0,0.0
1570,29175,4.0,0.0
1571,29177,4.5,2.5
1572,29179,6.0,4.0
1573,29181,7.5,2.5
1574,29183,1.0,0.0
1575,29185,9.0,1.0
1576,29186,7.5,0.5
1577,29187,4.0,0.0
1578,29189,1.0,0.0
1579,29195,4.5,0.5
1580,29197,5.0,0.0
1581,29199,10.0,0.0
1582,29201,3.0,1.0
1583,29203,10.0,0.0
1584,29205,10.0,0.0
1585,29207,8.0,1.5
1586,29209,10.0,0.0
1587,29211,10.0,0.0
1588,29213,4.5,0.5
1589,29215,10.0,0.0
1590,29217,8.0,0.0
1591,29219,2.0,0.0
1592,29221,5.0,2.0
1593,29223,7.5,2.5
1594,29225,2.0,0.0
1595,29227,10.0,0.0
1596,29229,10.0,0.0
1597,29510,1.0,0.0
1598,30001,8.0,1.0
1599,30003,7.0,3.0
1600,30005,10.0,0.0
1601,30007,10.0,0.0
1602,30009,10.0,0.0
1603,30011,10.0,0.0
1604,30013,1.0,0.0
1605,30015,10.0,0.0
1606,30017,7.0,0.0
1607,30019,10.0,0.0
1608,30021,7.0,0.0
1609,30023,7.0,0.0
1610,30025,10.0,0.0
1611,30027,7.5,0.5
1612,30029,5.0,1.0
1613,30031,4.0,0.0
1614,30033,10.0,0.0
1615,30035,8.5,1.5
1616,30037,2.0,0.0
1617,30039,10.0,0.0
1618,30041,7.5,0.5
1619,30043,5.0,0.0
1620,30045,10.0,0.0
1621,30047,10.0,0.0
1622,30049,4.0,0.0
1623,30051,10.0,0.0
1624,30053,8.0,1.0
1625,30055,10.0,0.0
1626,30057,10.0,0.0
1627,30059,10.0,0.0
1628,30061,6.0,4.0
1629,30063,1.0,0.0
1630,30065,6.0,4.0
1631,30067,10.0,0.0
1632,30069,10.0,0.0
1633,30071,10.0,0.0
1634,30073,8.5,1.5
1635,30075,10.0,0.0
1636,30077,8.5,1.5
1637,30079,10.0,0.0
1638,30081,8.0,2.0
1639,30083,7.5,0.5
1640,30085,7.0,0.0
1641,30087,10.0,0.0
1642,30089,10.0,0.0
1643,30091,10.0,0.0
1644,30093,4.0,0.0
1645,30095,10.0,0.0
1646,30097,10.0,0.0
1647,30099,10.0,0.0
1648,30101,7.0,0.0
1649,30103,10.0,0.0
1650,30105,8.0,1.0
1651,30107,10.0,0.0
1652,30109,10.0,0.0
1653,30111,1.0,0.0
1654,31001,4.0,0.0
1655,31003,10.0,0.0
1656,31005,10.0,0.0
1657,31007,10.0,0.0
1658,31009,10.0,0.0
1659,31011,10.0,0.0
1660,31013,7.0,0.0
1661,31015,10.0,0.0
1662,31017,10.0,0.0
1663,31019,4.0,0.0
1664,31021,10.0,0.0
1665,31023,7.0,1.0
1666,31025,2.0,0.0
1667,31027,10.0,0.0
1668,31029,10.0,0.0
1669,31031,8.5,1.5
1670,31033,7.0,0.0
1671,31035,10.0,0.0
1672,31037,10.0,0.0
1673,31039,10.0,0.0
1674,31041,9.0,1.0
1675,31043,1.0,0.0
1676,31045,8.5,1.5
1677,31047,6.0,1.0
1678,31049,10.0,0.0
1679,31051,6.0,4.0
1680,31053,4.0,0.0
1681,31055,1.0,0.0
1682,31057,10.0,0.0
1683,31059,10.0,0.0
1684,31061,7.5,2.5
1685,31063,10.0,0.0
1686,31065,10.0,0.0
1687,31067,4.0,0.0
1688,31069,10.0,0.0
1689,31071,10.0,0.0
1690,31073,5.0,0.0
1691,31075,10.0,0.0
1692,31077,10.0,0.0
1693,31079,1.0,0.0
1694,31081,7.0,3.0
1695,31083,10.0,0.0
1696,31085,10.0,0.0
1697,31087,10.0,0.0
1698,31089,10.0,0.0
1699,31091,10.0,0.0
1700,31093,6.0,4.0
1701,31095,7.0,0.0
1702,31097,6.0,4.0
1703,31099,6.0,1.0
1704,31101,7.0,0.0
1705,31103,10.0,0.0
1706,31105,10.0,0.0
1707,31107,10.0,0.0
1708,31109,1.0,0.0
1709,31111,4.0,0.0
1710,31113,10.0,0.0
1711,31115,10.0,0.0
1712,31117,10.0,0.0
1713,31119,4.0,0.0
1714,31121,7.0,3.0
1715,31123,10.0,0.0
1716,31125,10.0,0.0
1717,31127,8.5,1.5
1718,31129,10.0,0.0
1719,31131,7.0,3.0
1720,31133,10.0,0.0
1721,31135,10.0,0.0
1722,31137,7.0,0.0
1723,31139,7.5,2.5
1724,31141,4.0,0.0
1725,31143,7.5,2.5
1726,31145,7.0,0.0
1727,31147,8.0,1.0
1728,31149,10.0,0.0
1729,31151,10.0,0.0
1730,31153,1.0,0.0
1731,31155,2.0,0.0
1732,31157,4.0,0.0
1733,31159,7.0,1.5
1734,31161,10.0,0.0
1735,31163,10.0,0.0
1736,31165,10.0,0.0
1737,31167,4.5,0.5
1738,31169,10.0,0.0
1739,31171,10.0,0.0
1740,31173,6.5,3.5
1741,31175,10.0,0.0
1742,31177,2.0,0.0
1743,31179,8.5,1.5
1744,31181,7.5,2.5
1745,31183,10.0,0.0
1746,31185,7.5,0.5
1747,32001,4.0,0.0
1748,32003,1.0,0.0
1749,32005,4.0,1.0
1750,32007,4.0,0.0
1751,32009,10.0,0.0
1752,32011,10.0,0.0
1753,32013,4.0,0.0
1754,32015,7.0,0.0
1755,32017,2.0,0.0
1756,32019,2.0,0.0
1757,32021,6.0,1.0
1758,32023,4.0,0.0
1759,32027,10.0,0.0
1760,32029,2.0,0.0
1761,32031,1.0,0.0
1762,32033,7.0,0.0
1763,32510,1.0,0.0
1764,33001,5.0,1.0
1765,33003,10.0,0.0
1766,33005,5.0,1.0
1767,33007,6.0,2.0
1768,33009,7.0,3.0
1769,33011,1.0,0.0
1770,33013,4.0,1.0
1771,33015,1.0,0.0
1772,33017,1.0,0.0
1773,33019,7.5,0.5
1774,34001,1.0,0.0
1775,34003,1.0,0.0
1776,34005,1.0,0.0
1777,34007,1.0,0.0
1778,34009,1.0,0.0
1779,34011,2.0,1.0
1780,34013,1.0,0.0
1781,34015,1.0,0.0
1782,34017,1.0,0.0
1783,34019,1.0,0.0
1784,34021,1.0,0.0
1785,34023,1.0,0.0
1786,34025,1.0,0.0
1787,34027,1.0,0.0
1788,34029,1.0,0.0
1789,34031,1.0,0.0
1790,34033,2.0,0.0
1791,34035,1.0,0.0
1792,34037,2.0,0.0
1793,34039,1.0,0.0
1794,34041,1.0,0.0
1795,35001,1.0,0.0
1796,35003,10.0,0.0
1797,35005,4.0,0.0
1798,35006,4.0,1.0
1799,35007,7.0,0.0
1800,35009,4.0,0.0
1801,35011,10.0,0.0
1802,35013,1.0,0.0
1803,35015,4.0,0.0
1804,35017,4.5,0.5
1805,35019,7.0,0.0
1806,35021,8.0,0.0
1807,35023,10.0,0.0
1808,35025,4.0,0.0
1809,35027,7.0,0.0
1810,35028,7.5,0.5
1811,35029,4.0,0.0
1812,35031,5.0,1.0
1813,35033,10.0,0.0
1814,35035,4.0,0.0
1815,35037,7.0,0.0
1816,35039,2.0,0.0
1817,35041,4.0,0.0
1818,35043,1.0,0.0
1819,35045,2.0,1.0
1820,35047,4.0,0.0
1821,35049,1.0,0.0
1822,35051,7.0,0.0
1823,35053,7.0,1.5
1824,35055,7.0,3.0
1825,35057,2.0,0.0
1826,35059,10.0,0.0
1827,35061,2.0,0.0
1828,36001,1.0,0.0
1829,36003,8.0,2.0
1830,36005,1.0,0.0
1831,36007,1.0,0.0
1832,36009,6.0,2.0
1833,36011,4.5,0.5
1834,36013,4.0,0.0
1835,36015,1.0,0.0
1836,36017,8.0,2.0
1837,36019,4.0,0.0
1838,36021,4.0,2.0
1839,36023,4.0,0.0
1840,36025,7.5,2.5
1841,36027,1.0,0.0
1842,36029,1.0,0.0
1843,36031,10.0,0.0
1844,36033,7.0,3.0
1845,36035,4.0,0.0
1846,36037,4.0,1.0
1847,36039,3.0,1.0
1848,36041,7.5,2.5
1849,36043,4.0,2.0
1850,36045,1.5,0.5
1851,36047,1.0,0.0
1852,36049,7.0,3.0
1853,36051,3.0,1.0
1854,36053,4.0,2.0
1855,36055,1.0,0.0
1856,36057,2.0,0.0
1857,36059,1.0,0.0
1858,36061,1.0,0.0
1859,36063,1.0,0.0
1860,36065,1.0,0.0
1861,36067,1.0,0.0
1862,36069,2.0,1.0
1863,36071,1.0,0.0
1864,36073,7.0,3.0
1865,36075,4.0,1.0
1866,36077,5.0,2.0
1867,36079,1.0,0.0
1868,36081,1.0,0.0
1869,36083,1.0,0.0
1870,36085,1.0,0.0
1871,36087,1.0,0.0
1872,36089,7.0,2.0
1873,36091,1.0,0.0
1874,36093,1.0,0.0
1875,36095,2.0,0.0
1876,36097,9.0,1.0
1877,36099,4.0,0.5
1878,36101,5.0,1.0
1879,36103,1.0,0.0
1880,36105,8.0,2.0
1881,36107,2.0,1.0
1882,36109,1.0,0.0
1883,36111,1.0,0.0
1884,36113,1.0,0.0
1885,36115,3.0,2.0
1886,36117,2.0,1.0
1887,36119,1.0,0.0
1888,36121,7.0,3.0
1889,36123,7.0,0.0
1890,37001,1.0,0.0
1891,37003,2.0,0.0
1892,37005,10.0,0.0
1893,37007,2.0,0.0
1894,37009,8.0,0.0
1895,37011,10.0,0.0
1896,37013,5.0,1.0
1897,37015,9.0,0.5
1898,37017,8.5,1.5
1899,37019,2.0,1.0
1900,37021,1.0,0.0
1901,37023,1.0,0.0
1902,37025,1.0,0.0
1903,37027,1.0,0.0
1904,37029,2.0,0.0
1905,37031,4.0,0.0
1906,37033,4.0,1.5
1907,37035,1.0,0.0
1908,37037,7.0,2.0
1909,37039,10.0,0.0
1910,37041,10.0,0.0
1911,37043,10.0,0.0
1912,37045,4.0,1.0
1913,37047,3.0,1.0
1914,37049,1.0,0.0
1915,37051,1.0,0.0
1916,37053,3.5,1.5
1917,37055,7.0,3.0
1918,37057,1.0,0.0
1919,37059,2.0,1.0
1920,37061,10.0,0.0
1921,37063,1.0,0.0
1922,37065,3.0,1.5
1923,37067,1.0,0.0
1924,37069,2.0,0.0
1925,37071,1.0,0.0
1926,37073,2.0,0.0
1927,37075,10.0,0.0
1928,37077,4.0,2.0
1929,37079,2.5,0.5
1930,37081,1.0,0.0
1931,37083,4.5,0.5
1932,37085,2.0,1.0
1933,37087,1.0,0.0
1934,37089,1.0,0.0
1935,37091,7.0,0.0
1936,37093,2.0,1.0
1937,37095,10.0,0.0
1938,37097,1.0,0.0
1939,37099,4.0,1.0
1940,37101,2.0,1.0
1941,37103,2.0,0.0
1942,37105,4.0,0.0
1943,37107,4.0,0.0
1944,37109,2.0,1.0
1945,37111,4.0,1.0
1946,37113,8.0,0.0
1947,37115,2.0,0.0
1948,37117,7.0,1.0
1949,37119,1.0,0.0
1950,37121,10.0,0.0
1951,37123,9.0,1.0
1952,37125,4.0,0.5
1953,37127,1.0,0.0
1954,37129,1.0,0.0
1955,37131,5.0,0.0
1956,37133,1.0,0.0
1957,37135,1.0,0.0
1958,37137,10.0,8.0
1959,37139,4.0,0.0
1960,37141,2.0,0.0
1961,37143,8.0,2.0
1962,37145,2.0,0.0
1963,37147,1.0,0.0
1964,37149,2.0,0.0
1965,37151,4.0,1.0
1966,37153,4.0,0.0
1967,37155,4.0,1.0
1968,37157,4.0,1.0
1969,37159,1.0,0.0
1970,37161,5.0,1.0
1971,37163,8.0,1.0
1972,37165,4.0,0.0
1973,37167,4.0,1.0
1974,37169,2.0,0.0
1975,37171,4.0,1.0
1976,37173,10.0,0.0
1977,37175,2.0,0.0
1978,37177,10.0,0.0
1979,37179,1.0,0.0
1980,37181,4.0,0.0
1981,37183,1.0,0.0
1982,37185,7.5,2.5
1983,37187,10.0,0.0
1984,37189,5.0,1.0
1985,37191,1.0,0.0
1986,37193,5.0,1.0
1987,37195,4.0,0.0
1988,37197,2.0,0.0
1989,37199,2.0,0.0
1990,38001,10.0,0.0
1991,38003,7.5,0.5
1992,38005,10.0,0.0
1993,38007,10.0,0.0
1994,38009,10.0,0.0
1995,38011,10.0,0.0
1996,38013,10.0,0.0
1997,38015,1.0,0.0
1998,38017,1.0,0.0
1999,38019,10.0,0.0
2000,38021,10.0,0.0
2001,38023,10.0,0.0
2002,38025,10.0,0.0
2003,38027,10.0,0.0
2004,38029,10.0,0.0
2005,38031,10.0,0.0
2006,38033,10.0,0.0
2007,38035,1.0,0.0
2008,38037,10.0,0.0
2009,38039,10.0,0.0
2010,38041,10.0,0.0
2011,38043,10.0,0.0
2012,38045,10.0,0.0
2013,38047,10.0,0.0
2014,38049,5.0,0.0
2015,38051,10.0,0.0
2016,38053,10.0,0.0
2017,38055,10.0,0.0
2018,38057,10.0,0.0
2019,38059,1.0,0.0
2020,38061,10.0,0.0
2021,38063,10.0,0.0
2022,38065,10.0,0.0
2023,38067,10.0,0.0
2024,38069,7.0,0.0
2025,38071,7.0,0.0
2026,38073,10.0,0.0
2027,38075,10.0,0.0
2028,38077,4.5,1.5
2029,38079,10.0,0.0
2030,38081,10.0,0.0
2031,38083,10.0,0.0
2032,38085,10.0,0.0
2033,38087,10.0,0.0
2034,38089,4.0,0.0
2035,38091,10.0,0.0
2036,38093,4.0,0.0
2037,38095,10.0,0.0
2038,38097,10.0,0.0
2039,38099,9.0,1.0
2040,38101,4.0,0.0
2041,38103,10.0,0.0
2042,38105,4.0,0.0
2043,39001,8.0,2.0
2044,39003,1.0,0.0
2045,39005,4.0,0.0
2046,39007,4.0,0.5
2047,39009,4.0,1.0
2048,39011,7.0,1.0
2049,39013,1.0,0.0
2050,39015,2.0,0.0
2051,39017,1.0,0.0
2052,39019,3.0,1.0
2053,39021,5.0,1.0
2054,39023,1.0,0.0
2055,39025,1.0,0.0
2056,39027,5.0,0.0
2057,39029,4.0,0.5
2058,39031,4.5,0.5
2059,39033,4.0,0.0
2060,39035,1.0,0.0
2061,39037,4.5,1.5
2062,39039,5.0,1.0
2063,39041,1.0,0.0
2064,39043,4.0,0.0
2065,39045,3.0,1.0
2066,39047,4.0,0.0
2067,39049,1.0,0.0
2068,39051,3.0,2.0
2069,39053,5.0,1.0
2070,39055,2.0,0.0
2071,39057,1.0,0.0
2072,39059,4.5,0.5
2073,39061,1.0,0.0
2074,39063,4.0,0.0
2075,39065,7.0,1.0
2076,39067,5.0,2.0
2077,39069,8.0,1.0
2078,39071,7.0,1.0
2079,39073,7.0,2.0
2080,39075,10.0,0.0
2081,39077,6.0,2.0
2082,39079,5.0,1.0
2083,39081,1.0,0.0
2084,39083,4.5,0.5
2085,39085,1.0,0.0
2086,39087,1.0,0.0
2087,39089,1.0,0.0
2088,39091,6.0,1.0
2089,39093,1.0,0.0
2090,39095,1.0,0.0
2091,39097,2.0,0.0
2092,39099,1.0,0.0
2093,39101,4.0,0.0
2094,39103,1.0,0.0
2095,39105,6.5,0.5
2096,39107,7.0,3.0
2097,39109,2.0,1.0
2098,39111,8.0,2.0
2099,39113,1.0,0.0
2100,39115,8.0,1.5
2101,39117,2.0,0.0
2102,39119,4.0,0.0
2103,39121,7.0,2.0
2104,39123,4.0,2.0
2105,39125,6.0,1.0
2106,39127,5.5,2.0
2107,39129,2.0,1.0
2108,39131,8.0,1.0
2109,39133,1.0,0.0
2110,39135,5.0,2.5
2111,39137,10.0,0.0
2112,39139,1.0,0.0
2113,39141,5.0,1.0
2114,39143,4.0,1.0
2115,39145,4.0,0.0
2116,39147,4.0,0.0
2117,39149,4.5,0.5
2118,39151,1.0,0.0
2119,39153,1.0,0.0
2120,39155,1.0,0.0
2121,39157,4.0,0.0
2122,39159,2.0,0.0
2123,39161,5.0,1.0
2124,39163,6.0,0.0
2125,39165,1.0,0.0
2126,39167,4.0,1.0
2127,39169,5.0,1.0
2128,39171,9.0,1.0
2129,39173,2.0,1.0
2130,39175,8.0,1.0
2131,40001,7.0,2.0
2132,40003,10.0,0.0
2133,40005,10.0,0.0
2134,40007,10.0,0.0
2135,40009,5.5,1.5
2136,40011,10.0,0.0
2137,40013,4.0,0.0
2138,40015,8.0,2.0
2139,40017,1.0,0.0
2140,40019,5.0,1.0
2141,40021,5.0,1.0
2142,40023,8.0,0.0
2143,40025,10.0,0.0
2144,40027,1.0,0.0
2145,40029,7.5,2.5
2146,40031,1.0,0.0
2147,40033,2.0,0.0
2148,40035,8.0,1.0
2149,40037,1.0,0.0
2150,40039,7.0,3.0
2151,40041,9.0,1.0
2152,40043,10.0,0.0
2153,40045,10.0,0.0
2154,40047,4.0,0.0
2155,40049,8.0,2.0
2156,40051,4.0,1.0
2157,40053,7.5,2.5
2158,40055,8.5,1.5
2159,40057,10.0,0.0
2160,40059,10.0,0.0
2161,40061,8.5,1.0
2162,40063,8.0,1.0
2163,40065,4.0,0.0
2164,40067,10.0,0.0
2165,40069,10.0,0.0
2166,40071,4.0,0.0
2167,40073,7.5,1.5
2168,40075,10.0,0.0
2169,40077,8.0,0.0
2170,40079,7.0,1.5
2171,40081,6.0,3.0
2172,40083,2.0,1.0
2173,40085,10.0,0.0
2174,40087,2.0,0.0
2175,40089,8.0,0.5
2176,40091,6.5,2.5
2177,40093,10.0,0.0
2178,40095,8.5,1.0
2179,40097,3.0,1.0
2180,40099,7.0,0.0
2181,40101,4.0,0.0
2182,40103,6.0,1.0
2183,40105,6.5,1.5
2184,40107,7.5,1.5
2185,40109,1.0,0.0
2186,40111,4.0,0.5
2187,40113,2.0,0.0
2188,40115,4.0,0.0
2189,40117,2.0,0.0
2190,40119,4.0,0.0
2191,40121,5.0,1.0
2192,40123,4.5,0.5
2193,40125,4.0,0.0
2194,40127,10.0,0.0
2195,40129,10.0,0.0
2196,40131,2.0,1.0
2197,40133,7.0,1.0
2198,40135,2.0,0.0
2199,40137,4.0,0.0
2200,40139,5.0,1.0
2201,40141,7.0,3.0
2202,40143,1.0,0.0
2203,40145,1.0,0.0
2204,40147,4.0,0.0
2205,40149,6.0,1.0
2206,40151,7.0,0.0
2207,40153,4.0,0.0
2208,41001,7.0,0.0
2209,41003,1.0,0.0
2210,41005,1.0,0.0
2211,41007,6.0,1.5
2212,41009,2.0,0.0
2213,41011,4.0,0.0
2214,41013,4.0,0.0
2215,41015,5.5,1.5
2216,41017,1.5,0.5
2217,41019,5.0,1.0
2218,41021,10.0,0.0
2219,41023,10.0,0.0
2220,41025,8.5,1.5
2221,41027,7.0,3.0
2222,41029,1.0,0.0
2223,41031,8.0,1.5
2224,41033,1.5,0.5
2225,41035,4.0,0.0
2226,41037,8.5,1.5
2227,41039,1.0,0.0
2228,41041,4.0,0.0
2229,41043,2.0,1.0
2230,41045,7.5,2.5
2231,41047,1.0,0.0
2232,41049,8.5,1.5
2233,41051,1.0,0.0
2234,41053,4.0,0.0
2235,41055,10.0,0.0
2236,41057,8.0,1.0
2237,41059,4.0,0.0
2238,41061,4.0,0.0
2239,41063,10.0,0.0
2240,41065,4.0,0.0
2241,41067,1.0,0.0
2242,41069,10.0,0.0
2243,41071,4.0,0.0
2244,42001,2.0,1.0
2245,42003,1.0,0.0
2246,42005,4.0,2.0
2247,42007,1.0,0.0
2248,42009,7.0,3.0
2249,42011,1.0,0.0
2250,42013,1.0,0.0
2251,42015,6.0,3.0
2252,42017,1.0,0.0
2253,42019,3.5,1.5
2254,42021,1.0,0.0
2255,42023,7.5,0.5
2256,42025,2.0,1.0
2257,42027,1.0,0.0
2258,42029,1.0,0.0
2259,42031,10.0,0.0
2260,42033,4.0,1.0
2261,42035,4.0,0.0
2262,42037,1.0,0.0
2263,42039,5.0,1.0
2264,42041,1.0,0.0
2265,42043,1.0,0.0
2266,42045,1.0,0.0
2267,42047,8.0,0.0
2268,42049,1.0,0.0
2269,42051,1.0,0.0
2270,42053,10.0,0.0
2271,42055,1.0,0.0
2272,42057,10.0,0.0
2273,42059,2.0,0.0
2274,42061,4.5,1.5
2275,42063,4.0,1.0
2276,42065,7.0,1.0
2277,42067,2.0,0.0
2278,42069,1.0,0.0
2279,42071,1.0,0.0
2280,42073,4.0,0.0
2281,42075,1.0,0.0
2282,42077,1.0,0.0
2283,42079,1.0,0.0
2284,42081,1.0,0.0
2285,42083,5.5,1.5
2286,42085,2.0,1.0
2287,42087,4.0,0.0
2288,42089,2.0,1.0
2289,42091,1.0,0.0
2290,42093,1.5,0.5
2291,42095,1.0,0.0
2292,42097,4.0,0.0
2293,42099,2.0,0.0
2294,42101,1.0,0.0
2295,42103,3.0,1.0
2296,42105,10.0,0.0
2297,42107,4.0,0.0
2298,42109,5.0,1.0
2299,42111,5.0,1.0
2300,42113,6.5,3.5
2301,42115,2.0,0.0
2302,42117,10.0,0.0
2303,42119,4.5,0.5
2304,42121,5.0,1.0
2305,42123,5.0,1.0
2306,42125,1.0,0.0
2307,42127,3.0,1.0
2308,42129,1.0,0.0
2309,42131,2.0,0.0
2310,42133,1.0,0.0
2311,44001,1.0,0.0
2312,44003,1.0,0.0
2313,44005,1.0,0.0
2314,44007,1.0,0.0
2315,44009,1.0,0.0
2316,45001,4.5,1.0
2317,45003,1.0,0.0
2318,45005,3.0,1.0
2319,45007,1.0,0.0
2320,45009,7.0,1.0
2321,45011,8.0,1.5
2322,45013,2.0,1.0
2323,45015,1.0,0.0
2324,45017,2.0,0.0
2325,45019,1.0,0.0
2326,45021,4.0,1.0
2327,45023,3.0,0.0
2328,45025,4.0,2.0
2329,45027,2.5,0.5
2330,45029,4.5,2.5
2331,45031,2.0,1.0
2332,45033,8.0,0.5
2333,45035,1.0,0.0
2334,45037,2.0,0.0
2335,45039,2.0,0.0
2336,45041,1.0,0.0
2337,45043,4.0,2.0
2338,45045,1.0,0.0
2339,45047,4.0,0.0
2340,45049,2.0,0.0
2341,45051,1.0,0.0
2342,45053,2.0,0.0
2343,45055,2.0,1.0
2344,45057,4.0,1.0
2345,45059,4.0,1.0
2346,45061,6.0,4.0
2347,45063,1.0,0.0
2348,45065,5.0,0.0
2349,45067,7.0,0.0
2350,45069,5.0,1.0
2351,45071,4.5,0.5
2352,45073,5.0,0.0
2353,45075,4.0,0.5
2354,45077,1.0,0.0
2355,45079,1.0,0.0
2356,45081,6.0,0.0
2357,45083,1.0,0.0
2358,45085,1.0,0.0
2359,45087,4.0,1.0
2360,45089,8.0,2.0
2361,45091,1.0,0.0
2362,46003,10.0,0.0
2363,46005,4.0,0.0
2364,46007,10.0,0.0
2365,46009,10.0,0.0
2366,46011,4.0,0.0
2367,46013,4.0,0.0
2368,46015,10.0,0.0
2369,46017,10.0,0.0
2370,46019,8.5,1.5
2371,46021,10.0,0.0
2372,46023,10.0,0.0
2373,46025,10.0,0.0
2374,46027,4.0,0.0
2375,46029,4.0,0.0
2376,46031,10.0,0.0
2377,46033,6.0,4.0
2378,46035,4.0,0.0
2379,46037,10.0,0.0
2380,46039,10.0,0.0
2381,46041,8.5,1.5
2382,46043,10.0,0.0
2383,46045,7.5,2.5
2384,46047,7.5,0.5
2385,46049,10.0,0.0
2386,46051,8.5,1.5
2387,46053,10.0,0.0
2388,46055,10.0,0.0
2389,46057,10.0,0.0
2390,46059,10.0,0.0
2391,46061,5.0,0.0
2392,46063,10.0,0.0
2393,46065,4.0,0.0
2394,46067,10.0,0.0
2395,46069,10.0,0.0
2396,46071,10.0,0.0
2397,46073,10.0,0.0
2398,46075,10.0,0.0
2399,46077,10.0,0.0
2400,46079,8.0,0.0
2401,46081,4.0,0.0
2402,46083,2.0,0.0
2403,46085,10.0,0.0
2404,46087,6.0,4.0
2405,46089,10.0,0.0
2406,46091,10.0,0.0
2407,46093,7.0,0.0
2408,46095,10.0,0.0
2409,46097,10.0,0.0
2410,46099,1.0,0.0
2411,46101,6.5,3.5
2412,46103,1.0,0.0
2413,46105,10.0,0.0
2414,46107,10.0,0.0
2415,46109,10.0,0.0
2416,46111,10.0,0.0
2417,46113,10.0,0.0
2418,46115,10.0,0.0
2419,46117,4.0,0.0
2420,46119,10.0,0.0
2421,46121,6.0,4.0
2422,46123,8.5,1.5
2423,46125,10.0,0.0
2424,46127,10.0,0.0
2425,46129,8.5,1.5
2426,46135,4.0,0.0
2427,46137,10.0,0.0
2428,47001,1.0,0.0
2429,47003,5.0,0.0
2430,47005,8.0,1.0
2431,47007,5.0,3.0
2432,47009,1.0,0.0
2433,47011,1.0,0.0
2434,47013,2.0,0.0
2435,47015,2.0,0.0
2436,47017,9.5,0.5
2437,47019,1.0,0.0
2438,47021,2.0,0.0
2439,47023,7.0,1.0
2440,47025,8.0,1.0
2441,47027,5.5,0.5
2442,47029,5.0,0.0
2443,47031,4.0,0.0
2444,47033,2.0,0.0
2445,47035,5.0,0.0
2446,47037,1.0,0.0
2447,47039,9.5,0.5
2448,47041,7.5,1.0
2449,47043,4.0,0.5
2450,47045,4.5,0.5
2451,47047,2.0,0.0
2452,47049,10.0,0.0
2453,47051,5.0,0.0
2454,47053,7.0,0.5
2455,47055,7.0,1.0
2456,47057,2.0,0.0
2457,47059,5.0,0.0
2458,47061,5.5,1.5
2459,47063,1.0,0.0
2460,47065,1.0,0.0
2461,47067,2.0,0.0
2462,47069,7.0,2.0
2463,47071,8.0,1.0
2464,47073,2.0,1.0
2465,47075,7.0,0.5
2466,47077,8.0,0.0
2467,47079,5.0,0.0
2468,47081,8.0,2.0
2469,47083,2.0,0.0
2470,47085,8.0,1.0
2471,47087,5.0,0.0
2472,47089,2.0,1.0
2473,47091,10.0,0.0
2474,47093,1.0,0.0
2475,47095,7.5,2.5
2476,47097,7.0,0.0
2477,47099,5.0,0.0
2478,47101,7.5,0.5
2479,47103,8.0,0.0
2480,47105,1.0,0.0
2481,47107,4.0,0.5
2482,47109,9.0,1.0
2483,47111,7.5,1.5
2484,47113,1.0,0.0
2485,47115,4.5,2.5
2486,47117,4.0,0.5
2487,47119,4.0,0.0
2488,47121,3.0,0.0
2489,47123,7.0,0.0
2490,47125,1.0,0.0
2491,47127,5.5,0.5
2492,47129,2.0,0.0
2493,47131,5.0,0.5
2494,47133,5.0,0.0
2495,47135,6.0,4.0
2496,47137,10.0,0.0
2497,47139,2.0,0.0
2498,47141,4.0,0.0
2499,47143,4.0,0.5
2500,47145,2.0,0.0
2501,47147,2.0,1.0
2502,47149,1.0,0.0
2503,47151,7.0,3.0
2504,47153,2.0,0.0
2505,47155,4.0,1.0
2506,47157,1.0,0.0
2507,47159,7.0,2.0
2508,47161,3.0,1.0
2509,47163,1.0,0.0
2510,47165,1.0,0.0
2511,47167,2.0,0.0
2512,47169,2.5,0.5
2513,47171,4.5,2.5
2514,47173,2.0,0.0
2515,47175,5.0,0.0
2516,47177,5.0,1.0
2517,47179,1.0,0.0
2518,47181,10.0,0.0
2519,47183,5.0,1.0
2520,47185,6.5,0.5
2521,47187,1.0,0.0
2522,47189,2.0,1.0
2523,48001,5.0,1.0
2524,48003,4.0,0.0
2525,48005,4.0,0.0
2526,48007,4.0,0.0
2527,48009,2.0,0.0
2528,48011,2.0,0.0
2529,48013,2.0,0.0
2530,48015,7.5,0.5
2531,48017,7.0,0.0
2532,48019,2.0,0.0
2533,48021,2.0,0.0
2534,48023,10.0,0.0
2535,48025,4.0,0.0
2536,48027,1.0,0.0
2537,48029,1.0,0.0
2538,48031,6.5,3.5
2539,48033,10.0,0.0
2540,48035,3.0,1.0
2541,48037,1.0,0.0
2542,48039,1.0,0.0
2543,48041,1.0,0.0
2544,48043,7.0,0.0
2545,48045,10.0,0.0
2546,48047,7.5,0.5
2547,48049,4.0,0.0
2548,48051,2.0,0.0
2549,48053,7.0,1.5
2550,48055,2.0,0.0
2551,48057,4.5,0.5
2552,48059,2.0,0.0
2553,48061,1.0,0.0
2554,48063,8.0,0.0
2555,48065,6.0,4.0
2556,48067,7.0,1.0
2557,48069,8.0,1.0
2558,48071,2.0,0.0
2559,48073,4.5,0.5
2560,48075,7.5,0.5
2561,48077,2.0,0.0
2562,48079,10.0,0.0
2563,48081,6.0,4.0
2564,48083,10.0,0.0
2565,48085,1.0,0.0
2566,48087,10.0,0.0
2567,48089,7.0,2.0
2568,48091,1.0,0.0
2569,48093,9.0,1.0
2570,48095,2.0,0.0
2571,48097,4.0,0.5
2572,48099,1.0,0.0
2573,48101,10.0,0.0
2574,48103,7.0,0.0
2575,48105,7.0,0.0
2576,48107,2.0,0.0
2577,48109,10.0,0.0
2578,48111,8.5,1.5
2579,48113,1.0,0.0
2580,48115,4.0,0.0
2581,48117,4.0,0.0
2582,48119,9.0,1.0
2583,48121,1.0,0.0
2584,48123,7.0,0.0
2585,48125,10.0,0.0
2586,48127,7.5,0.5
2587,48129,10.0,0.0
2588,48131,10.0,0.0
2589,48133,10.0,0.0
2590,48135,1.0,0.0
2591,48137,10.0,0.0
2592,48139,1.0,0.0
2593,48141,1.0,0.0
2594,48143,4.5,0.5
2595,48145,2.0,0.0
2596,48147,7.0,3.0
2597,48149,9.0,1.0
2598,48151,7.5,2.5
2599,48153,6.0,1.0
2600,48155,5.0,0.0
2601,48157,1.0,0.0
2602,48159,8.0,1.0
2603,48161,8.0,1.0
2604,48163,7.0,0.0
2605,48165,10.0,0.0
2606,48167,2.0,1.0
2607,48169,7.0,0.0
2608,48171,4.0,0.0
2609,48173,10.0,0.0
2610,48175,6.0,4.0
2611,48177,8.0,1.5
2612,48179,4.0,0.0
2613,48181,1.0,0.0
2614,48183,1.0,0.0
2615,48185,2.0,0.0
2616,48187,1.0,0.0
2617,48189,4.0,0.0
2618,48191,10.0,0.0
2619,48193,7.0,2.0
2620,48195,8.5,1.5
2621,48197,10.0,0.0
2622,48199,2.0,0.0
2623,48201,1.0,0.0
2624,48203,4.0,1.0
2625,48205,7.0,0.0
2626,48207,8.0,1.0
2627,48209,1.0,0.0
2628,48211,7.0,0.0
2629,48213,4.0,2.0
2630,48215,1.0,0.0
2631,48217,3.0,1.0
2632,48219,4.0,2.0
2633,48221,4.0,0.0
2634,48223,5.0,1.0
2635,48225,7.0,1.0
2636,48227,4.0,0.0
2637,48229,2.0,0.0
2638,48231,4.0,2.0
2639,48233,4.0,0.0
2640,48235,2.0,0.0
2641,48237,7.0,0.0
2642,48239,2.0,0.0
2643,48241,7.5,1.0
2644,48243,10.0,0.0
2645,48245,1.0,0.0
2646,48247,7.0,0.0
2647,48249,4.0,0.0
2648,48251,2.0,1.0
2649,48253,8.5,1.5
2650,48255,7.0,1.5
2651,48257,2.0,0.0
2652,48259,2.0,0.0
2653,48261,54.5,44.5
2654,48263,10.0,0.0
2655,48265,4.0,0.0
2656,48267,7.5,0.5
2657,48269,10.0,0.0
2658,48271,7.0,0.0
2659,48273,4.0,0.0
2660,48275,10.0,0.0
2661,48277,4.0,0.0
2662,48279,7.0,2.0
2663,48281,7.0,2.0
2664,48283,7.0,0.0
2665,48285,10.0,0.0
2666,48287,7.5,0.5
2667,48289,10.0,0.0
2668,48291,2.0,0.0
2669,48293,7.0,0.5
2670,48295,10.0,0.0
2671,48297,6.0,4.0
2672,48299,7.5,0.5
2673,48301,2.0,0.0
2674,48303,1.0,0.0
2675,48305,2.0,0.0
2676,48307,8.0,0.0
2677,48309,1.0,0.0
2678,48311,10.0,0.0
2679,48313,8.0,1.5
2680,48315,6.0,4.0
2681,48317,2.0,0.0
2682,48319,10.0,0.0
2683,48321,4.0,1.0
2684,48323,4.0,0.0
2685,48325,2.0,0.0
2686,48327,10.0,0.0
2687,48329,1.0,0.0
2688,48331,7.0,1.0
2689,48333,10.0,0.0
2690,48335,7.5,0.5
2691,48337,7.5,0.5
2692,48339,1.0,0.0
2693,48341,4.5,0.5
2694,48343,7.0,1.0
2695,48345,10.0,0.0
2696,48347,4.0,0.0
2697,48349,4.0,0.5
2698,48351,2.0,0.0
2699,48353,4.0,0.0
2700,48355,1.0,0.0
2701,48357,7.0,0.0
2702,48359,10.0,0.0
2703,48361,1.0,0.0
2704,48363,4.0,0.0
2705,48365,6.5,2.5
2706,48367,2.0,1.0
2707,48369,8.5,1.5
2708,48371,7.0,0.0
2709,48373,7.0,3.0
2710,48375,1.0,0.0
2711,48377,8.5,1.5
2712,48379,3.0,0.0
2713,48381,1.0,0.0
2714,48383,7.0,0.0
2715,48385,10.0,0.0
2716,48387,5.0,1.0
2717,48389,4.0,0.0
2718,48391,8.5,1.5
2719,48393,10.0,0.0
2720,48395,2.0,0.0
2721,48397,1.0,0.0
2722,48399,7.0,1.5
2723,48401,4.0,1.0
2724,48403,10.0,0.0
2725,48405,10.0,0.0
2726,48407,2.0,0.0
2727,48409,3.0,1.5
2728,48411,7.5,0.5
2729,48413,10.0,0.0
2730,48415,4.0,0.0
2731,48417,10.0,0.0
2732,48419,7.5,2.0
2733,48421,10.0,0.0
2734,48423,1.0,0.0
2735,48425,2.0,0.0
2736,48427,4.0,0.0
2737,48429,7.0,0.0
2738,48431,10.0,0.0
2739,48433,10.0,0.0
2740,48435,7.0,0.0
2741,48437,5.0,2.0
2742,48439,1.0,0.0
2743,48441,1.0,0.0
2744,48443,10.0,0.0
2745,48445,7.0,0.0
2746,48447,10.0,0.0
2747,48449,4.0,0.0
2748,48451,1.0,0.0
2749,48453,1.0,0.0
2750,48455,5.0,0.0
2751,48457,7.0,3.0
2752,48459,2.0,0.0
2753,48461,10.0,0.0
2754,48463,4.0,0.0
2755,48465,4.0,0.0
2756,48467,2.0,0.0
2757,48469,1.0,0.0
2758,48471,4.0,0.0
2759,48473,2.0,0.0
2760,48475,7.0,0.0
2761,48477,4.0,0.0
2762,48479,1.0,0.0
2763,48481,5.0,2.0
2764,48483,10.0,0.0
2765,48485,1.0,0.0
2766,48487,4.0,0.0
2767,48489,2.0,0.0
2768,48491,1.0,0.0
2769,48493,2.0,0.0
2770,48495,7.0,0.0
2771,48497,3.0,1.0
2772,48499,9.5,0.5
2773,48501,8.5,1.5
2774,48503,7.0,0.0
2775,48505,4.0,0.0
2776,48507,7.0,0.5
2777,49001,8.5,1.5
2778,49003,1.0,0.0
2779,49005,1.0,0.0
2780,49007,4.0,0.0
2781,49009,10.0,0.0
2782,49011,1.0,0.0
2783,49013,8.0,1.0
2784,49015,10.0,0.0
2785,49017,10.0,0.0
2786,49019,7.0,0.0
2787,49021,4.0,0.0
2788,49023,4.5,2.5
2789,49025,7.5,0.5
2790,49027,8.0,1.0
2791,49029,2.0,0.0
2792,49031,10.0,0.0
2793,49033,10.0,0.0
2794,49035,1.0,0.0
2795,49037,8.5,1.5
2796,49039,7.0,0.0
2797,49041,8.0,1.0
2798,49043,4.0,2.0
2799,49045,4.0,0.0
2800,49047,4.0,0.0
2801,49049,1.0,0.0
2802,49051,4.0,0.0
2803,49053,1.0,0.0
2804,49055,10.0,0.0
2805,49057,1.0,0.0
2806,50001,7.0,3.0
2807,50003,5.5,1.5
2808,50005,8.0,1.0
2809,50007,1.0,0.0
2810,50009,10.0,0.0
2811,50011,7.5,0.5
2812,50013,2.0,0.0
2813,50015,10.0,0.0
2814,50017,10.0,0.0
2815,50019,10.0,0.0
2816,50021,5.0,1.0
2817,50023,5.0,1.0
2818,50025,10.0,0.0
2819,50027,9.5,0.5
2820,51001,10.0,0.0
2821,51003,1.0,0.0
2822,51005,7.0,0.0
2823,51007,2.0,0.0
2824,51009,1.0,0.0
2825,51011,2.0,0.0
2826,51013,1.0,0.0
2827,51015,2.0,0.0
2828,51017,10.0,0.0
2829,51019,2.0,0.0
2830,51021,4.0,2.0
2831,51023,2.0,0.0
2832,51025,7.0,3.0
2833,51027,10.0,0.0
2834,51029,2.0,0.0
2835,51031,2.0,0.5
2836,51033,2.0,0.0
2837,51035,8.0,2.0
2838,51036,2.0,0.0
2839,51037,10.0,0.0
2840,51041,1.0,0.0
2841,51043,2.0,0.0
2842,51045,2.0,0.0
2843,51047,4.5,0.5
2844,51049,5.0,3.0
2845,51051,8.0,1.0
2846,51053,2.0,0.0
2847,51057,2.0,0.0
2848,51059,1.0,0.0
2849,51061,2.0,0.0
2850,51063,2.0,0.0
2851,51065,2.0,0.0
2852,51067,2.0,0.0
2853,51069,1.0,0.0
2854,51071,2.0,0.0
2855,51073,2.0,0.0
2856,51075,2.0,0.0
2857,51077,8.0,0.0
2858,51079,2.0,0.0
2859,51081,8.0,0.0
2860,51083,8.0,0.0
2861,51085,1.0,0.0
2862,51087,1.0,0.0
2863,51089,4.0,0.0
2864,51091,10.0,0.0
2865,51093,2.0,0.0
2866,51095,1.0,0.0
2867,51097,2.5,0.5
2868,51099,8.0,1.0
2869,51101,2.0,0.0
2870,51103,10.0,0.0
2871,51105,9.5,0.5
2872,51107,1.0,0.0
2873,51109,2.5,0.5
2874,51111,3.0,1.0
2875,51113,4.5,1.5
2876,51115,2.0,0.0
2877,51117,9.0,1.0
2878,51119,10.0,0.0
2879,51121,1.0,0.0
2880,51125,2.0,0.0
2881,51127,2.0,0.0
2882,51131,10.0,0.0
2883,51133,10.0,0.0
2884,51135,2.0,0.0
2885,51137,7.0,3.0
2886,51139,7.0,0.0
2887,51141,5.5,0.5
2888,51143,5.0,0.0
2889,51145,2.0,0.0
2890,51147,7.0,0.0
2891,51149,1.0,0.0
2892,51153,1.0,0.0
2893,51155,4.0,0.0
2894,51157,6.0,4.0
2895,51159,10.0,0.0
2896,51161,1.0,0.0
2897,51163,9.5,0.5
2898,51165,2.0,0.0
2899,51167,2.0,0.0
2900,51169,2.0,0.0
2901,51171,7.0,3.0
2902,51173,9.0,1.0
2903,51175,9.0,1.0
2904,51177,1.0,0.0
2905,51179,1.0,0.0
2906,51181,3.0,0.0
2907,51183,2.0,0.0
2908,51185,7.0,2.0
2909,51187,4.0,0.5
2910,51191,2.0,0.0
2911,51193,8.5,1.5
2912,51195,7.0,2.0
2913,51197,7.5,0.5
2914,51199,1.0,0.0
2915,51510,1.0,0.0
2916,51515,7.0,0.0
2917,51520,1.0,0.0
2918,51530,7.0,0.0
2919,51540,1.0,0.0
2920,51550,1.0,0.0
2921,51570,1.0,0.0
2922,51580,7.0,0.0
2923,51590,4.0,0.0
2924,51595,7.0,0.0
2925,51600,1.0,0.0
2926,51610,1.0,0.0
2927,51620,7.0,0.0
2928,51630,1.0,0.0
2929,51640,7.0,0.0
2930,51650,1.0,0.0
2931,51660,1.0,0.0
2932,51670,1.0,0.0
2933,51678,7.0,0.0
2934,51680,1.0,0.0
2935,51683,1.0,0.0
2936,51685,1.0,0.0
2937,51690,4.0,0.0
2938,51700,1.0,0.0
2939,51710,1.0,0.0
2940,51720,4.0,0.0
2941,51730,1.0,0.0
2942,51735,1.0,0.0
2943,51740,1.0,0.0
2944,51750,1.0,0.0
2945,51760,1.0,0.0
2946,51770,1.0,0.0
2947,51775,1.0,0.0
2948,51790,1.0,0.0
2949,51800,1.0,0.0
2950,51810,1.0,0.0
2951,51820,1.0,0.0
2952,51830,1.0,0.0
2953,51840,1.0,0.0
2954,53001,4.0,0.0
2955,53003,1.0,0.0
2956,53005,1.0,0.0
2957,53007,1.5,0.5
2958,53009,4.0,0.0
2959,53011,1.0,0.0
2960,53013,7.0,0.0
2961,53015,1.0,0.0
2962,53017,1.0,0.0
2963,53019,10.0,0.0
2964,53021,1.0,0.0
2965,53023,10.0,0.0
2966,53025,6.0,2.0
2967,53027,4.0,1.0
2968,53029,4.0,0.5
2969,53031,10.0,1.0
2970,53033,1.0,0.0
2971,53035,1.0,0.0
2972,53037,4.5,0.5
2973,53039,5.0,1.0
2974,53041,5.0,1.0
2975,53043,10.0,0.0
2976,53045,3.5,1.0
2977,53047,10.0,0.0
2978,53049,8.5,1.5
2979,53051,7.0,3.0
2980,53053,1.0,0.0
2981,53055,10.0,0.0
2982,53057,1.5,0.5
2983,53059,2.0,0.0
2984,53061,1.0,0.0
2985,53063,1.0,0.0
2986,53065,8.0,2.0
2987,53067,1.0,0.0
2988,53069,10.0,0.0
2989,53071,1.0,0.0
2990,53073,1.0,0.0
2991,53075,4.0,0.0
2992,53077,1.0,0.0
2993,54001,7.5,1.5
2994,54003,1.0,0.0
2995,54005,2.0,0.0
2996,54007,10.0,0.0
2997,54009,1.0,0.0
2998,54011,1.0,0.0
2999,54013,5.0,3.0
3000,54015,2.0,0.0
3001,54017,7.5,2.5
3002,54019,1.5,0.5
3003,54021,7.5,0.5
3004,54023,8.0,1.0
3005,54025,8.0,1.0
3006,54027,2.0,0.0
3007,54029,1.5,0.5
3008,54031,7.0,1.0
3009,54033,4.0,0.0
3010,54035,2.0,0.0
3011,54037,2.0,0.0
3012,54039,1.0,0.0
3013,54041,8.0,1.0
3014,54043,2.0,0.0
3015,54045,2.0,0.0
3016,54047,6.0,1.5
3017,54049,4.0,0.0
3018,54051,1.0,0.0
3019,54053,5.0,1.5
3020,54055,4.0,0.0
3021,54057,2.0,1.0
3022,54059,8.0,2.0
3023,54061,1.0,0.0
3024,54063,9.0,1.0
3025,54065,3.0,0.5
3026,54067,8.0,0.0
3027,54069,1.0,0.0
3028,54071,2.0,0.0
3029,54073,2.0,0.0
3030,54075,9.5,0.5
3031,54077,2.5,0.5
3032,54079,1.0,0.0
3033,54081,1.0,0.0
3034,54083,4.0,0.0
3035,54085,2.0,0.0
3036,54087,4.5,2.5
3037,54089,2.5,0.5
3038,54091,2.0,0.0
3039,54093,10.0,0.0
3040,54095,9.0,0.0
3041,54097,7.5,0.5
3042,54099,2.0,0.0
3043,54101,10.0,0.0
3044,54103,7.0,0.0
3045,54105,2.0,0.0
3046,54107,1.0,0.0
3047,54109,2.0,0.0
3048,55001,10.0,0.0
3049,55003,8.0,1.0
3050,55005,8.0,1.0
3051,55007,10.0,1.0
3052,55009,1.0,0.0
3053,55011,10.0,0.0
3054,55013,10.0,0.0
3055,55015,1.0,0.0
3056,55017,2.0,1.0
3057,55019,10.0,0.0
3058,55021,4.0,2.0
3059,55023,9.5,0.5
3060,55025,1.0,0.0
3061,55027,4.0,1.0
3062,55029,8.5,1.5
3063,55031,1.0,0.0
3064,55033,4.5,0.5
3065,55035,1.0,0.0
3066,55037,5.0,0.0
3067,55039,1.0,0.0
3068,55041,10.0,0.0
3069,55043,8.5,1.5
3070,55045,4.0,1.5
3071,55047,10.0,0.0
3072,55049,8.0,2.0
3073,55051,9.0,1.5
3074,55053,8.0,1.0
3075,55055,4.0,1.0
3076,55057,9.0,1.0
3077,55059,1.0,0.0
3078,55061,7.0,1.0
3079,55063,1.0,0.0
3080,55065,10.0,0.0
3081,55067,8.0,0.0
3082,55069,5.0,1.0
3083,55071,4.0,0.0
3084,55073,1.0,0.0
3085,55075,5.0,1.0
3086,55077,10.0,0.0
3087,55078,10.0,0.0
3088,55079,1.0,0.0
3089,55081,8.0,1.0
3090,55083,7.0,3.0
3091,55085,8.0,1.0
3092,55087,1.0,0.0
3093,55089,1.0,0.0
3094,55091,10.0,0.0
3095,55093,4.5,2.0
3096,55095,10.0,0.0
3097,55097,4.0,0.0
3098,55099,10.0,0.0
3099,55101,1.0,0.0
3100,55103,8.0,1.0
3101,55105,1.0,0.0
3102,55107,8.0,1.0
3103,55109,2.0,0.0
3104,55111,7.0,2.0
3105,55113,10.0,0.0
3106,55115,5.0,2.0
3107,55117,1.0,0.0
3108,55119,8.0,1.0
3109,55121,4.5,2.5
3110,55123,8.0,2.0
3111,55125,10.0,0.0
3112,55127,4.0,0.0
3113,55129,8.0,1.0
3114,55131,1.0,0.0
3115,55133,1.0,0.0
3116,55135,7.5,2.0
3117,55137,9.0,1.0
3118,55139,1.0,0.0
3119,55141,4.0,0.0
3120,56001,4.0,0.0
3121,56003,10.0,0.0
3122,56005,4.0,0.0
3123,56007,8.0,1.0
3124,56009,7.0,1.5
3125,56011,10.0,0.0
3126,56013,6.0,2.0
3127,56015,8.5,1.5
3128,56017,7.5,0.5
3129,56019,8.5,1.5
3130,56021,1.0,0.0
3131,56023,10.0,0.0
3132,56025,1.0,0.0
3133,56027,10.0,0.0
3134,56029,7.0,0.0
3135,56031,8.5,1.5
3136,56033,4.0,0.0
3137,56035,10.0,0.0
3138,56037,4.0,0.0
3139,56039,4.0,0.0
3140,56041,4.0,0.0
3141,56043,7.0,0.0
3142,56045,8.5,1.5
3143,72001,4.0,0.0
3144,72003,1.0,0.0
3145,72005,1.0,0.0
3146,72007,1.0,0.0
3147,72009,1.0,0.0
3148,72011,1.0,0.0
3149,72013,1.0,0.0
3150,72015,1.0,0.0
3151,72017,1.0,0.0
3152,72019,1.0,0.0
3153,72021,1.0,0.0
3154,72023,1.0,0.0
3155,72025,1.0,0.0
3156,72027,1.0,0.0
3157,72029,1.0,0.0
3158,72031,1.0,0.0
3159,72033,1.0,0.0
3160,72035,1.0,0.0
3161,72037,1.0,0.0
3162,72039,1.0,0.0
3163,72041,1.0,0.0
3164,72043,4.0,0.0
3165,72045,1.0,0.0
3166,72047,1.0,0.0
3167,72049,54.5,44.5
3168,72051,1.0,0.0
3169,72053,1.0,0.0
3170,72054,1.0,0.0
3171,72055,1.0,0.0
3172,72057,1.0,0.0
3173,72059,1.0,0.0
3174,72061,1.0,0.0
3175,72063,1.0,0.0
3176,72065,1.0,0.0
3177,72067,1.0,0.0
3178,72069,1.0,0.0
3179,72071,1.0,0.0
3180,72073,4.0,0.0
3181,72075,1.0,0.0
3182,72077,1.0,0.0
3183,72079,1.0,0.0
3184,72081,1.0,0.0
3185,72083,1.0,0.0
3186,72085,1.0,0.0
3187,72087,1.0,0.0
3188,72089,1.0,0.0
3189,72091,1.0,0.0
3190,72093,8.5,1.5
3191,72095,7.0,0.0
3192,72097,1.0,0.0
3193,72099,1.0,0.0
3194,72101,1.0,0.0
3195,72103,1.0,0.0
3196,72105,1.0,0.0
3197,72107,1.0,0.0
3198,72109,1.0,0.0
3199,72111,1.0,0.0
3200,72113,1.0,0.0
3201,72115,1.0,0.0
3202,72117,1.0,0.0
3203,72119,1.0,0.0
3204,72121,1.0,0.0
3205,72123,4.0,0.0
3206,72125,1.0,0.0
3207,72127,1.0,0.0
3208,72129,1.0,0.0
3209,72131,1.0,0.0
3210,72133,4.0,0.0
3211,72135,1.0,0.0
3212,72137,1.0,0.0
3213,72139,1.0,0.0
3214,72141,1.0,0.0
3215,72143,1.0,0.0
3216,72145,1.0,0.0
3217,72147,7.0,0.0
3218,72149,1.0,0.0
3219,72151,1.0,0.0
3220,72153,1.0,0.0
