Date,0,1,2,3,4,5,6,7,8,9,10,11,12,mean,median,weekday
2020-03-13,0.062,0.03,0.011,0.007,0.013,0.013,0.21,0.064,0.047,0.013,0.014,0.021,0.012,0.04,0.018,4
2020-03-14,0.07,0.037,0.044,0.011,0.004,0.075,0.195,0.101,0.036,0.044,0.011,0.019,0.199,0.065,0.044,5
2020-03-15,0.2,0.041,0.012,0.012,0.015,0.013,0.23,0.184,0.071,0.012,0.009,0.012,0.127,0.072,0.028,6
2020-03-16,0.032,0.008,0.011,0.01,0.008,0.041,0.332,0.061,0.025,0.027,0.02,0.014,0.044,0.049,0.026,0
2020-03-17,0.037,0.009,0.005,0.031,0.047,0.066,0.203,0.125,0.014,0.003,0.094,0.132,0.158,0.071,0.056,1
2020-03-18,0.129,0.015,0.015,0.013,0.026,0.103,0.266,0.193,0.04,0.044,0.032,0.071,0.212,0.089,0.058,2
2020-03-19,0.075,0.057,0.032,0.024,0.04,0.042,0.188,0.163,0.211,0.163,0.117,0.125,0.142,0.106,0.111,3
2020-03-20,0.056,0.026,0.011,0.003,0.006,0.012,0.194,0.068,0.044,0.015,0.017,0.023,0.027,0.039,0.025,4
2020-03-21,0.042,0.03,0.037,0.01,0.002,0.067,0.213,0.092,0.034,0.043,0.01,0.016,0.247,0.065,0.04,5
2020-03-22,0.139,0.03,0.009,0.009,0.014,0.009,0.268,0.225,0.082,0.011,0.009,0.011,0.134,0.073,0.022,6
2020-03-23,0.013,0.005,0.01,0.006,0.005,0.035,0.389,0.069,0.038,0.051,0.025,0.011,0.057,0.055,0.03,0
2020-03-24,0.015,0.004,0.002,0.026,0.05,0.081,0.236,0.087,0.022,0.006,0.108,0.181,0.222,0.08,0.065,1
2020-03-25,0.119,0.008,0.01,0.009,0.023,0.092,0.243,0.187,0.046,0.064,0.04,0.076,0.222,0.088,0.07,2
2020-03-26,0.081,0.055,0.019,0.019,0.034,0.048,0.19,0.175,0.227,0.182,0.162,0.171,0.175,0.118,0.14,3
2020-03-27,0.058,0.03,0.015,0.002,0.004,0.014,0.194,0.066,0.047,0.015,0.022,0.018,0.031,0.04,0.026,4
2020-03-28,0.036,0.028,0.035,0.013,0.002,0.069,0.235,0.076,0.027,0.037,0.01,0.013,0.243,0.063,0.035,5
2020-03-29,0.123,0.026,0.008,0.007,0.015,0.019,0.299,0.249,0.082,0.008,0.006,0.011,0.162,0.078,0.022,6
2020-03-30,0.01,0.004,0.016,0.006,0.004,0.034,0.48,0.078,0.053,0.078,0.029,0.008,0.059,0.066,0.031,0
2020-03-31,0.013,0.003,0.002,0.04,0.066,0.101,0.25,0.07,0.055,0.012,0.125,0.213,0.251,0.092,0.068,1
2020-04-01,0.128,0.009,0.012,0.013,0.034,0.108,0.27,0.191,0.052,0.098,0.057,0.094,0.225,0.099,0.096,2
2020-04-02,0.104,0.061,0.029,0.038,0.066,0.084,0.217,0.176,0.223,0.195,0.164,0.169,0.173,0.131,0.147,3
2020-04-03,0.067,0.035,0.015,0.002,0.004,0.016,0.208,0.061,0.041,0.012,0.016,0.011,0.024,0.039,0.02,4
2020-04-04,0.042,0.031,0.039,0.015,0.002,0.083,0.244,0.067,0.022,0.032,0.009,0.012,0.174,0.059,0.036,5
2020-04-05,0.13,0.03,0.008,0.006,0.015,0.029,0.334,0.243,0.067,0.007,0.004,0.011,0.111,0.077,0.03,6
2020-04-06,0.012,0.004,0.025,0.007,0.005,0.035,0.515,0.086,0.063,0.085,0.028,0.007,0.053,0.071,0.032,0
2020-04-07,0.012,0.004,0.002,0.047,0.077,0.105,0.249,0.066,0.065,0.013,0.113,0.206,0.214,0.09,0.071,1
2020-04-08,0.127,0.01,0.021,0.016,0.043,0.122,0.285,0.191,0.06,0.114,0.056,0.091,0.185,0.102,0.097,2
2020-04-09,0.099,0.054,0.03,0.038,0.061,0.077,0.215,0.172,0.203,0.182,0.13,0.136,0.132,0.118,0.124,3
2020-04-10,0.048,0.032,0.015,0.002,0.006,0.017,0.212,0.057,0.037,0.011,0.011,0.009,0.021,0.037,0.019,4
2020-04-11,0.045,0.021,0.031,0.013,0.003,0.091,0.238,0.071,0.021,0.029,0.009,0.008,0.113,0.053,0.03,5
2020-04-12,0.163,0.031,0.005,0.005,0.015,0.035,0.337,0.23,0.059,0.006,0.004,0.013,0.073,0.075,0.033,6
2020-04-13,0.019,0.009,0.027,0.005,0.005,0.034,0.491,0.084,0.067,0.078,0.024,0.007,0.054,0.07,0.031,0
2020-04-14,0.031,0.003,0.002,0.033,0.052,0.085,0.225,0.071,0.054,0.013,0.093,0.187,0.172,0.079,0.063,1
2020-04-15,0.097,0.009,0.012,0.004,0.033,0.093,0.247,0.177,0.062,0.097,0.045,0.08,0.179,0.087,0.084,2
2020-04-16,0.077,0.042,0.026,0.026,0.025,0.066,0.195,0.177,0.214,0.199,0.152,0.156,0.141,0.115,0.128,3
2020-04-17,0.029,0.023,0.01,0.002,0.007,0.021,0.222,0.062,0.052,0.012,0.012,0.01,0.02,0.037,0.02,4
2020-04-18,0.028,0.013,0.021,0.011,0.005,0.102,0.221,0.059,0.024,0.038,0.012,0.008,0.093,0.049,0.026,5
2020-04-19,0.167,0.026,0.003,0.004,0.013,0.048,0.362,0.236,0.043,0.007,0.006,0.016,0.065,0.077,0.034,6
2020-04-20,0.031,0.012,0.017,0.006,0.006,0.039,0.457,0.068,0.041,0.05,0.026,0.01,0.087,0.065,0.035,0
2020-04-21,0.029,0.004,0.002,0.03,0.048,0.083,0.243,0.07,0.027,0.006,0.105,0.215,0.214,0.083,0.059,1
2020-04-22,0.098,0.01,0.008,0.005,0.025,0.098,0.247,0.19,0.052,0.078,0.038,0.083,0.248,0.091,0.081,2
2020-04-23,0.078,0.045,0.027,0.028,0.031,0.064,0.205,0.215,0.226,0.198,0.204,0.214,0.204,0.134,0.166,3
2020-04-24,0.025,0.017,0.011,0.002,0.005,0.019,0.237,0.062,0.05,0.014,0.016,0.011,0.02,0.038,0.018,4
2020-04-25,0.025,0.016,0.024,0.011,0.003,0.086,0.232,0.059,0.031,0.051,0.01,0.007,0.082,0.049,0.028,5
2020-04-26,0.144,0.018,0.005,0.006,0.016,0.042,0.344,0.229,0.038,0.009,0.008,0.016,0.083,0.074,0.028,6
2020-04-27,0.033,0.011,0.016,0.009,0.006,0.054,0.418,0.074,0.034,0.04,0.033,0.01,0.089,0.064,0.034,0
2020-04-28,0.018,0.004,0.004,0.031,0.062,0.087,0.248,0.069,0.016,0.005,0.101,0.212,0.206,0.082,0.066,1
2020-04-29,0.094,0.011,0.012,0.011,0.029,0.116,0.296,0.186,0.046,0.088,0.038,0.1,0.251,0.098,0.091,2
2020-04-30,0.079,0.048,0.033,0.031,0.049,0.065,0.217,0.204,0.218,0.201,0.192,0.205,0.236,0.137,0.164,3
2020-05-01,0.028,0.022,0.011,0.003,0.005,0.017,0.266,0.064,0.051,0.012,0.015,0.009,0.021,0.04,0.019,4
2020-05-02,0.026,0.016,0.028,0.013,0.003,0.086,0.258,0.061,0.027,0.044,0.009,0.009,0.114,0.053,0.028,5
2020-05-03,0.155,0.017,0.005,0.007,0.018,0.055,0.359,0.234,0.038,0.008,0.006,0.013,0.13,0.08,0.028,6
2020-05-04,0.031,0.009,0.019,0.011,0.007,0.064,0.436,0.072,0.035,0.044,0.034,0.01,0.079,0.065,0.034,0
2020-05-05,0.02,0.004,0.003,0.034,0.064,0.082,0.236,0.068,0.014,0.004,0.098,0.194,0.171,0.076,0.066,1
2020-05-06,0.087,0.012,0.012,0.01,0.036,0.121,0.3,0.18,0.046,0.086,0.036,0.094,0.224,0.096,0.086,2
2020-05-07,0.075,0.046,0.033,0.034,0.048,0.073,0.211,0.208,0.213,0.185,0.183,0.185,0.215,0.131,0.157,3
2020-05-08,0.026,0.019,0.011,0.003,0.006,0.015,0.278,0.069,0.05,0.013,0.019,0.008,0.013,0.041,0.017,4
2020-05-09,0.026,0.017,0.029,0.012,0.003,0.093,0.258,0.066,0.029,0.044,0.01,0.008,0.108,0.054,0.029,5
2020-05-10,0.167,0.019,0.005,0.007,0.018,0.076,0.378,0.241,0.04,0.008,0.006,0.015,0.117,0.084,0.029,6
2020-05-11,0.035,0.008,0.013,0.012,0.007,0.063,0.412,0.066,0.026,0.042,0.041,0.012,0.086,0.063,0.038,0
2020-05-12,0.021,0.004,0.003,0.026,0.058,0.078,0.238,0.068,0.016,0.005,0.089,0.173,0.155,0.072,0.063,1
2020-05-13,0.082,0.011,0.01,0.008,0.025,0.116,0.278,0.189,0.045,0.071,0.039,0.077,0.223,0.09,0.074,2
2020-05-14,0.078,0.048,0.037,0.033,0.044,0.07,0.212,0.213,0.21,0.17,0.175,0.178,0.202,0.128,0.149,3
2020-05-15,0.028,0.02,0.014,0.003,0.005,0.017,0.293,0.076,0.06,0.015,0.02,0.009,0.013,0.044,0.018,4
2020-05-16,0.025,0.016,0.027,0.014,0.004,0.093,0.257,0.066,0.028,0.041,0.01,0.009,0.105,0.053,0.027,5
2020-05-17,0.163,0.017,0.005,0.006,0.018,0.053,0.376,0.231,0.037,0.007,0.005,0.014,0.127,0.082,0.027,6
2020-05-18,0.034,0.008,0.015,0.01,0.007,0.061,0.434,0.06,0.025,0.051,0.036,0.013,0.086,0.065,0.035,0
2020-05-19,0.023,0.005,0.003,0.034,0.063,0.083,0.24,0.068,0.012,0.004,0.093,0.185,0.174,0.076,0.066,1
2020-05-20,0.081,0.012,0.012,0.008,0.032,0.123,0.292,0.178,0.042,0.082,0.037,0.08,0.221,0.092,0.08,2
2020-05-21,0.084,0.055,0.042,0.042,0.053,0.078,0.228,0.236,0.22,0.178,0.174,0.186,0.202,0.137,0.156,3
2020-05-22,0.026,0.019,0.014,0.003,0.005,0.014,0.299,0.076,0.055,0.015,0.02,0.008,0.012,0.043,0.017,4
2020-05-23,0.025,0.016,0.025,0.013,0.003,0.091,0.251,0.074,0.029,0.042,0.01,0.009,0.107,0.053,0.027,5
2020-05-24,0.171,0.02,0.005,0.007,0.019,0.055,0.373,0.244,0.044,0.008,0.006,0.015,0.122,0.084,0.032,6
2020-05-25,0.032,0.007,0.016,0.012,0.008,0.066,0.418,0.066,0.021,0.049,0.04,0.013,0.086,0.064,0.036,0
2020-05-26,0.022,0.004,0.003,0.024,0.058,0.074,0.232,0.068,0.014,0.005,0.076,0.161,0.133,0.067,0.063,1
2020-05-27,0.078,0.011,0.009,0.007,0.022,0.107,0.252,0.178,0.04,0.063,0.034,0.075,0.213,0.084,0.069,2
2020-05-28,0.082,0.055,0.043,0.039,0.06,0.066,0.216,0.232,0.222,0.169,0.167,0.182,0.183,0.132,0.149,3
2020-05-29,0.029,0.022,0.012,0.004,0.005,0.015,0.291,0.083,0.065,0.016,0.017,0.009,0.014,0.045,0.016,4
2020-05-30,0.031,0.016,0.026,0.013,0.006,0.088,0.255,0.072,0.028,0.04,0.01,0.011,0.12,0.055,0.029,5
2020-05-31,0.178,0.019,0.006,0.007,0.022,0.054,0.383,0.241,0.046,0.007,0.005,0.015,0.14,0.086,0.034,6
2020-06-01,0.037,0.008,0.013,0.01,0.008,0.063,0.415,0.063,0.024,0.038,0.033,0.011,0.08,0.062,0.035,0
2020-06-02,0.027,0.007,0.004,0.042,0.067,0.092,0.251,0.075,0.015,0.004,0.102,0.182,0.178,0.08,0.071,1
2020-06-03,0.089,0.011,0.012,0.008,0.028,0.121,0.296,0.182,0.04,0.083,0.04,0.085,0.226,0.094,0.084,2
2020-06-04,0.082,0.056,0.043,0.039,0.057,0.067,0.223,0.215,0.214,0.169,0.148,0.161,0.192,0.128,0.138,3
2020-06-05,0.027,0.019,0.013,0.004,0.005,0.014,0.278,0.078,0.055,0.014,0.02,0.009,0.013,0.042,0.016,4
2020-06-06,0.031,0.015,0.024,0.014,0.008,0.091,0.257,0.08,0.028,0.036,0.01,0.011,0.121,0.056,0.03,5
2020-06-07,0.18,0.02,0.005,0.005,0.018,0.054,0.361,0.229,0.058,0.008,0.005,0.015,0.131,0.084,0.037,6
2020-06-08,0.045,0.009,0.011,0.01,0.007,0.054,0.397,0.057,0.019,0.031,0.033,0.011,0.071,0.058,0.032,0
2020-06-09,0.026,0.007,0.003,0.033,0.059,0.078,0.241,0.072,0.016,0.005,0.097,0.169,0.145,0.073,0.065,1
2020-06-10,0.096,0.012,0.011,0.007,0.029,0.115,0.283,0.183,0.047,0.079,0.039,0.074,0.213,0.091,0.077,2
2020-06-11,0.078,0.058,0.046,0.039,0.048,0.066,0.217,0.216,0.22,0.167,0.16,0.166,0.182,0.128,0.144,3
2020-06-12,0.028,0.014,0.011,0.005,0.005,0.015,0.241,0.072,0.048,0.014,0.019,0.011,0.016,0.038,0.016,4
2020-06-13,0.024,0.013,0.016,0.011,0.006,0.087,0.254,0.076,0.028,0.034,0.01,0.008,0.124,0.053,0.026,5
2020-06-14,0.159,0.023,0.004,0.004,0.015,0.039,0.342,0.227,0.072,0.008,0.006,0.014,0.143,0.081,0.031,6
2020-06-15,0.045,0.007,0.011,0.01,0.006,0.048,0.391,0.047,0.019,0.042,0.033,0.012,0.074,0.057,0.038,0
2020-06-16,0.023,0.008,0.003,0.027,0.057,0.074,0.253,0.071,0.012,0.003,0.103,0.189,0.185,0.078,0.064,1
2020-06-17,0.113,0.013,0.013,0.009,0.03,0.126,0.291,0.187,0.051,0.086,0.043,0.08,0.223,0.097,0.083,2
2020-06-18,0.075,0.055,0.044,0.035,0.044,0.077,0.214,0.205,0.214,0.171,0.179,0.161,0.196,0.128,0.145,3
2020-06-19,0.031,0.014,0.01,0.004,0.006,0.02,0.197,0.062,0.04,0.013,0.021,0.014,0.029,0.035,0.02,4
2020-06-20,0.025,0.013,0.012,0.01,0.003,0.07,0.24,0.069,0.024,0.026,0.009,0.009,0.124,0.049,0.024,5
2020-06-21,0.138,0.034,0.005,0.004,0.016,0.026,0.329,0.231,0.085,0.008,0.005,0.013,0.154,0.081,0.03,6
2020-06-22,0.036,0.008,0.013,0.01,0.006,0.047,0.387,0.047,0.024,0.055,0.034,0.012,0.073,0.058,0.035,0
2020-06-23,0.019,0.006,0.003,0.025,0.066,0.088,0.251,0.065,0.018,0.006,0.113,0.206,0.228,0.084,0.066,1
2020-06-24,0.122,0.008,0.008,0.004,0.023,0.118,0.278,0.164,0.04,0.098,0.041,0.082,0.215,0.092,0.087,2
2020-06-25,0.079,0.056,0.043,0.04,0.047,0.091,0.227,0.21,0.236,0.208,0.184,0.164,0.208,0.138,0.151,3
2020-06-26,0.034,0.017,0.011,0.003,0.006,0.032,0.183,0.052,0.031,0.012,0.019,0.012,0.051,0.036,0.025,4
2020-06-27,0.031,0.014,0.014,0.012,0.002,0.072,0.257,0.063,0.021,0.022,0.009,0.009,0.135,0.051,0.021,5
2020-06-28,0.132,0.045,0.005,0.004,0.016,0.036,0.328,0.218,0.082,0.006,0.004,0.011,0.158,0.08,0.04,6
2020-06-29,0.031,0.007,0.016,0.01,0.006,0.044,0.401,0.055,0.035,0.07,0.032,0.012,0.066,0.06,0.033,0
2020-06-30,0.013,0.005,0.002,0.021,0.063,0.094,0.248,0.043,0.022,0.005,0.108,0.212,0.245,0.083,0.053,1
2020-07-01,0.135,0.006,0.008,0.004,0.019,0.115,0.284,0.164,0.046,0.098,0.045,0.079,0.207,0.093,0.086,2
2020-07-02,0.08,0.056,0.036,0.034,0.042,0.077,0.22,0.205,0.243,0.239,0.198,0.166,0.204,0.138,0.152,3
2020-07-03,0.031,0.014,0.01,0.003,0.006,0.03,0.162,0.055,0.03,0.014,0.02,0.011,0.042,0.033,0.025,4
2020-07-04,0.025,0.012,0.009,0.008,0.001,0.076,0.256,0.053,0.017,0.015,0.008,0.009,0.119,0.047,0.016,5
2020-07-05,0.13,0.035,0.004,0.003,0.009,0.017,0.32,0.215,0.08,0.004,0.002,0.008,0.131,0.074,0.026,6
2020-07-06,0.028,0.007,0.019,0.006,0.005,0.034,0.408,0.057,0.045,0.082,0.024,0.008,0.056,0.06,0.031,0
2020-07-07,0.011,0.005,0.002,0.021,0.053,0.093,0.246,0.044,0.022,0.003,0.108,0.225,0.243,0.083,0.048,1
2020-07-08,0.128,0.006,0.005,0.003,0.02,0.107,0.298,0.164,0.045,0.103,0.036,0.081,0.213,0.093,0.087,2
2020-07-09,0.08,0.053,0.034,0.035,0.043,0.077,0.225,0.227,0.259,0.275,0.202,0.186,0.227,0.148,0.167,3
2020-07-10,0.028,0.016,0.011,0.003,0.008,0.031,0.162,0.053,0.026,0.011,0.018,0.012,0.042,0.032,0.022,4
2020-07-11,0.024,0.011,0.009,0.009,0.002,0.08,0.249,0.048,0.016,0.013,0.006,0.008,0.124,0.046,0.014,5
2020-07-12,0.149,0.057,0.003,0.002,0.011,0.032,0.329,0.226,0.09,0.004,0.002,0.008,0.127,0.08,0.045,6
2020-07-13,0.028,0.008,0.014,0.005,0.004,0.035,0.429,0.067,0.043,0.072,0.023,0.008,0.056,0.061,0.032,0
2020-07-14,0.018,0.004,0.002,0.021,0.045,0.085,0.246,0.037,0.014,0.002,0.098,0.217,0.223,0.078,0.041,1
2020-07-15,0.123,0.004,0.005,0.003,0.022,0.11,0.313,0.175,0.045,0.109,0.043,0.095,0.25,0.1,0.097,2
2020-07-16,0.067,0.045,0.03,0.023,0.028,0.07,0.211,0.201,0.247,0.271,0.195,0.192,0.24,0.14,0.166,3
2020-07-17,0.024,0.014,0.011,0.002,0.008,0.024,0.163,0.05,0.024,0.01,0.015,0.011,0.03,0.03,0.019,4
2020-07-18,0.027,0.01,0.009,0.01,0.001,0.082,0.24,0.046,0.016,0.013,0.006,0.007,0.113,0.045,0.015,5
2020-07-19,0.144,0.061,0.003,0.002,0.012,0.03,0.326,0.211,0.076,0.004,0.002,0.008,0.108,0.076,0.045,6
2020-07-20,0.03,0.01,0.011,0.006,0.004,0.039,0.446,0.074,0.047,0.057,0.025,0.007,0.06,0.063,0.034,0
2020-07-21,0.018,0.004,0.002,0.029,0.052,0.099,0.238,0.032,0.016,0.003,0.102,0.232,0.243,0.082,0.042,1
2020-07-22,0.108,0.004,0.005,0.003,0.028,0.112,0.323,0.17,0.041,0.105,0.04,0.097,0.259,0.1,0.098,2
2020-07-23,0.07,0.05,0.028,0.019,0.022,0.074,0.217,0.212,0.246,0.258,0.209,0.214,0.251,0.144,0.176,3
2020-07-24,0.023,0.017,0.013,0.002,0.007,0.025,0.188,0.047,0.023,0.01,0.015,0.009,0.032,0.032,0.02,4
2020-07-25,0.03,0.01,0.011,0.011,0.003,0.091,0.25,0.046,0.015,0.013,0.006,0.007,0.112,0.047,0.014,5
2020-07-26,0.162,0.04,0.003,0.002,0.013,0.06,0.358,0.215,0.057,0.004,0.002,0.009,0.116,0.08,0.049,6
2020-07-27,0.033,0.011,0.012,0.008,0.005,0.049,0.478,0.065,0.034,0.049,0.034,0.008,0.08,0.067,0.034,0
2020-07-28,0.025,0.004,0.002,0.039,0.064,0.102,0.235,0.034,0.019,0.004,0.097,0.225,0.223,0.082,0.051,1
2020-07-29,0.098,0.005,0.005,0.004,0.032,0.115,0.316,0.167,0.037,0.101,0.043,0.091,0.249,0.097,0.094,2
2020-07-30,0.077,0.05,0.03,0.026,0.027,0.084,0.209,0.197,0.227,0.219,0.202,0.22,0.242,0.139,0.168,3
2020-07-31,0.022,0.016,0.013,0.003,0.007,0.02,0.238,0.053,0.028,0.012,0.022,0.008,0.029,0.036,0.021,4
2020-08-01,0.026,0.01,0.013,0.011,0.005,0.104,0.255,0.051,0.018,0.017,0.009,0.005,0.091,0.047,0.017,5
2020-08-02,0.162,0.029,0.003,0.003,0.014,0.069,0.375,0.207,0.042,0.005,0.003,0.012,0.092,0.078,0.036,6
2020-08-03,0.032,0.008,0.011,0.012,0.006,0.06,0.457,0.06,0.025,0.041,0.044,0.009,0.094,0.066,0.037,0
2020-08-04,0.023,0.004,0.002,0.036,0.07,0.113,0.232,0.04,0.02,0.005,0.1,0.213,0.223,0.083,0.055,1
2020-08-05,0.093,0.009,0.007,0.007,0.032,0.118,0.299,0.165,0.035,0.093,0.053,0.08,0.234,0.094,0.086,2
2020-08-06,0.08,0.054,0.038,0.029,0.043,0.085,0.214,0.191,0.215,0.185,0.173,0.199,0.21,0.132,0.152,3
2020-08-07,0.024,0.017,0.014,0.004,0.006,0.021,0.261,0.061,0.033,0.013,0.021,0.009,0.029,0.039,0.021,4
2020-08-08,0.029,0.011,0.015,0.012,0.005,0.102,0.269,0.059,0.02,0.021,0.009,0.008,0.092,0.05,0.02,5
2020-08-09,0.171,0.021,0.004,0.004,0.016,0.064,0.377,0.213,0.045,0.006,0.004,0.014,0.116,0.081,0.033,6
2020-08-10,0.037,0.009,0.016,0.016,0.008,0.068,0.465,0.064,0.024,0.054,0.05,0.011,0.106,0.071,0.044,0
2020-08-11,0.033,0.005,0.002,0.044,0.079,0.119,0.241,0.043,0.022,0.007,0.101,0.206,0.214,0.086,0.061,1
2020-08-12,0.087,0.008,0.006,0.005,0.027,0.116,0.277,0.161,0.034,0.078,0.038,0.068,0.208,0.086,0.073,2
2020-08-13,0.077,0.057,0.052,0.035,0.052,0.09,0.206,0.201,0.206,0.166,0.17,0.185,0.194,0.13,0.148,3
2020-08-14,0.026,0.019,0.015,0.005,0.006,0.018,0.286,0.067,0.039,0.017,0.03,0.009,0.022,0.043,0.021,4
2020-08-15,0.027,0.013,0.018,0.012,0.004,0.097,0.269,0.061,0.022,0.024,0.009,0.007,0.1,0.051,0.023,5
2020-08-16,0.16,0.023,0.005,0.004,0.016,0.057,0.382,0.216,0.04,0.007,0.005,0.014,0.112,0.08,0.031,6
2020-08-17,0.036,0.007,0.012,0.016,0.008,0.065,0.416,0.053,0.019,0.051,0.05,0.013,0.095,0.065,0.043,0
2020-08-18,0.034,0.006,0.003,0.04,0.081,0.114,0.239,0.056,0.021,0.006,0.092,0.195,0.2,0.083,0.068,1
2020-08-19,0.081,0.009,0.008,0.006,0.031,0.122,0.288,0.165,0.039,0.091,0.046,0.072,0.203,0.089,0.076,2
2020-08-20,0.07,0.053,0.049,0.034,0.045,0.094,0.207,0.189,0.194,0.151,0.144,0.168,0.17,0.121,0.132,3
2020-08-21,0.023,0.019,0.014,0.004,0.005,0.019,0.297,0.064,0.041,0.015,0.022,0.008,0.02,0.042,0.019,4
2020-08-22,0.027,0.012,0.018,0.014,0.005,0.102,0.278,0.057,0.023,0.026,0.01,0.008,0.115,0.053,0.024,5
2020-08-23,0.168,0.02,0.005,0.005,0.019,0.058,0.388,0.222,0.032,0.007,0.005,0.015,0.148,0.084,0.026,6
2020-08-24,0.036,0.008,0.013,0.016,0.009,0.076,0.423,0.053,0.02,0.056,0.05,0.016,0.111,0.068,0.043,0
2020-08-25,0.035,0.005,0.003,0.04,0.079,0.104,0.231,0.06,0.016,0.005,0.088,0.189,0.195,0.081,0.07,1
2020-08-26,0.082,0.009,0.007,0.006,0.032,0.122,0.288,0.162,0.035,0.092,0.047,0.078,0.197,0.089,0.08,2
2020-08-27,0.08,0.057,0.048,0.041,0.053,0.088,0.213,0.206,0.208,0.151,0.143,0.171,0.164,0.125,0.134,3
2020-08-28,0.028,0.022,0.016,0.005,0.005,0.017,0.311,0.073,0.046,0.018,0.027,0.009,0.017,0.046,0.02,4
2020-08-29,0.025,0.015,0.022,0.012,0.004,0.093,0.272,0.063,0.025,0.029,0.011,0.007,0.108,0.053,0.025,5
2020-08-30,0.154,0.016,0.005,0.006,0.019,0.057,0.396,0.223,0.035,0.008,0.006,0.016,0.138,0.083,0.027,6
2020-08-31,0.035,0.008,0.011,0.015,0.008,0.072,0.41,0.054,0.02,0.041,0.045,0.012,0.097,0.064,0.038,0
2020-09-01,0.022,0.005,0.004,0.052,0.083,0.112,0.239,0.06,0.016,0.005,0.102,0.185,0.19,0.083,0.071,1
2020-09-02,0.082,0.01,0.011,0.009,0.036,0.131,0.296,0.17,0.04,0.084,0.044,0.069,0.193,0.09,0.076,2
2020-09-03,0.08,0.063,0.052,0.047,0.059,0.096,0.22,0.218,0.203,0.148,0.138,0.164,0.158,0.127,0.132,3
2020-09-04,0.024,0.019,0.014,0.005,0.005,0.018,0.317,0.072,0.05,0.017,0.022,0.01,0.016,0.045,0.019,4
2020-09-05,0.027,0.014,0.021,0.014,0.006,0.093,0.282,0.08,0.024,0.032,0.012,0.012,0.115,0.056,0.026,5
2020-09-06,0.16,0.022,0.005,0.005,0.02,0.053,0.407,0.231,0.039,0.008,0.006,0.017,0.151,0.086,0.031,6
2020-09-07,0.035,0.006,0.01,0.013,0.007,0.066,0.422,0.055,0.018,0.048,0.042,0.012,0.085,0.063,0.039,0
2020-09-08,0.021,0.006,0.004,0.022,0.057,0.069,0.21,0.074,0.014,0.004,0.075,0.162,0.136,0.066,0.061,1
2020-09-09,0.075,0.01,0.008,0.008,0.022,0.111,0.25,0.167,0.035,0.074,0.038,0.063,0.193,0.081,0.068,2
2020-09-10,0.066,0.053,0.046,0.032,0.047,0.066,0.205,0.206,0.205,0.144,0.134,0.161,0.142,0.116,0.125,3
2020-09-11,0.025,0.017,0.014,0.004,0.004,0.015,0.284,0.081,0.057,0.021,0.024,0.012,0.012,0.044,0.019,4
2020-09-12,0.024,0.015,0.022,0.014,0.004,0.091,0.284,0.072,0.027,0.037,0.013,0.011,0.107,0.055,0.026,5
2020-09-13,0.15,0.017,0.005,0.005,0.02,0.043,0.394,0.224,0.043,0.008,0.006,0.018,0.143,0.083,0.032,6
2020-09-14,0.03,0.005,0.009,0.015,0.008,0.076,0.431,0.054,0.024,0.052,0.042,0.014,0.106,0.067,0.036,0
2020-09-15,0.017,0.005,0.003,0.038,0.081,0.102,0.25,0.059,0.016,0.006,0.119,0.208,0.228,0.087,0.07,1
2020-09-16,0.086,0.011,0.011,0.009,0.029,0.125,0.292,0.168,0.037,0.09,0.046,0.08,0.205,0.092,0.083,2
2020-09-17,0.076,0.058,0.046,0.042,0.06,0.085,0.225,0.22,0.208,0.148,0.14,0.162,0.181,0.127,0.133,3
2020-09-18,0.029,0.021,0.015,0.004,0.004,0.016,0.292,0.077,0.049,0.017,0.022,0.009,0.015,0.044,0.019,4
2020-09-19,0.025,0.017,0.024,0.015,0.004,0.081,0.281,0.077,0.026,0.03,0.011,0.012,0.12,0.056,0.025,5
2020-09-20,0.144,0.024,0.006,0.005,0.022,0.037,0.382,0.234,0.051,0.007,0.005,0.015,0.164,0.084,0.03,6
2020-09-21,0.029,0.006,0.009,0.012,0.006,0.067,0.407,0.053,0.025,0.045,0.038,0.011,0.079,0.061,0.033,0
2020-09-22,0.011,0.005,0.003,0.029,0.063,0.089,0.234,0.062,0.016,0.004,0.099,0.176,0.174,0.074,0.062,1
2020-09-23,0.08,0.008,0.009,0.008,0.027,0.115,0.265,0.167,0.038,0.081,0.038,0.072,0.185,0.084,0.076,2
2020-09-24,0.067,0.051,0.038,0.032,0.042,0.071,0.212,0.211,0.213,0.159,0.154,0.158,0.162,0.121,0.138,3
2020-09-25,0.026,0.02,0.015,0.002,0.004,0.018,0.274,0.075,0.049,0.017,0.019,0.01,0.017,0.042,0.019,4
2020-09-26,0.02,0.015,0.022,0.016,0.002,0.078,0.283,0.064,0.025,0.029,0.012,0.01,0.131,0.054,0.024,5
2020-09-27,0.125,0.02,0.004,0.004,0.02,0.032,0.37,0.234,0.046,0.006,0.003,0.014,0.186,0.082,0.026,6
2020-09-28,0.024,0.006,0.009,0.009,0.006,0.056,0.423,0.052,0.025,0.045,0.033,0.01,0.08,0.06,0.029,0
2020-09-29,0.01,0.003,0.002,0.03,0.06,0.09,0.249,0.049,0.015,0.003,0.114,0.199,0.211,0.08,0.055,1
2020-09-30,0.08,0.006,0.006,0.003,0.027,0.113,0.285,0.167,0.044,0.089,0.039,0.081,0.209,0.088,0.08,2
2020-10-01,0.071,0.056,0.035,0.038,0.036,0.074,0.222,0.219,0.222,0.178,0.178,0.178,0.191,0.131,0.154,3
2020-10-02,0.027,0.016,0.017,0.002,0.003,0.017,0.252,0.076,0.047,0.019,0.025,0.011,0.016,0.041,0.018,4
2020-10-03,0.022,0.014,0.019,0.016,0.001,0.072,0.276,0.068,0.022,0.028,0.011,0.01,0.131,0.053,0.022,5
2020-10-04,0.14,0.022,0.005,0.004,0.02,0.036,0.374,0.244,0.061,0.006,0.004,0.016,0.178,0.085,0.029,6
2020-10-05,0.023,0.006,0.011,0.009,0.005,0.054,0.44,0.049,0.027,0.053,0.031,0.009,0.079,0.061,0.029,0
2020-10-06,0.011,0.003,0.002,0.027,0.063,0.084,0.253,0.048,0.011,0.003,0.103,0.201,0.201,0.078,0.055,1
2020-10-07,0.097,0.008,0.007,0.006,0.024,0.118,0.286,0.174,0.042,0.104,0.045,0.083,0.215,0.093,0.088,2
2020-10-08,0.08,0.061,0.035,0.038,0.052,0.069,0.225,0.223,0.225,0.189,0.194,0.194,0.2,0.137,0.163,3
2020-10-09,0.03,0.017,0.014,0.004,0.004,0.021,0.224,0.067,0.038,0.014,0.017,0.006,0.021,0.037,0.019,4
2020-10-10,0.016,0.014,0.015,0.013,0.001,0.071,0.268,0.052,0.019,0.022,0.01,0.01,0.115,0.048,0.017,5
2020-10-11,0.108,0.033,0.004,0.003,0.019,0.024,0.352,0.227,0.082,0.005,0.003,0.014,0.162,0.08,0.028,6
2020-10-12,0.017,0.005,0.013,0.009,0.004,0.051,0.455,0.049,0.029,0.058,0.027,0.007,0.069,0.061,0.028,0
2020-10-13,0.009,0.002,0.002,0.032,0.066,0.095,0.267,0.049,0.012,0.004,0.126,0.213,0.222,0.084,0.057,1
2020-10-14,0.111,0.007,0.007,0.006,0.026,0.117,0.282,0.174,0.043,0.096,0.038,0.078,0.208,0.092,0.085,2
2020-10-15,0.075,0.055,0.027,0.033,0.047,0.076,0.21,0.194,0.216,0.183,0.209,0.183,0.202,0.132,0.157,3
2020-10-16,0.029,0.017,0.015,0.002,0.004,0.027,0.197,0.059,0.034,0.013,0.015,0.009,0.024,0.034,0.021,4
2020-10-17,0.016,0.013,0.012,0.012,0.001,0.069,0.275,0.049,0.015,0.017,0.009,0.01,0.127,0.048,0.016,5
2020-10-18,0.099,0.03,0.004,0.002,0.015,0.024,0.365,0.235,0.075,0.004,0.002,0.011,0.164,0.079,0.027,6
2020-10-19,0.011,0.005,0.016,0.007,0.003,0.038,0.458,0.052,0.036,0.059,0.024,0.006,0.056,0.059,0.03,0
2020-10-20,0.004,0.002,0.001,0.026,0.058,0.084,0.262,0.036,0.014,0.003,0.123,0.223,0.251,0.084,0.047,1
2020-10-21,0.117,0.006,0.006,0.006,0.025,0.119,0.292,0.184,0.049,0.113,0.04,0.091,0.224,0.098,0.094,2
2020-10-22,0.081,0.056,0.027,0.029,0.04,0.068,0.216,0.192,0.229,0.201,0.214,0.191,0.211,0.135,0.163,3
2020-10-23,0.035,0.015,0.015,0.002,0.003,0.026,0.159,0.056,0.026,0.015,0.025,0.007,0.026,0.032,0.025,4
2020-10-24,0.013,0.011,0.008,0.011,0.0,0.059,0.262,0.039,0.013,0.011,0.008,0.006,0.102,0.042,0.012,5
2020-10-25,0.107,0.037,0.004,0.001,0.012,0.015,0.354,0.248,0.087,0.003,0.001,0.009,0.156,0.08,0.026,6
2020-10-26,0.01,0.008,0.025,0.007,0.002,0.031,0.486,0.052,0.037,0.074,0.02,0.004,0.046,0.062,0.028,0
2020-10-27,0.002,0.001,0.001,0.027,0.064,0.096,0.279,0.036,0.011,0.002,0.124,0.237,0.28,0.089,0.05,1
2020-10-28,0.144,0.006,0.009,0.009,0.028,0.135,0.319,0.18,0.048,0.124,0.041,0.092,0.225,0.105,0.099,2
2020-10-29,0.096,0.07,0.043,0.042,0.057,0.082,0.217,0.181,0.233,0.228,0.247,0.198,0.243,0.149,0.165,3
2020-10-30,0.042,0.012,0.011,0.003,0.004,0.029,0.1,0.047,0.017,0.009,0.015,0.006,0.034,0.025,0.016,4
2020-10-31,0.015,0.013,0.006,0.006,0.001,0.053,0.245,0.031,0.009,0.005,0.006,0.003,0.097,0.038,0.011,5
2020-11-01,0.078,0.051,0.005,0.002,0.01,0.011,0.313,0.237,0.117,0.003,0.001,0.008,0.129,0.074,0.031,6
2020-11-02,0.009,0.011,0.029,0.007,0.001,0.021,0.509,0.064,0.046,0.098,0.018,0.003,0.043,0.066,0.025,0
2020-11-03,0.003,0.0,0.001,0.024,0.063,0.09,0.281,0.029,0.01,0.002,0.109,0.236,0.27,0.086,0.046,1
2020-11-04,0.172,0.004,0.008,0.011,0.027,0.135,0.321,0.184,0.047,0.143,0.044,0.091,0.216,0.108,0.099,2
2020-11-05,0.11,0.06,0.034,0.042,0.052,0.087,0.193,0.162,0.223,0.242,0.256,0.175,0.244,0.145,0.153,3
2020-11-06,0.05,0.012,0.008,0.002,0.004,0.031,0.048,0.032,0.01,0.007,0.016,0.005,0.042,0.02,0.014,4
2020-11-07,0.01,0.015,0.004,0.005,0.001,0.05,0.246,0.025,0.007,0.003,0.003,0.002,0.09,0.035,0.009,5
2020-11-08,0.084,0.051,0.005,0.001,0.006,0.016,0.326,0.245,0.121,0.003,0.0,0.006,0.089,0.073,0.034,6
2020-11-09,0.009,0.008,0.039,0.005,0.001,0.014,0.566,0.078,0.054,0.127,0.016,0.002,0.035,0.073,0.026,0
2020-11-10,0.006,0.0,0.0,0.018,0.05,0.089,0.277,0.018,0.022,0.007,0.09,0.238,0.294,0.085,0.036,1
2020-11-11,0.185,0.004,0.009,0.009,0.029,0.122,0.329,0.178,0.042,0.16,0.046,0.098,0.247,0.112,0.105,2
2020-11-12,0.116,0.059,0.041,0.036,0.051,0.076,0.195,0.161,0.241,0.259,0.217,0.165,0.258,0.144,0.153,3
2020-11-13,0.056,0.013,0.007,0.002,0.008,0.035,0.03,0.028,0.007,0.004,0.01,0.004,0.052,0.02,0.012,4
2020-11-14,0.015,0.016,0.004,0.004,0.001,0.063,0.255,0.031,0.008,0.002,0.003,0.001,0.08,0.037,0.012,5
2020-11-15,0.1,0.071,0.005,0.001,0.005,0.014,0.314,0.199,0.116,0.004,0.0,0.004,0.043,0.067,0.029,6
2020-11-16,0.011,0.021,0.056,0.004,0.001,0.014,0.555,0.099,0.089,0.149,0.012,0.001,0.028,0.08,0.025,0
2020-11-17,0.007,0.001,0.001,0.014,0.041,0.078,0.271,0.015,0.023,0.002,0.069,0.233,0.283,0.08,0.032,1
2020-11-18,0.189,0.005,0.006,0.01,0.026,0.123,0.328,0.191,0.053,0.168,0.058,0.099,0.272,0.118,0.108,2
2020-11-19,0.094,0.05,0.059,0.039,0.052,0.113,0.183,0.149,0.233,0.282,0.196,0.161,0.283,0.146,0.147,3
2020-11-20,0.045,0.012,0.006,0.004,0.007,0.034,0.026,0.029,0.007,0.003,0.008,0.004,0.048,0.018,0.01,4
2020-11-21,0.027,0.013,0.004,0.003,0.002,0.066,0.245,0.03,0.008,0.002,0.002,0.001,0.071,0.036,0.01,5
2020-11-22,0.141,0.078,0.005,0.001,0.004,0.008,0.339,0.196,0.093,0.004,0.001,0.004,0.019,0.069,0.014,6
2020-11-23,0.018,0.024,0.086,0.004,0.001,0.017,0.563,0.099,0.088,0.119,0.008,0.001,0.022,0.081,0.023,0
2020-11-24,0.007,0.001,0.001,0.018,0.061,0.113,0.271,0.01,0.016,0.003,0.069,0.239,0.299,0.085,0.04,1
2020-11-25,0.177,0.006,0.009,0.013,0.028,0.168,0.43,0.227,0.087,0.206,0.076,0.131,0.285,0.142,0.136,2
2020-11-26,0.087,0.068,0.084,0.039,0.07,0.094,0.207,0.125,0.195,0.24,0.15,0.139,0.237,0.133,0.129,3
2020-11-27,0.049,0.008,0.004,0.004,0.006,0.023,0.031,0.029,0.007,0.003,0.007,0.006,0.036,0.016,0.008,4
2020-11-28,0.025,0.011,0.002,0.002,0.001,0.049,0.196,0.023,0.009,0.002,0.002,0.001,0.054,0.029,0.01,5
2020-11-29,0.127,0.071,0.004,0.001,0.003,0.01,0.292,0.192,0.088,0.005,0.001,0.003,0.009,0.062,0.009,6
2020-11-30,0.013,0.02,0.039,0.004,0.001,0.023,0.562,0.099,0.075,0.117,0.01,0.001,0.032,0.077,0.027,0
2020-12-01,0.009,0.001,0.0,0.013,0.054,0.109,0.25,0.013,0.007,0.004,0.041,0.184,0.21,0.069,0.027,1
2020-12-02,0.196,0.002,0.004,0.005,0.019,0.123,0.369,0.169,0.025,0.112,0.028,0.066,0.26,0.106,0.086,2
2020-12-03,0.101,0.046,0.042,0.029,0.048,0.083,0.196,0.19,0.266,0.237,0.264,0.178,0.304,0.153,0.165,3
2020-12-04,0.048,0.009,0.004,0.003,0.004,0.027,0.042,0.026,0.005,0.008,0.019,0.006,0.055,0.02,0.014,4
2020-12-05,0.025,0.013,0.003,0.002,0.001,0.056,0.224,0.038,0.008,0.001,0.003,0.002,0.098,0.036,0.011,5
2020-12-06,0.131,0.063,0.005,0.001,0.003,0.016,0.315,0.189,0.126,0.005,0.0,0.002,0.031,0.068,0.024,6
2020-12-07,0.013,0.021,0.044,0.003,0.001,0.019,0.577,0.103,0.079,0.104,0.006,0.001,0.025,0.077,0.023,0
2020-12-08,0.004,0.001,0.001,0.015,0.051,0.105,0.251,0.016,0.019,0.006,0.042,0.186,0.225,0.071,0.03,1
2020-12-09,0.196,0.004,0.007,0.009,0.028,0.142,0.354,0.202,0.044,0.122,0.052,0.091,0.328,0.121,0.106,2
2020-12-10,0.094,0.045,0.039,0.037,0.054,0.099,0.213,0.173,0.244,0.255,0.241,0.188,0.307,0.153,0.163,3
2020-12-11,0.046,0.011,0.003,0.002,0.005,0.026,0.051,0.025,0.005,0.005,0.013,0.006,0.036,0.018,0.012,4
2020-12-12,0.022,0.014,0.004,0.002,0.001,0.07,0.221,0.042,0.008,0.002,0.002,0.001,0.086,0.037,0.011,5
2020-12-13,0.149,0.071,0.005,0.001,0.003,0.009,0.323,0.182,0.112,0.004,0.001,0.002,0.021,0.068,0.015,6
2020-12-14,0.018,0.017,0.042,0.004,0.001,0.021,0.593,0.109,0.089,0.091,0.006,0.001,0.023,0.078,0.022,0
2020-12-15,0.014,0.001,0.001,0.017,0.05,0.109,0.262,0.017,0.02,0.005,0.047,0.2,0.245,0.076,0.033,1
2020-12-16,0.165,0.003,0.005,0.004,0.028,0.123,0.336,0.177,0.034,0.1,0.041,0.075,0.282,0.106,0.087,2
2020-12-17,0.093,0.068,0.047,0.047,0.064,0.137,0.228,0.176,0.256,0.277,0.242,0.185,0.308,0.164,0.17,3
2020-12-18,0.027,0.007,0.004,0.007,0.012,0.036,0.06,0.023,0.005,0.003,0.009,0.006,0.037,0.018,0.01,4
2020-12-19,0.036,0.012,0.004,0.004,0.007,0.093,0.22,0.037,0.009,0.002,0.002,0.002,0.068,0.038,0.01,5
2020-12-20,0.237,0.114,0.005,0.001,0.005,0.035,0.354,0.187,0.095,0.005,0.001,0.003,0.009,0.081,0.022,6
2020-12-21,0.025,0.027,0.06,0.003,0.002,0.034,0.557,0.09,0.075,0.064,0.007,0.002,0.028,0.075,0.031,0
2020-12-22,0.022,0.002,0.002,0.019,0.072,0.15,0.267,0.019,0.018,0.006,0.056,0.215,0.258,0.085,0.039,1
2020-12-23,0.151,0.011,0.01,0.007,0.026,0.137,0.351,0.161,0.037,0.087,0.035,0.075,0.272,0.105,0.081,2
2020-12-24,0.094,0.081,0.081,0.082,0.086,0.127,0.244,0.185,0.236,0.254,0.232,0.187,0.295,0.168,0.177,3
2020-12-25,0.021,0.003,0.004,0.009,0.004,0.013,0.079,0.02,0.004,0.003,0.01,0.003,0.018,0.015,0.01,4
2020-12-26,0.017,0.009,0.002,0.003,0.002,0.05,0.155,0.03,0.009,0.003,0.002,0.002,0.039,0.025,0.009,5
2020-12-27,0.162,0.07,0.005,0.001,0.004,0.016,0.287,0.193,0.076,0.005,0.002,0.004,0.008,0.064,0.012,6
2020-12-28,0.018,0.013,0.03,0.012,0.003,0.041,0.489,0.108,0.067,0.08,0.015,0.003,0.048,0.071,0.036,0
2020-12-29,0.011,0.002,0.002,0.018,0.103,0.141,0.278,0.044,0.007,0.003,0.041,0.184,0.196,0.079,0.043,1
2020-12-30,0.21,0.013,0.015,0.014,0.034,0.176,0.366,0.186,0.034,0.076,0.032,0.069,0.266,0.115,0.073,2
2020-12-31,0.122,0.081,0.071,0.07,0.09,0.14,0.241,0.176,0.21,0.159,0.2,0.151,0.243,0.15,0.151,3
2021-01-01,0.034,0.004,0.005,0.008,0.007,0.017,0.096,0.021,0.003,0.006,0.031,0.033,0.026,0.022,0.019,4
2021-01-02,0.022,0.011,0.002,0.003,0.001,0.053,0.195,0.039,0.008,0.002,0.003,0.005,0.117,0.035,0.009,5
2021-01-03,0.134,0.063,0.005,0.001,0.004,0.018,0.292,0.227,0.112,0.004,0.001,0.003,0.096,0.074,0.041,6
2021-01-04,0.009,0.011,0.029,0.01,0.002,0.041,0.543,0.102,0.068,0.084,0.01,0.002,0.03,0.073,0.03,0
2021-01-05,0.002,0.001,0.002,0.016,0.089,0.161,0.252,0.026,0.04,0.014,0.053,0.163,0.207,0.079,0.047,1
2021-01-06,0.209,0.007,0.004,0.006,0.022,0.14,0.271,0.166,0.045,0.07,0.026,0.069,0.225,0.097,0.069,2
2021-01-07,0.102,0.044,0.021,0.027,0.046,0.106,0.196,0.151,0.195,0.166,0.207,0.138,0.236,0.126,0.132,3
2021-01-08,0.039,0.008,0.003,0.001,0.005,0.024,0.07,0.015,0.003,0.008,0.015,0.006,0.035,0.018,0.012,4
2021-01-09,0.031,0.013,0.003,0.002,0.001,0.069,0.216,0.051,0.006,0.001,0.006,0.003,0.118,0.04,0.01,5
2021-01-10,0.141,0.078,0.004,0.001,0.003,0.019,0.313,0.196,0.14,0.003,0.0,0.004,0.08,0.075,0.047,6
2021-01-11,0.011,0.011,0.028,0.004,0.001,0.023,0.54,0.088,0.081,0.085,0.005,0.001,0.024,0.069,0.023,0
2021-01-12,0.01,0.0,0.0,0.014,0.049,0.104,0.23,0.013,0.011,0.002,0.034,0.16,0.281,0.07,0.024,1
2021-01-13,0.174,0.002,0.002,0.002,0.021,0.119,0.305,0.179,0.04,0.097,0.028,0.071,0.327,0.105,0.084,2
2021-01-14,0.078,0.044,0.02,0.028,0.031,0.095,0.227,0.182,0.264,0.308,0.306,0.216,0.291,0.161,0.172,3
2021-01-15,0.018,0.007,0.004,0.002,0.011,0.026,0.072,0.021,0.004,0.004,0.022,0.007,0.038,0.018,0.014,4
2021-01-16,0.024,0.007,0.003,0.003,0.001,0.089,0.21,0.032,0.007,0.002,0.003,0.002,0.063,0.034,0.007,5
2021-01-17,0.181,0.103,0.003,0.001,0.003,0.023,0.314,0.174,0.107,0.004,0.001,0.003,0.025,0.072,0.024,6
2021-01-18,0.022,0.024,0.029,0.003,0.001,0.023,0.563,0.099,0.095,0.064,0.007,0.002,0.033,0.074,0.026,0
2021-01-19,0.044,0.001,0.001,0.028,0.058,0.121,0.263,0.017,0.009,0.002,0.058,0.232,0.287,0.086,0.051,1
2021-01-20,0.152,0.003,0.002,0.001,0.029,0.112,0.317,0.175,0.037,0.089,0.023,0.077,0.275,0.099,0.083,2
2021-01-21,0.081,0.048,0.014,0.015,0.018,0.081,0.208,0.188,0.24,0.291,0.309,0.249,0.322,0.159,0.173,3
2021-01-22,0.017,0.007,0.005,0.002,0.008,0.021,0.095,0.024,0.007,0.004,0.023,0.002,0.035,0.019,0.012,4
2021-01-23,0.025,0.007,0.004,0.004,0.003,0.084,0.203,0.02,0.008,0.004,0.003,0.002,0.037,0.031,0.007,5
2021-01-24,0.143,0.058,0.003,0.001,0.005,0.039,0.344,0.178,0.046,0.004,0.002,0.004,0.01,0.064,0.024,6
2021-01-25,0.016,0.007,0.014,0.008,0.002,0.047,0.556,0.103,0.055,0.031,0.018,0.002,0.06,0.071,0.024,0
2021-01-26,0.032,0.0,0.001,0.036,0.08,0.149,0.262,0.016,0.007,0.004,0.066,0.241,0.271,0.09,0.051,1
2021-01-27,0.143,0.004,0.003,0.003,0.037,0.128,0.329,0.185,0.034,0.087,0.038,0.097,0.298,0.107,0.092,2
2021-01-28,0.083,0.051,0.02,0.022,0.03,0.1,0.216,0.169,0.21,0.239,0.266,0.24,0.352,0.154,0.161,3
2021-01-29,0.019,0.011,0.008,0.002,0.006,0.02,0.152,0.027,0.009,0.004,0.016,0.003,0.037,0.024,0.013,4
2021-01-30,0.022,0.008,0.007,0.006,0.002,0.082,0.241,0.019,0.008,0.005,0.003,0.002,0.059,0.036,0.008,5
2021-01-31,0.126,0.035,0.003,0.002,0.007,0.046,0.351,0.199,0.028,0.004,0.002,0.005,0.033,0.065,0.03,6
2021-02-01,0.019,0.011,0.018,0.012,0.004,0.058,0.546,0.107,0.057,0.032,0.027,0.004,0.069,0.074,0.029,0
2021-02-02,0.023,0.001,0.001,0.038,0.09,0.156,0.254,0.027,0.015,0.009,0.076,0.218,0.237,0.088,0.057,1
2021-02-03,0.12,0.006,0.004,0.005,0.035,0.137,0.319,0.186,0.047,0.085,0.044,0.092,0.258,0.103,0.089,2
2021-02-04,0.082,0.054,0.031,0.03,0.051,0.127,0.221,0.161,0.18,0.212,0.227,0.207,0.332,0.147,0.154,3
2021-02-05,0.02,0.014,0.009,0.002,0.005,0.022,0.185,0.03,0.013,0.007,0.014,0.004,0.039,0.028,0.014,4
2021-02-06,0.016,0.009,0.01,0.008,0.005,0.099,0.256,0.021,0.009,0.006,0.005,0.003,0.083,0.041,0.01,5
2021-02-07,0.122,0.021,0.004,0.003,0.01,0.068,0.359,0.224,0.03,0.004,0.002,0.008,0.044,0.069,0.025,6
2021-02-08,0.017,0.007,0.018,0.015,0.005,0.078,0.525,0.098,0.035,0.04,0.037,0.005,0.089,0.075,0.036,0
2021-02-09,0.031,0.001,0.001,0.045,0.098,0.153,0.242,0.024,0.012,0.005,0.076,0.21,0.231,0.087,0.06,1
2021-02-10,0.105,0.004,0.006,0.006,0.041,0.131,0.328,0.169,0.034,0.098,0.044,0.09,0.221,0.098,0.094,2
2021-02-11,0.096,0.053,0.025,0.031,0.041,0.133,0.207,0.161,0.171,0.182,0.19,0.187,0.281,0.135,0.148,3
2021-02-12,0.021,0.016,0.012,0.003,0.005,0.019,0.254,0.041,0.019,0.009,0.02,0.004,0.031,0.035,0.019,4
2021-02-13,0.019,0.009,0.012,0.009,0.008,0.1,0.279,0.025,0.01,0.01,0.006,0.003,0.081,0.044,0.011,5
2021-02-14,0.127,0.025,0.003,0.003,0.011,0.092,0.419,0.226,0.02,0.005,0.003,0.01,0.077,0.079,0.022,6
2021-02-15,0.02,0.005,0.018,0.021,0.007,0.081,0.478,0.069,0.022,0.048,0.056,0.009,0.112,0.073,0.035,0
2021-02-16,0.016,0.001,0.002,0.037,0.105,0.136,0.238,0.042,0.019,0.011,0.074,0.208,0.203,0.084,0.058,1
2021-02-17,0.092,0.008,0.007,0.01,0.031,0.131,0.307,0.162,0.035,0.098,0.051,0.075,0.195,0.093,0.083,2
2021-02-18,0.08,0.073,0.051,0.047,0.073,0.108,0.217,0.159,0.178,0.171,0.155,0.188,0.231,0.133,0.144,3
2021-02-19,0.024,0.015,0.015,0.005,0.004,0.021,0.275,0.051,0.023,0.011,0.019,0.004,0.028,0.038,0.02,4
2021-02-20,0.013,0.01,0.011,0.009,0.005,0.092,0.294,0.032,0.013,0.013,0.007,0.006,0.077,0.045,0.013,5
2021-02-21,0.114,0.018,0.004,0.003,0.012,0.069,0.411,0.223,0.033,0.007,0.004,0.014,0.085,0.077,0.026,6
2021-02-22,0.016,0.005,0.016,0.022,0.006,0.088,0.496,0.058,0.021,0.053,0.055,0.009,0.119,0.074,0.037,0
2021-02-23,0.022,0.001,0.002,0.046,0.105,0.143,0.249,0.036,0.021,0.009,0.087,0.188,0.213,0.086,0.066,1
2021-02-24,0.094,0.007,0.007,0.007,0.035,0.136,0.316,0.16,0.035,0.098,0.047,0.078,0.179,0.092,0.085,2
2021-02-25,0.073,0.06,0.039,0.036,0.053,0.106,0.205,0.167,0.162,0.142,0.15,0.147,0.203,0.119,0.13,3
2021-02-26,0.026,0.016,0.015,0.006,0.004,0.021,0.289,0.052,0.025,0.013,0.023,0.004,0.021,0.04,0.021,4
2021-02-27,0.021,0.011,0.013,0.01,0.005,0.092,0.299,0.037,0.013,0.013,0.007,0.008,0.085,0.047,0.013,5
2021-02-28,0.098,0.024,0.004,0.003,0.014,0.073,0.411,0.228,0.032,0.006,0.004,0.013,0.104,0.078,0.028,6
2021-03-01,0.017,0.004,0.013,0.018,0.006,0.089,0.488,0.056,0.027,0.047,0.05,0.009,0.107,0.072,0.037,0
2021-03-02,0.011,0.002,0.002,0.034,0.099,0.126,0.247,0.036,0.019,0.009,0.077,0.19,0.208,0.081,0.056,1
2021-03-03,0.088,0.006,0.007,0.006,0.031,0.136,0.317,0.165,0.035,0.101,0.045,0.077,0.183,0.092,0.082,2
2021-03-04,0.073,0.058,0.037,0.036,0.051,0.108,0.215,0.178,0.178,0.151,0.165,0.171,0.206,0.125,0.138,3
2021-03-05,0.026,0.015,0.015,0.005,0.003,0.019,0.288,0.059,0.028,0.013,0.025,0.003,0.019,0.04,0.019,4
2021-03-06,0.019,0.01,0.012,0.009,0.005,0.082,0.321,0.035,0.012,0.013,0.008,0.011,0.089,0.048,0.013,5
2021-03-07,0.122,0.027,0.004,0.003,0.013,0.05,0.406,0.223,0.032,0.006,0.003,0.013,0.101,0.077,0.03,6
2021-03-08,0.021,0.007,0.014,0.014,0.005,0.071,0.534,0.058,0.034,0.048,0.04,0.007,0.094,0.073,0.037,0
2021-03-09,0.014,0.001,0.002,0.042,0.095,0.123,0.26,0.037,0.019,0.007,0.102,0.195,0.215,0.085,0.064,1
2021-03-10,0.087,0.007,0.008,0.006,0.036,0.14,0.309,0.163,0.038,0.101,0.043,0.075,0.178,0.092,0.081,2
2021-03-11,0.083,0.073,0.048,0.049,0.064,0.107,0.232,0.179,0.188,0.155,0.183,0.173,0.188,0.132,0.144,3
2021-03-12,0.027,0.017,0.015,0.006,0.004,0.02,0.285,0.058,0.033,0.013,0.025,0.003,0.02,0.04,0.02,4
2021-03-13,0.02,0.01,0.011,0.009,0.003,0.097,0.307,0.035,0.014,0.015,0.008,0.006,0.083,0.048,0.014,5
2021-03-14,0.127,0.029,0.004,0.003,0.013,0.047,0.41,0.221,0.037,0.005,0.003,0.013,0.092,0.077,0.033,6
2021-03-15,0.02,0.005,0.016,0.013,0.005,0.073,0.522,0.047,0.02,0.044,0.039,0.007,0.101,0.07,0.03,0
2021-03-16,0.019,0.002,0.001,0.038,0.09,0.126,0.254,0.033,0.014,0.005,0.095,0.198,0.223,0.084,0.061,1
2021-03-17,0.093,0.006,0.006,0.005,0.028,0.128,0.28,0.15,0.028,0.088,0.037,0.067,0.165,0.083,0.075,2
2021-03-18,0.076,0.064,0.036,0.039,0.055,0.093,0.216,0.177,0.185,0.151,0.183,0.167,0.192,0.126,0.138,3
2021-03-19,0.028,0.013,0.014,0.005,0.003,0.02,0.261,0.059,0.031,0.014,0.035,0.003,0.023,0.039,0.022,4
2021-03-20,0.02,0.01,0.012,0.008,0.002,0.07,0.298,0.036,0.015,0.018,0.007,0.006,0.074,0.044,0.016,5
2021-03-21,0.11,0.032,0.005,0.003,0.015,0.04,0.376,0.218,0.048,0.006,0.004,0.013,0.101,0.075,0.036,6
2021-03-22,0.019,0.005,0.017,0.017,0.005,0.073,0.495,0.049,0.021,0.052,0.05,0.009,0.107,0.071,0.035,0
2021-03-23,0.014,0.001,0.002,0.037,0.102,0.123,0.267,0.037,0.013,0.006,0.093,0.206,0.237,0.088,0.062,1
2021-03-24,0.099,0.007,0.007,0.007,0.033,0.133,0.306,0.159,0.032,0.123,0.044,0.085,0.176,0.093,0.089,2
2021-03-25,0.073,0.066,0.039,0.041,0.061,0.099,0.235,0.191,0.202,0.169,0.181,0.177,0.203,0.134,0.151,3
2021-03-26,0.028,0.014,0.013,0.004,0.003,0.022,0.227,0.055,0.031,0.013,0.025,0.004,0.022,0.035,0.022,4
2021-03-27,0.021,0.01,0.012,0.009,0.002,0.087,0.292,0.035,0.012,0.015,0.007,0.006,0.114,0.048,0.014,5
2021-03-28,0.122,0.04,0.004,0.003,0.015,0.05,0.361,0.23,0.058,0.005,0.003,0.011,0.128,0.079,0.045,6
2021-03-29,0.02,0.011,0.016,0.011,0.004,0.066,0.519,0.056,0.027,0.048,0.033,0.007,0.074,0.068,0.03,0
2021-03-30,0.007,0.001,0.002,0.032,0.077,0.109,0.255,0.033,0.012,0.004,0.082,0.185,0.215,0.078,0.055,1
2021-03-31,0.099,0.006,0.007,0.005,0.031,0.126,0.299,0.15,0.026,0.102,0.039,0.077,0.179,0.088,0.082,2
2021-04-01,0.061,0.052,0.036,0.043,0.048,0.091,0.22,0.182,0.204,0.168,0.218,0.184,0.235,0.134,0.151,3
2021-04-02,0.029,0.013,0.012,0.005,0.002,0.02,0.227,0.061,0.03,0.018,0.047,0.003,0.018,0.037,0.019,4
2021-04-03,0.016,0.009,0.009,0.009,0.002,0.08,0.3,0.028,0.012,0.013,0.007,0.007,0.09,0.045,0.013,5
2021-04-04,0.104,0.032,0.004,0.002,0.013,0.036,0.376,0.208,0.046,0.006,0.002,0.012,0.083,0.071,0.034,6
2021-04-05,0.014,0.008,0.011,0.007,0.003,0.052,0.504,0.048,0.028,0.045,0.036,0.006,0.086,0.065,0.032,0
2021-04-06,0.011,0.001,0.002,0.03,0.069,0.119,0.244,0.035,0.011,0.003,0.085,0.211,0.253,0.083,0.052,1
2021-04-07,0.091,0.005,0.007,0.005,0.033,0.119,0.312,0.14,0.026,0.119,0.037,0.083,0.2,0.09,0.087,2
2021-04-08,0.06,0.05,0.027,0.037,0.045,0.091,0.234,0.185,0.219,0.182,0.199,0.198,0.254,0.137,0.16,3
2021-04-09,0.028,0.015,0.013,0.003,0.002,0.018,0.252,0.066,0.027,0.018,0.051,0.003,0.018,0.04,0.018,4
2021-04-10,0.014,0.009,0.01,0.01,0.004,0.102,0.323,0.028,0.012,0.012,0.008,0.006,0.091,0.048,0.012,5
2021-04-11,0.12,0.025,0.004,0.002,0.015,0.072,0.389,0.214,0.042,0.006,0.002,0.013,0.103,0.077,0.034,6
2021-04-12,0.013,0.005,0.014,0.01,0.005,0.071,0.478,0.04,0.017,0.047,0.052,0.007,0.119,0.068,0.029,0
2021-04-13,0.011,0.001,0.002,0.041,0.071,0.136,0.218,0.027,0.014,0.004,0.089,0.203,0.246,0.082,0.056,1
2021-04-14,0.079,0.004,0.006,0.004,0.032,0.112,0.336,0.132,0.021,0.108,0.034,0.072,0.191,0.087,0.076,2
2021-04-15,0.062,0.049,0.027,0.039,0.045,0.094,0.234,0.19,0.211,0.16,0.205,0.206,0.257,0.137,0.149,3
2021-04-16,0.031,0.019,0.016,0.007,0.002,0.017,0.317,0.087,0.034,0.025,0.084,0.003,0.021,0.051,0.023,4
2021-04-17,0.014,0.008,0.011,0.012,0.009,0.121,0.338,0.024,0.015,0.014,0.011,0.004,0.078,0.051,0.014,5
2021-04-18,0.166,0.024,0.003,0.002,0.014,0.129,0.406,0.191,0.03,0.006,0.002,0.015,0.103,0.084,0.027,6
2021-04-19,0.02,0.006,0.026,0.016,0.008,0.085,0.451,0.032,0.007,0.047,0.065,0.01,0.138,0.07,0.029,0
2021-04-20,0.012,0.002,0.002,0.039,0.073,0.124,0.201,0.029,0.01,0.004,0.065,0.175,0.187,0.071,0.052,1
2021-04-21,0.068,0.005,0.009,0.004,0.037,0.115,0.365,0.135,0.02,0.116,0.044,0.078,0.182,0.091,0.073,2
2021-04-22,0.063,0.053,0.029,0.039,0.045,0.085,0.214,0.17,0.2,0.14,0.178,0.2,0.219,0.126,0.133,3
2021-04-23,0.035,0.022,0.021,0.012,0.002,0.016,0.373,0.107,0.037,0.027,0.097,0.004,0.024,0.06,0.026,4
2021-04-24,0.008,0.01,0.013,0.013,0.014,0.144,0.333,0.022,0.02,0.019,0.013,0.004,0.073,0.053,0.016,5
2021-04-25,0.2,0.008,0.004,0.002,0.018,0.13,0.416,0.156,0.019,0.01,0.003,0.021,0.072,0.081,0.02,6
2021-04-26,0.027,0.01,0.021,0.02,0.011,0.098,0.425,0.03,0.01,0.037,0.064,0.013,0.148,0.07,0.028,0
2021-04-27,0.024,0.003,0.003,0.044,0.073,0.123,0.193,0.034,0.01,0.003,0.062,0.157,0.168,0.069,0.053,1
2021-04-28,0.065,0.006,0.013,0.007,0.048,0.122,0.36,0.14,0.019,0.112,0.053,0.076,0.18,0.092,0.07,2
2021-04-29,0.076,0.057,0.03,0.041,0.052,0.096,0.2,0.167,0.181,0.114,0.141,0.183,0.186,0.117,0.116,3
2021-04-30,0.045,0.03,0.027,0.026,0.003,0.015,0.421,0.12,0.041,0.032,0.101,0.005,0.024,0.069,0.031,4
2021-05-01,0.013,0.015,0.02,0.018,0.016,0.155,0.336,0.028,0.029,0.028,0.018,0.009,0.071,0.058,0.024,5
2021-05-02,0.209,0.009,0.007,0.004,0.024,0.135,0.405,0.131,0.013,0.016,0.005,0.029,0.096,0.083,0.027,6
2021-05-03,0.036,0.011,0.022,0.028,0.016,0.103,0.398,0.032,0.009,0.033,0.064,0.016,0.135,0.07,0.033,0
2021-05-04,0.025,0.004,0.004,0.049,0.083,0.127,0.181,0.049,0.018,0.006,0.064,0.144,0.15,0.069,0.057,1
2021-05-05,0.063,0.01,0.019,0.013,0.047,0.124,0.339,0.142,0.028,0.106,0.058,0.072,0.162,0.091,0.067,2
2021-05-06,0.07,0.06,0.038,0.043,0.057,0.093,0.195,0.16,0.167,0.103,0.108,0.15,0.144,0.107,0.105,3
2021-05-07,0.053,0.032,0.031,0.027,0.004,0.017,0.415,0.129,0.047,0.038,0.086,0.007,0.023,0.07,0.035,4
2021-05-08,0.014,0.018,0.023,0.022,0.011,0.169,0.324,0.028,0.039,0.037,0.024,0.008,0.084,0.062,0.026,5
2021-05-09,0.222,0.01,0.008,0.005,0.024,0.094,0.376,0.14,0.014,0.017,0.006,0.033,0.091,0.08,0.029,6
2021-05-10,0.049,0.014,0.021,0.021,0.014,0.092,0.396,0.04,0.012,0.035,0.05,0.016,0.122,0.068,0.037,0
2021-05-11,0.036,0.007,0.006,0.045,0.069,0.101,0.171,0.066,0.012,0.005,0.058,0.119,0.123,0.063,0.061,1
2021-05-12,0.064,0.013,0.02,0.012,0.05,0.124,0.333,0.14,0.026,0.096,0.051,0.076,0.149,0.089,0.07,2
2021-05-13,0.089,0.073,0.049,0.053,0.069,0.115,0.2,0.187,0.181,0.11,0.104,0.139,0.142,0.116,0.112,3
2021-05-14,0.05,0.03,0.032,0.029,0.005,0.017,0.378,0.134,0.051,0.043,0.071,0.008,0.019,0.067,0.037,4
2021-05-15,0.017,0.017,0.023,0.023,0.008,0.169,0.307,0.026,0.042,0.04,0.026,0.008,0.09,0.061,0.026,5
2021-05-16,0.236,0.013,0.008,0.006,0.024,0.108,0.363,0.146,0.021,0.017,0.007,0.032,0.118,0.085,0.028,6
2021-05-17,0.059,0.016,0.02,0.023,0.015,0.087,0.353,0.041,0.014,0.038,0.052,0.019,0.116,0.066,0.04,0
2021-05-18,0.041,0.01,0.007,0.043,0.07,0.094,0.165,0.078,0.013,0.005,0.056,0.114,0.118,0.063,0.059,1
2021-05-19,0.065,0.017,0.02,0.015,0.047,0.124,0.296,0.139,0.028,0.081,0.044,0.073,0.148,0.084,0.069,2
2021-05-20,0.09,0.076,0.058,0.05,0.069,0.128,0.197,0.196,0.175,0.112,0.096,0.128,0.152,0.117,0.115,3
2021-05-21,0.057,0.032,0.037,0.028,0.006,0.015,0.349,0.141,0.056,0.05,0.074,0.008,0.017,0.067,0.044,4
2021-05-22,0.022,0.019,0.024,0.023,0.007,0.156,0.293,0.029,0.044,0.043,0.025,0.01,0.094,0.061,0.027,5
2021-05-23,0.228,0.014,0.009,0.007,0.027,0.102,0.336,0.146,0.023,0.02,0.009,0.033,0.102,0.081,0.03,6
2021-05-24,0.064,0.016,0.023,0.025,0.018,0.095,0.352,0.039,0.012,0.043,0.053,0.024,0.11,0.067,0.041,0
2021-05-25,0.05,0.013,0.008,0.046,0.073,0.091,0.17,0.094,0.016,0.006,0.061,0.106,0.12,0.066,0.063,1
2021-05-26,0.073,0.023,0.028,0.019,0.054,0.129,0.293,0.144,0.034,0.09,0.047,0.081,0.146,0.089,0.077,2
2021-05-27,0.101,0.09,0.073,0.059,0.079,0.124,0.209,0.188,0.182,0.115,0.089,0.122,0.146,0.121,0.118,3
2021-05-28,0.053,0.029,0.03,0.029,0.007,0.016,0.343,0.134,0.056,0.047,0.064,0.01,0.018,0.064,0.039,4
2021-05-29,0.023,0.016,0.021,0.02,0.006,0.154,0.288,0.031,0.039,0.04,0.021,0.007,0.12,0.061,0.027,5
2021-05-30,0.207,0.015,0.008,0.007,0.023,0.072,0.312,0.152,0.019,0.019,0.009,0.029,0.081,0.073,0.026,6
2021-05-31,0.069,0.02,0.015,0.018,0.014,0.061,0.27,0.042,0.014,0.03,0.04,0.02,0.082,0.054,0.035,0
2021-06-01,0.049,0.015,0.009,0.055,0.068,0.108,0.167,0.149,0.025,0.007,0.081,0.103,0.132,0.075,0.071,1
2021-06-02,0.072,0.024,0.022,0.017,0.041,0.118,0.257,0.145,0.036,0.073,0.041,0.071,0.142,0.082,0.072,2
2021-06-03,0.095,0.082,0.075,0.051,0.063,0.134,0.208,0.188,0.184,0.122,0.079,0.117,0.141,0.118,0.118,3
2021-06-04,0.047,0.024,0.025,0.019,0.007,0.014,0.301,0.126,0.058,0.047,0.059,0.01,0.014,0.058,0.036,4
2021-06-05,0.025,0.019,0.025,0.022,0.006,0.157,0.297,0.035,0.046,0.051,0.027,0.011,0.136,0.066,0.031,5
2021-06-06,0.219,0.02,0.008,0.007,0.022,0.062,0.301,0.158,0.022,0.019,0.01,0.028,0.1,0.075,0.025,6
2021-06-07,0.068,0.018,0.018,0.021,0.018,0.072,0.303,0.042,0.013,0.041,0.049,0.028,0.103,0.061,0.042,0
2021-06-08,0.043,0.016,0.01,0.033,0.062,0.083,0.156,0.113,0.02,0.007,0.066,0.108,0.127,0.065,0.064,1
2021-06-09,0.076,0.026,0.026,0.025,0.046,0.128,0.279,0.156,0.044,0.091,0.058,0.093,0.164,0.093,0.083,2
2021-06-10,0.083,0.08,0.08,0.053,0.073,0.119,0.211,0.186,0.192,0.135,0.078,0.122,0.158,0.121,0.12,3
2021-06-11,0.047,0.025,0.022,0.017,0.009,0.015,0.306,0.117,0.056,0.043,0.052,0.012,0.014,0.056,0.034,4
2021-06-12,0.031,0.019,0.025,0.019,0.004,0.139,0.285,0.04,0.044,0.047,0.024,0.006,0.135,0.063,0.035,5
2021-06-13,0.21,0.02,0.009,0.008,0.023,0.066,0.295,0.156,0.023,0.019,0.011,0.029,0.111,0.075,0.026,6
2021-06-14,0.061,0.018,0.02,0.023,0.02,0.078,0.31,0.042,0.014,0.056,0.052,0.034,0.107,0.064,0.047,0
2021-06-15,0.039,0.016,0.011,0.033,0.064,0.083,0.157,0.113,0.02,0.006,0.07,0.106,0.134,0.065,0.065,1
2021-06-16,0.071,0.023,0.023,0.017,0.04,0.125,0.297,0.162,0.042,0.087,0.051,0.094,0.166,0.092,0.079,2
2021-06-17,0.079,0.077,0.07,0.04,0.052,0.095,0.216,0.193,0.202,0.138,0.077,0.115,0.15,0.116,0.105,3
2021-06-18,0.04,0.019,0.017,0.018,0.007,0.012,0.326,0.11,0.048,0.036,0.05,0.01,0.011,0.054,0.027,4
2021-06-19,0.029,0.019,0.024,0.019,0.005,0.132,0.29,0.039,0.042,0.045,0.021,0.007,0.16,0.064,0.034,5
2021-06-20,0.199,0.018,0.009,0.007,0.021,0.057,0.284,0.167,0.022,0.016,0.009,0.024,0.104,0.072,0.023,6
2021-06-21,0.056,0.017,0.018,0.022,0.019,0.074,0.303,0.037,0.014,0.046,0.046,0.032,0.1,0.06,0.042,0
2021-06-22,0.039,0.015,0.011,0.031,0.058,0.077,0.154,0.11,0.018,0.007,0.068,0.102,0.132,0.063,0.061,1
2021-06-23,0.078,0.026,0.027,0.022,0.043,0.128,0.299,0.164,0.044,0.093,0.054,0.104,0.18,0.097,0.085,2
2021-06-24,0.077,0.079,0.069,0.042,0.057,0.084,0.218,0.194,0.211,0.141,0.094,0.137,0.155,0.12,0.107,3
2021-06-25,0.046,0.02,0.02,0.014,0.007,0.011,0.326,0.119,0.054,0.043,0.058,0.01,0.012,0.057,0.032,4
2021-06-26,0.033,0.019,0.021,0.02,0.005,0.132,0.295,0.044,0.041,0.044,0.024,0.008,0.184,0.067,0.037,5
2021-06-27,0.186,0.022,0.008,0.006,0.02,0.044,0.283,0.176,0.025,0.014,0.009,0.023,0.123,0.072,0.024,6
2021-06-28,0.05,0.015,0.016,0.02,0.017,0.08,0.316,0.035,0.012,0.045,0.044,0.031,0.1,0.06,0.04,0
2021-06-29,0.03,0.016,0.01,0.028,0.058,0.078,0.17,0.098,0.017,0.006,0.071,0.106,0.146,0.064,0.061,1
2021-06-30,0.078,0.025,0.027,0.021,0.037,0.129,0.285,0.16,0.038,0.083,0.044,0.101,0.182,0.093,0.08,2
2021-07-01,0.071,0.083,0.069,0.044,0.068,0.075,0.225,0.195,0.217,0.138,0.105,0.137,0.164,0.122,0.114,3
2021-07-02,0.059,0.022,0.024,0.016,0.005,0.012,0.313,0.131,0.051,0.05,0.07,0.009,0.012,0.059,0.037,4
2021-07-03,0.035,0.019,0.016,0.017,0.005,0.12,0.298,0.046,0.035,0.034,0.019,0.009,0.19,0.065,0.035,5
2021-07-04,0.166,0.024,0.007,0.005,0.017,0.038,0.276,0.183,0.036,0.012,0.007,0.02,0.133,0.071,0.03,6
2021-07-05,0.05,0.016,0.01,0.016,0.011,0.057,0.248,0.034,0.013,0.023,0.03,0.018,0.066,0.045,0.026,0
2021-07-06,0.016,0.017,0.009,0.029,0.056,0.102,0.184,0.135,0.017,0.005,0.1,0.12,0.192,0.076,0.066,1
2021-07-07,0.086,0.019,0.027,0.02,0.029,0.114,0.279,0.15,0.035,0.082,0.042,0.09,0.167,0.088,0.084,2
2021-07-08,0.068,0.085,0.065,0.05,0.071,0.072,0.225,0.22,0.214,0.124,0.125,0.135,0.181,0.126,0.124,3
2021-07-09,0.074,0.027,0.028,0.017,0.003,0.01,0.294,0.142,0.059,0.07,0.1,0.007,0.013,0.065,0.044,4
2021-07-10,0.036,0.019,0.013,0.015,0.002,0.095,0.296,0.045,0.028,0.026,0.018,0.007,0.198,0.062,0.027,5
2021-07-11,0.178,0.031,0.005,0.003,0.013,0.04,0.293,0.199,0.047,0.007,0.003,0.013,0.169,0.077,0.036,6
2021-07-12,0.043,0.011,0.011,0.013,0.009,0.07,0.385,0.031,0.011,0.046,0.035,0.018,0.075,0.058,0.033,0
2021-07-13,0.017,0.01,0.006,0.022,0.05,0.08,0.181,0.069,0.016,0.004,0.083,0.113,0.168,0.063,0.057,1
2021-07-14,0.093,0.015,0.018,0.009,0.028,0.117,0.327,0.151,0.029,0.088,0.039,0.101,0.178,0.092,0.09,2
2021-07-15,0.062,0.08,0.048,0.04,0.051,0.057,0.223,0.208,0.239,0.139,0.136,0.148,0.186,0.124,0.13,3
2021-07-16,0.064,0.018,0.026,0.014,0.002,0.008,0.266,0.117,0.033,0.051,0.095,0.006,0.012,0.055,0.029,4
2021-07-17,0.034,0.017,0.009,0.016,0.002,0.081,0.293,0.049,0.025,0.016,0.016,0.006,0.187,0.058,0.021,5
2021-07-18,0.146,0.036,0.004,0.002,0.015,0.031,0.306,0.194,0.058,0.006,0.002,0.012,0.118,0.071,0.033,6
2021-07-19,0.021,0.005,0.007,0.008,0.004,0.055,0.447,0.022,0.009,0.045,0.029,0.009,0.051,0.055,0.022,0
2021-07-20,0.012,0.005,0.002,0.022,0.056,0.093,0.19,0.053,0.012,0.002,0.081,0.131,0.204,0.066,0.054,1
2021-07-21,0.093,0.007,0.011,0.005,0.032,0.121,0.343,0.144,0.022,0.094,0.043,0.095,0.191,0.092,0.093,2
2021-07-22,0.073,0.066,0.031,0.043,0.053,0.074,0.231,0.218,0.239,0.132,0.175,0.171,0.22,0.133,0.132,3
2021-07-23,0.066,0.017,0.024,0.011,0.001,0.009,0.23,0.117,0.025,0.062,0.123,0.007,0.023,0.055,0.025,4
2021-07-24,0.024,0.017,0.007,0.018,0.001,0.104,0.289,0.049,0.021,0.008,0.015,0.013,0.192,0.058,0.02,5
2021-07-25,0.121,0.037,0.004,0.001,0.018,0.021,0.334,0.22,0.064,0.006,0.001,0.011,0.084,0.071,0.029,6
2021-07-26,0.008,0.004,0.009,0.005,0.003,0.061,0.474,0.023,0.017,0.053,0.03,0.006,0.054,0.057,0.02,0
2021-07-27,0.013,0.002,0.001,0.024,0.058,0.102,0.193,0.042,0.013,0.002,0.072,0.142,0.21,0.067,0.05,1
2021-07-28,0.1,0.005,0.007,0.004,0.034,0.12,0.354,0.122,0.016,0.108,0.052,0.1,0.184,0.093,0.097,2
2021-07-29,0.09,0.07,0.018,0.044,0.043,0.076,0.236,0.201,0.225,0.122,0.171,0.168,0.227,0.13,0.126,3
2021-07-30,0.067,0.021,0.024,0.02,0.002,0.018,0.263,0.108,0.022,0.07,0.139,0.01,0.031,0.061,0.027,4
2021-07-31,0.029,0.019,0.008,0.018,0.002,0.115,0.31,0.038,0.018,0.007,0.017,0.013,0.156,0.058,0.018,5
2021-08-01,0.112,0.03,0.005,0.002,0.02,0.058,0.346,0.218,0.064,0.007,0.001,0.015,0.112,0.076,0.044,6
2021-08-02,0.01,0.006,0.009,0.01,0.004,0.07,0.452,0.028,0.015,0.052,0.048,0.005,0.078,0.06,0.021,0
2021-08-03,0.01,0.002,0.001,0.016,0.053,0.123,0.192,0.044,0.017,0.003,0.059,0.136,0.205,0.066,0.049,1
2021-08-04,0.109,0.007,0.008,0.004,0.032,0.119,0.347,0.12,0.021,0.116,0.051,0.09,0.178,0.093,0.091,2
2021-08-05,0.082,0.066,0.031,0.055,0.062,0.092,0.247,0.194,0.221,0.14,0.195,0.195,0.229,0.139,0.14,3
2021-08-06,0.05,0.017,0.018,0.01,0.001,0.015,0.262,0.09,0.016,0.065,0.135,0.005,0.016,0.054,0.018,4
2021-08-07,0.026,0.019,0.006,0.021,0.002,0.14,0.324,0.027,0.016,0.004,0.014,0.004,0.115,0.055,0.02,5
2021-08-08,0.137,0.026,0.005,0.001,0.019,0.061,0.33,0.208,0.056,0.006,0.001,0.014,0.088,0.073,0.041,6
2021-08-09,0.005,0.003,0.008,0.006,0.002,0.055,0.509,0.036,0.024,0.051,0.042,0.004,0.072,0.063,0.03,0
2021-08-10,0.016,0.002,0.001,0.023,0.064,0.118,0.199,0.017,0.007,0.002,0.062,0.158,0.185,0.066,0.043,1
2021-08-11,0.096,0.006,0.011,0.006,0.041,0.111,0.377,0.104,0.013,0.13,0.05,0.101,0.169,0.093,0.094,2
2021-08-12,0.082,0.069,0.033,0.051,0.064,0.097,0.233,0.194,0.22,0.116,0.187,0.175,0.233,0.135,0.126,3
2021-08-13,0.043,0.012,0.017,0.02,0.002,0.018,0.282,0.091,0.014,0.064,0.155,0.003,0.016,0.057,0.019,4
2021-08-14,0.021,0.016,0.005,0.021,0.003,0.141,0.313,0.024,0.015,0.004,0.014,0.002,0.092,0.052,0.018,5
2021-08-15,0.14,0.028,0.004,0.001,0.017,0.092,0.321,0.195,0.044,0.006,0.001,0.016,0.067,0.072,0.036,6
2021-08-16,0.007,0.003,0.008,0.011,0.003,0.059,0.482,0.026,0.015,0.033,0.046,0.005,0.096,0.061,0.02,0
2021-08-17,0.019,0.001,0.001,0.029,0.075,0.123,0.214,0.02,0.006,0.007,0.065,0.172,0.178,0.07,0.047,1
2021-08-18,0.09,0.005,0.01,0.006,0.046,0.116,0.421,0.126,0.025,0.162,0.065,0.108,0.182,0.105,0.097,2
2021-08-19,0.093,0.084,0.024,0.062,0.058,0.094,0.281,0.174,0.216,0.105,0.177,0.16,0.223,0.135,0.12,3
2021-08-20,0.052,0.011,0.021,0.028,0.003,0.012,0.335,0.095,0.012,0.052,0.135,0.005,0.016,0.06,0.024,4
2021-08-21,0.019,0.015,0.005,0.014,0.004,0.134,0.315,0.026,0.014,0.005,0.013,0.005,0.092,0.051,0.015,5
2021-08-22,0.144,0.018,0.004,0.001,0.013,0.067,0.349,0.196,0.03,0.006,0.001,0.014,0.059,0.07,0.024,6
2021-08-23,0.009,0.002,0.01,0.01,0.004,0.067,0.482,0.022,0.009,0.03,0.03,0.004,0.086,0.059,0.016,0
2021-08-24,0.019,0.002,0.002,0.031,0.069,0.118,0.199,0.019,0.006,0.002,0.057,0.143,0.157,0.063,0.044,1
2021-08-25,0.071,0.006,0.008,0.003,0.037,0.113,0.396,0.124,0.031,0.126,0.057,0.083,0.167,0.094,0.077,2
2021-08-26,0.095,0.086,0.047,0.05,0.069,0.091,0.275,0.195,0.232,0.132,0.181,0.184,0.214,0.142,0.137,3
2021-08-27,0.045,0.012,0.017,0.024,0.002,0.011,0.354,0.096,0.012,0.051,0.133,0.006,0.015,0.06,0.02,4
2021-08-28,0.023,0.016,0.007,0.011,0.006,0.154,0.322,0.021,0.016,0.005,0.01,0.007,0.093,0.053,0.016,5
2021-08-29,0.161,0.014,0.006,0.002,0.012,0.072,0.327,0.189,0.025,0.008,0.001,0.012,0.049,0.068,0.02,6
2021-08-30,0.015,0.002,0.01,0.01,0.005,0.084,0.469,0.021,0.007,0.019,0.027,0.005,0.083,0.058,0.017,0
2021-08-31,0.029,0.002,0.002,0.041,0.061,0.128,0.181,0.031,0.004,0.003,0.059,0.124,0.155,0.063,0.05,1
2021-09-01,0.087,0.01,0.011,0.006,0.056,0.125,0.426,0.122,0.028,0.116,0.053,0.102,0.191,0.102,0.094,2
2021-09-02,0.088,0.076,0.032,0.058,0.057,0.093,0.274,0.19,0.211,0.105,0.198,0.179,0.216,0.137,0.121,3
2021-09-03,0.035,0.012,0.015,0.013,0.003,0.009,0.38,0.079,0.013,0.047,0.125,0.006,0.015,0.058,0.015,4
2021-09-04,0.014,0.014,0.007,0.014,0.004,0.186,0.281,0.018,0.02,0.007,0.009,0.003,0.103,0.052,0.014,5
2021-09-05,0.155,0.012,0.004,0.002,0.01,0.053,0.273,0.208,0.023,0.007,0.002,0.009,0.065,0.063,0.018,6
2021-09-06,0.02,0.011,0.01,0.022,0.006,0.107,0.26,0.056,0.016,0.032,0.056,0.009,0.14,0.057,0.027,0
2021-09-07,0.017,0.002,0.004,0.025,0.054,0.085,0.15,0.216,0.005,0.003,0.036,0.097,0.105,0.061,0.045,1
2021-09-08,0.091,0.011,0.02,0.033,0.054,0.134,0.405,0.154,0.036,0.1,0.066,0.095,0.206,0.108,0.093,2
2021-09-09,0.079,0.086,0.033,0.052,0.056,0.074,0.27,0.191,0.22,0.119,0.18,0.173,0.179,0.132,0.125,3
2021-09-10,0.043,0.014,0.02,0.02,0.003,0.013,0.374,0.082,0.016,0.037,0.117,0.01,0.015,0.059,0.02,4
2021-09-11,0.021,0.012,0.007,0.011,0.005,0.142,0.308,0.025,0.016,0.008,0.01,0.008,0.1,0.052,0.014,5
2021-09-12,0.166,0.014,0.005,0.002,0.012,0.116,0.348,0.187,0.022,0.008,0.002,0.011,0.103,0.076,0.018,6
2021-09-13,0.011,0.004,0.016,0.019,0.008,0.09,0.453,0.02,0.006,0.036,0.042,0.009,0.109,0.063,0.02,0
2021-09-14,0.025,0.001,0.002,0.035,0.077,0.142,0.21,0.038,0.026,0.01,0.064,0.134,0.169,0.072,0.051,1
2021-09-15,0.083,0.008,0.011,0.011,0.039,0.126,0.374,0.129,0.021,0.074,0.035,0.072,0.183,0.09,0.073,2
2021-09-16,0.093,0.084,0.031,0.051,0.062,0.084,0.256,0.167,0.205,0.093,0.185,0.164,0.218,0.13,0.112,3
2021-09-17,0.045,0.018,0.02,0.022,0.002,0.011,0.401,0.088,0.015,0.033,0.138,0.005,0.019,0.063,0.021,4
2021-09-18,0.02,0.012,0.007,0.011,0.012,0.154,0.325,0.023,0.016,0.008,0.01,0.008,0.104,0.054,0.014,5
2021-09-19,0.155,0.013,0.007,0.002,0.013,0.07,0.342,0.166,0.015,0.009,0.002,0.012,0.047,0.066,0.014,6
2021-09-20,0.012,0.004,0.01,0.016,0.006,0.077,0.47,0.023,0.01,0.02,0.03,0.007,0.09,0.06,0.018,0
2021-09-21,0.025,0.001,0.002,0.034,0.07,0.136,0.195,0.029,0.007,0.003,0.062,0.133,0.176,0.067,0.048,1
2021-09-22,0.082,0.012,0.011,0.01,0.045,0.13,0.396,0.152,0.034,0.1,0.064,0.088,0.185,0.101,0.085,2
2021-09-23,0.078,0.078,0.031,0.051,0.059,0.081,0.243,0.165,0.191,0.087,0.17,0.161,0.183,0.121,0.104,3
2021-09-24,0.045,0.019,0.022,0.03,0.002,0.011,0.405,0.1,0.021,0.041,0.138,0.007,0.016,0.066,0.026,4
2021-09-25,0.014,0.011,0.009,0.012,0.022,0.161,0.35,0.021,0.016,0.009,0.011,0.014,0.121,0.059,0.015,5
2021-09-26,0.162,0.012,0.006,0.002,0.013,0.058,0.352,0.165,0.021,0.011,0.003,0.013,0.06,0.068,0.017,6
2021-09-27,0.015,0.006,0.011,0.016,0.007,0.09,0.451,0.028,0.01,0.027,0.031,0.008,0.109,0.062,0.021,0
2021-09-28,0.023,0.002,0.003,0.031,0.068,0.106,0.183,0.049,0.004,0.003,0.053,0.118,0.137,0.06,0.051,1
2021-09-29,0.075,0.008,0.016,0.009,0.048,0.133,0.441,0.15,0.031,0.119,0.063,0.101,0.2,0.107,0.088,2
2021-09-30,0.09,0.081,0.03,0.049,0.065,0.086,0.256,0.157,0.2,0.105,0.138,0.151,0.169,0.121,0.113,3
2021-10-01,0.041,0.022,0.019,0.027,0.003,0.013,0.407,0.086,0.021,0.027,0.1,0.005,0.018,0.061,0.024,4
2021-10-02,0.014,0.012,0.01,0.011,0.012,0.148,0.357,0.024,0.016,0.009,0.01,0.024,0.116,0.059,0.015,5
2021-10-03,0.174,0.01,0.007,0.003,0.016,0.067,0.366,0.16,0.019,0.012,0.003,0.016,0.062,0.07,0.017,6
2021-10-04,0.019,0.005,0.017,0.018,0.011,0.105,0.507,0.023,0.008,0.037,0.036,0.009,0.116,0.07,0.021,0
2021-10-05,0.018,0.002,0.003,0.036,0.081,0.129,0.189,0.035,0.006,0.003,0.061,0.137,0.139,0.064,0.049,1
2021-10-06,0.069,0.007,0.015,0.011,0.049,0.135,0.408,0.151,0.037,0.106,0.062,0.087,0.178,0.101,0.078,2
2021-10-07,0.081,0.072,0.029,0.043,0.056,0.086,0.235,0.158,0.173,0.087,0.133,0.135,0.163,0.112,0.099,3
2021-10-08,0.054,0.03,0.03,0.032,0.003,0.011,0.432,0.114,0.029,0.043,0.103,0.006,0.016,0.069,0.031,4
2021-10-09,0.016,0.014,0.011,0.013,0.015,0.164,0.346,0.017,0.021,0.014,0.014,0.016,0.127,0.061,0.016,5
2021-10-10,0.175,0.009,0.006,0.003,0.016,0.054,0.334,0.163,0.012,0.013,0.004,0.016,0.047,0.066,0.016,6
2021-10-11,0.025,0.008,0.021,0.018,0.009,0.093,0.401,0.031,0.013,0.038,0.04,0.011,0.107,0.063,0.028,0
2021-10-12,0.025,0.003,0.005,0.025,0.054,0.077,0.169,0.131,0.006,0.005,0.04,0.104,0.112,0.058,0.047,1
2021-10-13,0.065,0.007,0.021,0.008,0.057,0.12,0.427,0.144,0.03,0.116,0.048,0.099,0.178,0.101,0.082,2
2021-10-14,0.085,0.078,0.031,0.055,0.072,0.084,0.208,0.162,0.185,0.091,0.126,0.143,0.15,0.113,0.102,3
2021-10-15,0.057,0.035,0.038,0.046,0.005,0.018,0.435,0.128,0.031,0.05,0.109,0.009,0.024,0.076,0.042,4
2021-10-16,0.013,0.016,0.015,0.018,0.007,0.166,0.343,0.025,0.029,0.019,0.019,0.008,0.131,0.062,0.019,5
2021-10-17,0.173,0.008,0.007,0.003,0.019,0.07,0.345,0.161,0.015,0.014,0.004,0.021,0.074,0.07,0.02,6
2021-10-18,0.023,0.008,0.013,0.019,0.01,0.095,0.392,0.024,0.01,0.026,0.047,0.012,0.12,0.061,0.023,0
2021-10-19,0.017,0.002,0.003,0.029,0.06,0.106,0.175,0.059,0.014,0.007,0.059,0.125,0.134,0.061,0.059,1
2021-10-20,0.067,0.012,0.018,0.014,0.039,0.12,0.357,0.138,0.021,0.09,0.046,0.079,0.183,0.091,0.073,2
2021-10-21,0.065,0.074,0.04,0.036,0.048,0.07,0.208,0.154,0.169,0.083,0.113,0.128,0.149,0.103,0.093,3
2021-10-22,0.081,0.037,0.046,0.053,0.003,0.015,0.43,0.143,0.036,0.055,0.111,0.007,0.019,0.08,0.049,4
2021-10-23,0.009,0.014,0.009,0.015,0.009,0.148,0.356,0.02,0.023,0.014,0.017,0.021,0.133,0.061,0.019,5
2021-10-24,0.164,0.008,0.008,0.003,0.02,0.068,0.344,0.158,0.016,0.013,0.004,0.024,0.127,0.074,0.022,6
2021-10-25,0.019,0.009,0.01,0.016,0.009,0.082,0.399,0.025,0.009,0.025,0.035,0.011,0.107,0.058,0.022,0
2021-10-26,0.018,0.003,0.004,0.029,0.062,0.114,0.18,0.046,0.012,0.006,0.084,0.129,0.17,0.066,0.054,1
2021-10-27,0.072,0.008,0.014,0.012,0.038,0.128,0.39,0.169,0.039,0.106,0.072,0.093,0.17,0.101,0.083,2
2021-10-28,0.093,0.082,0.029,0.042,0.048,0.144,0.237,0.172,0.179,0.088,0.123,0.121,0.158,0.117,0.119,3
2021-10-29,0.064,0.027,0.033,0.026,0.004,0.018,0.375,0.103,0.028,0.038,0.075,0.004,0.018,0.063,0.03,4
2021-10-30,0.011,0.017,0.01,0.017,0.005,0.152,0.354,0.023,0.024,0.014,0.019,0.018,0.155,0.063,0.019,5
2021-10-31,0.161,0.01,0.007,0.003,0.018,0.057,0.339,0.162,0.022,0.011,0.003,0.021,0.135,0.073,0.022,6
2021-11-01,0.016,0.007,0.014,0.018,0.008,0.085,0.414,0.023,0.009,0.031,0.034,0.01,0.089,0.058,0.021,0
