FIPS,Median,MAD
1001,1.0,0.0
1003,3.0,2.0
1005,7.0,0.0
1007,2.0,0.0
1009,3.0,1.0
1011,2.0,0.0
1013,7.0,1.0
1015,1.0,0.0
1017,4.0,0.0
1019,2.5,0.5
1021,7.0,2.0
1023,10.0,0.0
1025,8.0,2.0
1027,3.5,1.5
1029,2.0,0.0
1031,5.0,1.0
1033,1.0,0.0
1035,7.0,1.0
1037,5.0,2.0
1039,7.0,0.0
1041,2.0,0.0
1043,5.0,0.0
1045,4.0,0.5
1047,4.0,0.0
1049,8.5,1.5
1051,2.0,1.0
1053,7.0,0.0
1055,1.0,0.0
1057,3.0,1.0
1059,2.0,0.0
1061,2.0,0.0
1063,2.0,0.0
1065,2.0,0.0
1067,2.0,0.0
1069,1.0,0.0
1071,4.0,2.0
1073,1.0,0.0
1075,6.0,0.0
1077,1.0,0.0
1079,2.0,0.0
1081,1.0,0.0
1083,4.0,1.0
1085,2.0,0.0
1087,7.0,1.0
1089,1.0,0.0
1091,10.0,0.0
1093,10.0,0.0
1095,4.0,0.0
1097,1.0,0.0
1099,10.0,0.0
1101,1.0,0.0
1103,1.0,0.0
1105,10.0,0.0
1107,2.0,0.0
1109,4.0,1.5
1111,7.0,3.0
1113,1.0,0.0
1115,2.0,0.0
1117,1.0,0.0
1119,5.5,0.5
1121,4.0,0.5
1123,7.0,1.5
1125,1.0,0.0
1127,2.0,0.0
1129,2.0,0.0
1131,10.0,0.0
1133,7.0,3.0
2013,10.0,0.0
2016,10.0,0.0
2020,1.0,0.0
2050,10.0,0.0
2060,10.0,0.0
2068,10.0,0.0
2070,10.0,0.0
2090,1.0,0.0
2100,10.0,0.0
2105,10.0,0.0
2110,4.0,0.0
2122,10.0,0.0
2130,4.0,0.0
2150,7.0,0.0
2164,10.0,0.0
2170,4.0,0.0
2180,8.5,1.5
2185,10.0,0.0
2188,8.5,1.5
2195,10.0,0.0
2198,10.0,0.0
2220,7.0,0.0
2230,10.0,0.0
2240,10.0,0.0
2261,10.0,0.0
2270,10.0,0.0
2275,10.0,0.0
2282,10.0,0.0
2290,10.0,0.0
4001,8.5,1.5
4003,3.5,2.5
4005,1.0,0.0
4007,4.0,0.0
4009,4.0,0.0
4011,7.0,0.0
4012,8.0,1.0
4013,1.0,0.0
4015,4.0,0.0
4017,7.0,2.0
4019,1.0,0.0
4021,1.0,0.0
4023,4.0,0.0
4025,2.0,1.0
4027,1.0,0.0
5001,7.0,0.0
5003,8.0,0.0
5005,5.0,0.0
5007,1.0,0.0
5009,5.0,0.0
5011,7.0,0.0
5013,8.0,2.0
5015,9.0,1.0
5017,7.5,0.5
5019,4.0,0.0
5021,6.5,1.0
5023,10.0,0.0
5025,2.0,0.0
5027,5.0,0.0
5029,7.5,0.5
5031,1.0,0.0
5033,1.0,0.0
5035,1.0,0.0
5037,7.5,1.5
5039,7.0,1.0
5041,7.0,0.0
5043,7.0,0.0
5045,1.0,0.0
5047,2.0,0.0
5049,10.0,0.0
5051,1.0,0.0
5053,2.0,0.0
5055,4.0,0.0
5057,8.0,0.0
5059,4.0,1.0
5061,8.0,1.0
5063,4.5,0.5
5065,10.0,0.0
5067,8.0,1.0
5069,1.0,0.0
5071,7.5,0.5
5073,6.0,3.0
5075,8.5,1.5
5077,7.5,1.5
5079,2.0,0.0
5081,7.0,1.0
5083,6.5,1.0
5085,1.5,0.5
5087,2.0,0.0
5089,7.5,2.5
5091,1.0,0.0
5093,6.0,2.0
5095,8.0,0.0
5097,10.0,0.0
5099,8.0,1.0
5101,7.5,2.5
5103,4.5,0.5
5105,2.0,0.0
5107,4.0,0.0
5109,10.0,0.0
5111,2.0,0.0
5113,8.0,1.0
5115,5.0,0.0
5117,8.0,2.0
5119,1.0,0.0
5121,8.0,1.0
5123,4.0,0.5
5125,1.0,0.0
5127,7.0,3.0
5129,10.0,0.0
5131,1.0,0.0
5133,8.0,0.5
5135,8.5,1.5
5137,10.0,0.0
5139,4.5,0.5
5141,3.0,1.0
5143,1.0,0.0
5145,4.0,1.0
5147,7.5,2.5
5149,5.0,0.0
6001,1.0,0.0
6003,10.0,0.0
6005,7.0,3.0
6007,4.0,3.0
6009,10.0,0.0
6011,7.0,0.0
6013,1.0,0.0
6015,4.0,0.0
6017,2.0,1.0
6019,1.0,0.0
6021,7.0,1.5
6023,4.0,0.0
6025,1.0,0.0
6027,7.5,0.5
6029,1.0,0.0
6031,1.0,0.0
6033,4.0,0.0
6035,5.0,1.0
6037,1.0,0.0
6039,2.0,1.0
6041,1.0,0.0
6043,10.0,0.0
6045,5.0,1.0
6047,1.0,0.0
6049,10.0,0.0
6051,8.0,1.0
6053,1.0,0.0
6055,1.0,0.0
6057,4.0,0.5
6059,1.0,0.0
6061,1.0,0.0
6063,8.0,2.0
6065,1.0,0.0
6067,1.0,0.0
6069,4.0,0.0
6071,1.0,0.0
6073,1.0,0.0
6075,1.0,0.0
6077,1.0,0.0
6079,1.0,0.0
6081,1.0,0.0
6083,1.0,0.0
6085,1.0,0.0
6087,1.0,0.0
6089,1.0,0.0
6091,10.0,0.0
6093,8.0,1.0
6095,1.0,0.0
6097,1.0,0.0
6099,1.0,0.0
6101,1.0,0.0
6103,4.0,1.0
6105,10.0,0.0
6107,1.0,0.0
6109,4.0,0.0
6111,1.0,0.0
6113,1.0,0.0
6115,1.0,0.0
8001,1.0,0.0
8003,7.5,0.5
8005,1.0,0.0
8007,7.5,0.5
8009,10.0,0.0
8011,7.0,0.0
8013,1.0,0.0
8014,1.0,0.0
8015,7.0,0.0
8017,10.0,0.0
8019,2.0,0.0
8021,9.0,1.0
8023,10.0,0.0
8025,10.0,0.0
8027,10.0,0.0
8029,7.0,0.0
8031,1.0,0.0
8033,10.0,0.0
8035,1.0,0.0
8037,7.0,0.0
8039,2.0,0.0
8041,1.0,0.0
8043,4.0,0.0
8045,5.0,1.0
8047,2.0,0.0
8049,10.0,0.0
8051,9.0,1.0
8053,10.0,0.0
8055,8.5,1.5
8057,10.0,0.0
8059,1.0,0.0
8061,10.0,0.0
8063,10.0,0.0
8065,7.0,0.0
8067,5.0,0.5
8069,1.0,0.0
8071,7.0,0.0
8073,10.0,0.0
8075,4.0,0.0
8077,1.0,0.0
8079,10.0,0.0
8081,4.0,0.0
8083,8.0,0.0
8085,4.5,0.5
8087,4.5,0.5
8089,7.0,0.0
8091,10.0,0.0
8093,10.0,0.0
8095,10.0,0.0
8097,7.0,0.0
8099,8.0,1.0
8101,1.0,0.0
8103,10.0,0.0
8105,10.0,0.0
8107,4.5,0.5
8109,10.0,0.0
8111,10.0,0.0
8113,10.0,0.0
8115,10.0,0.0
8117,4.0,0.0
8119,2.0,0.0
8121,10.0,0.0
8123,1.0,0.0
8125,8.5,1.5
9001,1.0,0.0
9003,1.0,0.0
9005,4.0,2.0
9007,1.0,0.0
9009,1.0,0.0
9011,1.0,0.0
9013,1.0,0.0
9015,2.0,1.0
10001,1.0,0.0
10003,1.0,0.0
10005,4.0,2.0
11001,1.0,0.0
12001,1.0,0.0
12003,2.0,0.0
12005,1.0,0.0
12007,2.0,0.0
12009,1.0,0.0
12011,1.0,0.0
12013,2.0,0.0
12015,1.0,0.0
12017,1.0,0.0
12019,1.0,0.0
12021,1.0,0.0
12023,4.0,0.5
12027,3.0,1.0
12029,2.5,0.5
12031,1.0,0.0
12033,1.0,0.0
12035,1.0,0.0
12037,7.0,2.5
12039,2.0,0.0
12041,2.0,0.0
12043,7.0,1.0
12045,7.0,2.5
12047,7.0,3.0
12049,4.0,0.5
12051,4.0,2.0
12053,1.0,0.0
12055,1.0,0.0
12057,1.0,0.0
12059,5.0,2.0
12061,1.0,0.0
12063,8.0,1.0
12065,2.0,0.0
12067,9.0,1.0
12069,1.0,0.0
12071,1.0,0.0
12073,1.0,0.0
12075,2.5,0.5
12077,2.0,0.0
12079,2.0,0.0
12081,1.0,0.0
12083,1.0,0.0
12085,1.0,0.0
12086,1.0,0.0
12087,4.0,0.0
12089,4.0,2.0
12091,1.0,0.0
12093,4.0,0.0
12095,1.0,0.0
12097,1.0,0.0
12099,1.0,0.0
12101,1.0,0.0
12103,1.0,0.0
12105,1.0,0.0
12107,4.0,1.0
12109,1.0,0.0
12111,1.0,0.0
12113,1.0,0.0
12115,1.0,0.0
12117,1.0,0.0
12119,2.0,1.0
12121,8.0,2.0
12123,7.0,0.0
12125,6.0,1.0
12127,1.0,0.0
12129,2.0,0.0
12131,2.0,1.0
12133,2.0,0.0
13001,7.0,1.0
13003,5.0,0.0
13005,5.0,0.0
13007,2.0,0.0
13009,4.0,0.0
13011,6.0,3.5
13013,2.0,0.0
13015,1.0,0.0
13017,4.0,0.0
13019,2.0,0.0
13021,1.0,0.0
13023,2.0,0.0
13025,2.0,0.0
13027,2.0,0.0
13029,2.0,0.0
13031,4.0,0.0
13033,2.0,0.0
13035,2.0,0.0
13037,2.0,0.0
13039,2.0,0.0
13043,10.0,0.0
13045,4.0,1.0
13047,1.0,0.0
13049,2.0,0.0
13051,1.0,0.0
13053,1.0,0.0
13055,4.0,1.0
13057,1.0,0.0
13059,1.0,0.0
13061,9.0,0.0
13063,1.0,0.0
13065,5.0,0.0
13067,1.0,0.0
13069,4.0,0.0
13071,4.0,0.0
13073,1.0,0.0
13075,2.0,0.0
13077,1.0,0.0
13079,2.0,0.0
13081,4.0,0.0
13083,2.0,0.0
13085,2.0,0.0
13087,4.0,1.0
13089,1.0,0.0
13091,7.0,1.5
13093,5.0,3.0
13095,1.0,0.0
13097,1.0,0.0
13099,7.0,0.0
13101,5.0,3.0
13103,2.0,0.0
13105,3.0,1.0
13107,7.5,0.5
13109,7.0,0.0
13111,10.0,0.0
13113,1.0,0.0
13115,1.0,0.0
13117,1.0,0.0
13119,10.0,0.0
13121,1.0,0.0
13123,3.0,1.0
13125,9.0,0.0
13127,1.0,0.0
13129,4.0,0.0
13131,7.0,0.5
13133,8.0,2.0
13135,1.0,0.0
13137,4.0,0.0
13139,1.0,0.0
13141,5.0,0.0
13143,2.0,0.0
13145,2.0,0.0
13147,8.0,1.0
13149,5.0,1.0
13151,1.0,0.0
13153,1.0,0.0
13155,6.0,1.0
13157,3.0,1.0
13159,2.0,0.0
13161,7.0,1.0
13163,9.5,0.5
13165,4.5,2.5
13167,5.0,0.0
13169,2.0,0.0
13171,2.0,0.0
13173,2.0,0.0
13175,4.0,0.0
13177,1.0,0.0
13179,1.0,0.0
13181,2.0,0.0
13183,2.0,0.0
13185,1.0,0.0
13187,2.5,0.5
13189,7.0,0.0
13191,2.0,0.0
13193,3.5,1.5
13195,2.0,0.0
13197,2.0,0.0
13199,2.5,0.5
13201,10.0,0.0
13205,7.0,1.0
13207,2.0,0.0
13209,10.0,0.0
13211,2.0,0.0
13213,2.0,0.0
13215,1.0,0.0
13217,1.0,0.0
13219,1.5,0.5
13221,2.0,0.0
13223,1.0,0.0
13225,4.0,0.0
13227,2.0,0.0
13229,5.0,0.0
13231,2.0,0.0
13233,2.0,0.0
13235,2.0,0.0
13237,10.0,0.0
13239,8.0,0.0
13241,7.0,3.0
13243,4.5,2.5
13245,1.0,0.0
13247,1.0,0.0
13249,5.0,0.0
13251,7.0,3.0
13253,7.0,2.0
13255,1.0,0.0
13257,4.0,0.0
13259,6.0,4.0
13261,4.0,0.0
13263,2.0,0.0
13265,10.0,0.0
13267,7.0,3.0
13269,2.0,0.0
13271,8.0,0.0
13273,2.0,0.0
13275,4.0,0.0
13277,5.0,0.0
13279,4.0,0.0
13281,10.0,0.0
13283,6.0,1.0
13285,4.0,0.0
13287,8.5,1.5
13289,2.0,0.0
13291,10.0,0.0
13293,4.0,1.0
13295,1.0,0.0
13297,1.0,0.0
13299,4.0,0.0
13301,8.0,0.0
13303,7.0,0.0
13305,4.5,0.5
13307,2.0,0.0
13309,10.0,0.0
13311,2.0,0.0
13313,1.0,0.0
13315,5.0,1.0
13317,8.5,1.0
13319,5.0,3.0
13321,2.0,0.0
15001,7.0,3.0
15003,1.0,0.0
15005,54.5,44.5
15007,5.0,1.0
15009,4.0,2.0
16001,1.0,0.0
16003,10.0,0.0
16005,1.0,0.0
16007,10.0,0.0
16009,7.5,0.5
16011,4.0,1.5
16013,5.5,1.5
16015,2.0,0.0
16017,5.0,1.0
16019,1.0,0.0
16021,8.5,1.5
16023,10.0,0.0
16025,10.0,0.0
16027,1.0,0.0
16029,8.5,1.5
16031,4.5,0.5
16033,10.0,0.0
16035,7.5,0.5
16037,10.0,0.0
16039,4.0,0.0
16041,8.5,1.5
16043,10.0,0.0
16045,2.0,0.0
16047,7.0,0.0
16049,10.0,0.0
16051,2.0,0.0
16053,4.0,0.0
16055,1.0,0.0
16057,4.0,0.0
16059,7.0,0.0
16061,10.0,0.0
16063,10.0,0.0
16065,4.0,0.0
16067,7.0,3.0
16069,1.0,0.0
16071,10.0,0.0
16073,2.0,0.0
16075,4.0,0.0
16077,4.5,2.5
16079,7.0,0.0
16081,10.0,0.0
16083,4.0,0.0
16085,10.0,0.0
16087,7.0,0.0
17001,4.0,0.0
17003,4.5,2.5
17005,5.0,2.5
17007,1.0,0.0
17009,7.5,0.5
17011,6.5,1.0
17013,2.5,0.5
17015,9.5,0.5
17017,7.0,0.0
17019,1.0,0.0
17021,4.5,2.0
17023,7.0,0.5
17025,8.0,0.5
17027,7.0,2.5
17029,4.0,0.0
17031,1.0,0.0
17033,7.5,0.5
17035,10.0,0.0
17037,1.0,0.0
17039,2.0,0.0
17041,7.0,3.0
17043,1.0,0.0
17045,8.0,1.0
17047,10.0,0.0
17049,4.5,0.5
17051,7.0,1.0
17053,7.0,2.0
17055,7.0,0.5
17057,4.0,1.0
17059,10.0,0.0
17061,6.0,1.0
17063,2.5,1.5
17065,9.0,0.0
17067,6.0,1.0
17069,8.5,0.5
17071,5.0,0.0
17073,4.0,2.0
17075,7.0,3.0
17077,1.5,0.5
17079,9.0,1.0
17081,4.0,0.0
17083,2.0,0.0
17085,10.0,0.0
17087,2.0,0.0
17089,1.0,0.0
17091,1.0,0.0
17093,1.0,0.0
17095,4.0,0.0
17097,1.0,0.0
17099,4.0,0.0
17101,7.0,0.0
17103,4.0,1.0
17105,5.0,1.5
17107,4.0,0.0
17109,4.0,0.0
17111,1.0,0.0
17113,1.0,0.0
17115,1.0,0.0
17117,2.0,0.0
17119,1.0,0.0
17121,6.0,2.0
17123,3.0,1.0
17125,8.0,2.0
17127,5.0,0.0
17129,2.0,0.0
17131,4.5,2.5
17133,2.0,0.0
17135,7.0,0.0
17137,4.0,0.0
17139,4.5,2.5
17141,4.0,2.0
17143,1.0,0.0
17145,8.0,1.0
17147,2.0,0.0
17149,8.0,1.0
17151,9.0,1.0
17153,10.0,0.0
17155,5.0,0.0
17157,7.0,0.0
17159,7.0,0.0
17161,1.0,0.0
17163,1.0,0.0
17165,7.0,0.0
17167,1.0,0.0
17169,8.0,0.0
17171,7.5,2.5
17173,6.0,3.5
17175,2.0,0.0
17177,4.0,0.0
17179,1.0,0.0
17181,7.0,1.0
17183,1.0,0.0
17185,7.0,0.0
17187,7.0,1.0
17189,8.0,1.0
17191,8.0,0.0
17193,8.0,1.0
17195,4.0,0.0
17197,1.0,0.0
17199,1.0,0.0
17201,1.0,0.0
17203,2.0,0.0
18001,5.0,1.0
18003,1.0,0.0
18005,1.0,0.0
18007,3.0,1.0
18009,8.0,1.0
18011,2.0,1.0
18013,2.0,0.0
18015,2.0,0.0
18017,4.0,1.0
18019,1.0,0.0
18021,2.0,0.0
18023,4.0,0.5
18025,3.0,1.0
18027,5.0,1.0
18029,2.0,1.0
18031,4.0,0.5
18033,4.0,0.0
18035,1.0,0.0
18037,5.0,0.0
18039,1.0,0.0
18041,4.0,0.0
18043,1.0,0.0
18045,7.0,3.0
18047,7.0,3.0
18049,9.0,0.5
18051,7.0,1.0
18053,4.0,0.0
18055,7.0,3.0
18057,1.0,0.0
18059,1.0,0.0
18061,2.0,0.0
18063,1.0,0.0
18065,4.0,0.0
18067,1.0,0.0
18069,4.0,0.0
18071,4.0,0.0
18073,2.0,0.0
18075,7.0,0.0
18077,4.0,0.0
18079,4.0,0.5
18081,1.0,0.0
18083,4.0,0.0
18085,5.0,1.0
18087,10.0,0.0
18089,1.0,0.0
18091,1.0,0.0
18093,4.0,1.0
18095,1.0,0.0
18097,1.0,0.0
18099,5.0,1.5
18101,5.0,2.0
18103,4.0,1.5
18105,1.0,0.0
18107,4.0,1.0
18109,2.0,0.0
18111,6.0,4.0
18113,4.0,1.0
18115,6.0,4.0
18117,10.0,0.0
18119,2.0,0.0
18121,4.5,2.5
18123,7.0,0.0
18125,8.0,2.0
18127,1.0,0.0
18129,7.0,3.0
18131,7.5,1.5
18133,3.0,1.0
18135,7.0,1.5
18137,8.5,1.5
18139,7.0,2.0
18141,1.0,0.0
18143,4.0,1.0
18145,4.0,0.5
18147,3.0,1.0
18149,6.0,1.0
18151,5.0,1.0
18153,7.0,3.0
18155,3.0,0.0
18157,1.0,0.0
18159,4.5,2.5
18161,7.5,2.5
18163,1.0,0.0
18165,2.0,0.0
18167,1.0,0.0
18169,5.0,1.0
18171,8.5,1.5
18173,1.0,0.0
18175,7.0,2.5
18177,4.0,0.0
18179,7.0,1.0
18181,5.0,3.0
18183,2.0,0.0
19001,10.0,0.0
19003,10.0,0.0
19005,10.0,0.0
19007,8.0,0.0
19009,10.0,0.0
19011,2.0,0.0
19013,1.0,0.0
19015,4.0,1.0
19017,7.0,2.0
19019,5.0,2.0
19021,7.5,2.5
19023,8.0,2.0
19025,10.0,0.0
19027,9.0,1.0
19029,8.0,1.0
19031,7.0,3.0
19033,4.0,0.0
19035,10.0,0.0
19037,10.0,0.0
19039,7.0,1.0
19041,4.5,0.5
19043,10.0,0.0
19045,4.0,0.0
19047,8.0,0.0
19049,2.0,1.0
19051,7.5,2.5
19053,10.0,0.0
19055,9.0,1.0
19057,4.0,0.0
19059,4.0,0.0
19061,1.0,0.0
19063,7.5,0.5
19065,10.0,0.0
19067,7.0,1.0
19069,10.0,0.0
19071,10.0,0.0
19073,8.5,1.5
19075,6.0,4.0
19077,10.0,0.0
19079,7.0,1.0
19081,10.0,0.0
19083,10.0,0.0
19085,2.0,0.0
19087,8.0,0.0
19089,10.0,0.0
19091,7.5,0.5
19093,10.0,0.0
19095,8.5,1.5
19097,7.0,0.5
19099,4.0,2.0
19101,4.5,0.5
19103,1.0,0.0
19105,7.0,3.0
19107,10.0,0.0
19109,10.0,0.0
19111,4.0,0.0
19113,1.0,0.0
19115,10.0,0.0
19117,7.5,0.5
19119,10.0,0.0
19121,2.0,0.0
19123,4.0,0.0
19125,7.0,0.0
19127,4.0,0.0
19129,2.0,0.0
19131,10.0,0.0
19133,10.0,0.0
19135,7.0,0.0
19137,8.5,1.5
19139,4.0,0.0
19141,10.0,0.0
19143,8.5,1.5
19145,7.0,0.0
19147,9.0,1.0
19149,7.0,3.0
19151,10.0,0.0
19153,1.0,0.0
19155,1.0,0.0
19157,8.0,1.0
19159,10.0,0.0
19161,10.0,0.0
19163,1.0,0.0
19165,8.5,1.5
19167,7.0,0.0
19169,1.0,0.0
19171,5.5,1.5
19173,10.0,0.0
19175,7.5,0.5
19177,10.0,0.0
19179,4.0,0.0
19181,2.0,0.0
19183,7.0,2.0
19185,10.0,0.0
19187,4.0,0.0
19189,10.0,0.0
19191,8.0,0.0
19193,1.0,0.0
19195,6.0,1.0
19197,10.0,0.0
20001,8.0,1.0
20003,8.5,1.5
20005,4.0,0.0
20007,10.0,0.0
20009,4.0,0.0
20011,7.0,0.0
20013,10.0,0.0
20015,2.0,0.0
20017,5.0,0.0
20019,10.0,0.0
20021,6.0,2.5
20023,10.0,0.0
20025,10.0,0.0
20027,8.5,1.5
20029,8.5,1.5
20031,10.0,0.0
20033,10.0,0.0
20035,4.0,0.0
20037,4.0,0.0
20039,10.0,0.0
20041,7.0,1.5
20043,2.0,1.0
20045,1.0,0.0
20047,10.0,0.0
20049,10.0,0.0
20051,4.0,0.0
20053,7.5,0.5
20055,4.0,0.0
20057,4.0,0.0
20059,4.0,0.0
20061,4.0,0.0
20063,10.0,0.0
20065,10.0,0.0
20067,7.5,0.5
20069,10.0,0.0
20071,10.0,0.0
20073,5.0,2.0
20075,10.0,0.0
20077,10.0,0.0
20079,4.0,0.0
20081,10.0,0.0
20083,5.0,0.0
20085,2.0,0.0
20087,2.0,0.0
20089,10.0,0.0
20091,1.0,0.0
20093,10.0,0.0
20095,7.0,3.0
20097,10.0,0.0
20099,4.5,0.5
20101,10.0,0.0
20103,4.0,0.0
20105,10.0,0.0
20107,2.0,0.0
20109,10.0,0.0
20111,4.0,0.0
20113,5.0,1.0
20115,8.5,1.5
20117,10.0,0.0
20119,10.0,0.0
20121,2.0,0.0
20123,7.5,0.5
20125,7.0,3.0
20127,8.0,2.0
20129,10.0,0.0
20131,10.0,0.0
20133,7.0,0.0
20135,10.0,0.0
20137,7.0,0.0
20139,2.0,0.0
20141,10.0,0.0
20143,7.5,2.5
20145,7.5,0.5
20147,8.0,1.0
20149,7.0,1.5
20151,7.0,0.0
20153,10.0,0.0
20155,4.0,0.0
20157,10.0,0.0
20159,10.0,0.0
20161,1.0,0.0
20163,10.0,0.0
20165,10.0,0.0
20167,8.5,1.5
20169,4.0,0.0
20171,7.0,0.0
20173,1.0,0.0
20175,4.0,0.0
20177,1.0,0.0
20179,10.0,0.0
20181,8.5,1.5
20183,10.0,0.0
20185,10.0,0.0
20187,10.0,0.0
20189,7.5,0.5
20191,4.5,2.5
20193,8.5,1.5
20195,10.0,0.0
20197,2.5,0.5
20199,10.0,0.0
20201,10.0,0.0
20203,10.0,0.0
20205,9.0,1.0
20207,10.0,0.0
20209,1.0,0.0
21001,8.0,0.0
21003,7.5,0.5
21005,5.0,0.0
21007,5.0,0.0
21009,5.0,0.0
21011,5.0,0.0
21013,4.0,1.0
21015,1.0,0.0
21017,4.5,1.0
21019,1.0,0.0
21021,4.0,0.0
21023,2.0,0.0
21025,8.0,0.0
21027,3.0,0.5
21029,1.0,0.0
21031,2.0,0.0
21033,7.0,0.0
21035,4.0,0.0
21037,1.0,0.0
21039,5.0,0.0
21041,8.0,0.0
21043,2.0,0.0
21045,10.0,0.0
21047,4.0,1.0
21049,4.0,0.0
21051,7.5,2.0
21053,10.0,0.0
21055,9.5,0.5
21057,10.0,0.0
21059,1.0,0.0
21061,2.5,0.5
21063,2.5,0.5
21065,6.0,0.0
21067,1.0,0.0
21069,7.0,0.5
21071,8.0,0.5
21073,4.0,0.0
21075,8.5,1.5
21077,2.0,0.0
21079,6.5,0.5
21081,2.0,0.0
21083,5.0,0.0
21085,8.0,0.0
21087,5.0,0.0
21089,1.0,0.0
21091,2.0,0.0
21093,1.0,0.0
21095,8.0,1.0
21097,6.0,1.0
21099,9.0,1.0
21101,1.0,0.0
21103,2.0,0.0
21105,10.0,0.0
21107,4.0,0.0
21109,5.0,0.0
21111,1.0,0.0
21113,2.0,0.0
21115,9.0,1.0
21117,1.0,0.0
21119,10.0,0.0
21121,7.0,1.0
21123,3.0,0.5
21125,5.0,0.0
21127,2.0,0.0
21129,5.0,2.0
21131,10.0,0.0
21133,10.0,0.0
21135,5.5,0.5
21137,5.0,0.0
21139,5.0,0.0
21141,7.0,1.5
21143,10.0,0.0
21145,4.0,0.0
21147,7.5,2.5
21149,2.0,0.0
21151,4.0,0.0
21153,10.0,0.0
21155,7.5,0.5
21157,9.0,1.0
21159,10.0,0.0
21161,4.0,0.0
21163,2.0,0.0
21165,5.0,0.0
21167,7.0,0.0
21169,5.0,0.0
21171,10.0,0.0
21173,4.5,0.5
21175,10.0,0.0
21177,7.0,1.0
21179,5.0,1.0
21181,10.0,0.0
21183,7.0,3.0
21185,1.0,0.0
21187,6.0,4.0
21189,9.0,1.0
21191,2.0,0.0
21193,8.0,0.5
21195,8.0,1.0
21197,6.0,1.0
21199,4.0,0.0
21201,6.0,0.0
21203,5.5,1.0
21205,8.5,1.5
21207,10.0,0.0
21209,4.0,0.0
21211,4.0,0.0
21213,7.0,0.0
21215,2.0,0.0
21217,4.0,0.0
21219,5.0,0.5
21221,7.0,2.0
21223,3.5,1.5
21225,8.0,1.0
21227,1.0,0.0
21229,9.0,1.0
21231,8.0,1.0
21233,4.0,1.0
21235,5.0,1.0
21237,2.5,0.5
21239,4.0,0.0
22001,4.5,1.5
22003,3.0,1.0
22005,1.0,0.0
22007,1.5,0.5
22009,8.0,1.0
22011,4.0,1.0
22013,5.0,3.0
22015,1.0,0.0
22017,1.0,0.0
22019,1.0,0.0
22021,2.0,0.0
22023,10.0,0.0
22025,10.0,0.0
22027,7.0,1.0
22029,5.0,1.0
22031,2.0,0.0
22033,1.0,0.0
22035,7.0,0.0
22037,2.0,0.0
22039,7.0,0.5
22041,8.0,0.5
22043,2.0,0.0
22045,1.0,0.0
22047,2.0,0.0
22049,7.0,0.0
22051,1.0,0.0
22053,7.0,0.0
22055,1.0,0.0
22057,1.0,0.0
22059,2.0,0.0
22061,4.0,0.0
22063,1.0,0.0
22065,7.0,0.0
22067,5.0,0.5
22069,5.0,1.0
22071,1.0,0.0
22073,1.0,0.0
22075,7.0,3.0
22077,2.0,0.0
22079,1.0,0.0
22081,6.0,4.0
22083,2.0,0.0
22085,9.0,1.0
22087,1.0,0.0
22089,1.0,0.0
22091,2.0,0.0
22093,2.0,0.0
22095,1.0,0.0
22097,4.0,1.0
22099,2.0,0.0
22101,4.0,0.0
22103,1.0,0.0
22105,1.0,0.0
22107,6.0,4.0
22109,1.0,0.0
22111,2.0,0.0
22113,2.0,0.0
22115,8.0,0.0
22117,5.0,1.0
22119,5.0,1.0
22121,1.0,0.0
22123,10.0,0.0
22125,2.0,0.0
22127,7.5,0.5
23001,1.0,0.0
23003,8.0,1.0
23005,1.0,0.0
23007,10.0,0.0
23009,8.0,2.0
23011,4.0,1.0
23013,10.0,0.0
23015,10.0,0.0
23017,7.0,3.0
23019,2.0,1.0
23021,10.0,0.0
23023,5.0,1.0
23025,7.0,3.0
23027,6.0,3.5
23029,10.0,0.0
23031,2.0,1.0
24001,1.0,0.0
24003,1.0,0.0
24005,1.0,0.0
24009,2.0,0.0
24011,3.0,1.0
24013,2.0,0.0
24015,1.0,0.0
24017,2.0,0.0
24019,4.5,0.5
24021,1.0,0.0
24023,10.0,0.0
24025,1.0,0.0
24027,1.0,0.0
24029,9.0,1.5
24031,1.0,0.0
24033,1.0,0.0
24035,2.0,1.0
24037,2.0,1.0
24039,2.0,0.0
24041,4.0,1.0
24043,1.0,0.0
24045,1.0,0.0
24047,4.0,0.0
24510,1.0,0.0
25001,1.0,0.0
25003,2.0,1.0
25005,1.0,0.0
25007,4.0,0.0
25009,1.0,0.0
25011,4.0,0.5
25013,1.0,0.0
25015,1.0,0.0
25017,1.0,0.0
25019,7.5,0.5
25021,1.0,0.0
25023,1.0,0.0
25025,1.0,0.0
25027,1.0,0.0
26001,10.0,0.0
26003,7.0,1.0
26005,2.0,1.0
26007,4.0,0.0
26009,10.0,0.0
26011,10.0,0.0
26013,10.0,0.0
26015,2.0,0.0
26017,1.0,0.0
26019,7.5,2.5
26021,1.0,0.0
26023,5.0,1.0
26025,1.0,0.0
26027,2.0,1.0
26029,8.0,1.0
26031,8.0,1.0
26033,5.0,1.0
26035,7.0,1.0
26037,2.0,1.0
26039,8.0,1.0
26041,5.0,1.0
26043,4.0,0.0
26045,1.5,0.5
26047,8.0,1.0
26049,1.0,0.0
26051,3.0,1.0
26053,9.0,1.0
26055,4.0,0.0
26057,5.0,1.0
26059,5.0,1.0
26061,5.0,1.0
26063,10.0,0.0
26065,1.0,0.0
26067,4.0,2.0
26069,7.5,0.5
26071,8.0,1.0
26073,4.0,0.0
26075,1.0,0.0
26077,1.0,0.0
26079,5.0,0.0
26081,1.0,0.0
26083,10.0,2.0
26085,10.0,0.0
26087,2.5,0.5
26089,5.0,0.0
26091,4.0,1.0
26093,2.0,0.0
26095,9.0,1.5
26097,10.0,0.0
26099,1.0,0.0
26101,9.5,1.0
26103,4.0,0.0
26105,5.0,1.0
26107,5.0,1.0
26109,5.0,1.0
26111,1.0,0.0
26113,10.0,0.0
26115,1.0,0.0
26117,9.0,1.0
26119,10.0,0.0
26121,1.0,0.0
26123,7.0,3.0
26125,1.0,0.0
26127,9.0,1.5
26129,10.0,0.0
26131,10.0,0.0
26133,10.0,0.0
26135,10.0,0.0
26137,8.0,0.5
26139,1.0,0.0
26141,8.0,2.0
26143,8.5,1.5
26145,1.0,0.0
26147,1.0,0.0
26149,5.0,1.0
26151,9.0,2.0
26153,8.0,0.5
26155,4.0,1.0
26157,9.0,1.5
26159,5.0,3.0
26161,1.0,0.0
26163,1.0,0.0
26165,5.0,1.0
27001,10.0,0.0
27003,1.0,0.0
27005,8.0,1.5
27007,5.0,0.5
27009,1.0,0.0
27011,10.0,0.0
27013,1.0,0.0
27015,4.0,0.0
27017,4.0,1.0
27019,1.0,0.0
27021,10.0,0.0
27023,7.5,0.5
27025,2.0,0.0
27027,1.0,0.0
27029,6.0,1.0
27031,10.0,0.0
27033,8.5,1.5
27035,5.0,1.0
27037,1.0,0.0
27039,2.0,0.0
27041,5.0,0.0
27043,10.0,0.0
27045,10.0,0.0
27047,4.5,0.5
27049,5.0,1.5
27051,10.0,0.0
27053,1.0,0.0
27055,7.0,3.0
27057,8.0,1.0
27059,2.0,0.0
27061,8.0,0.0
27063,10.0,0.0
27065,5.0,2.0
27067,4.5,0.5
27069,10.0,0.0
27071,7.5,0.5
27073,10.0,0.0
27075,9.5,1.5
27077,10.0,0.0
27079,4.5,2.5
27081,10.0,0.0
27083,5.0,1.0
27085,5.0,1.0
27087,10.0,0.0
27089,9.5,0.5
27091,8.0,0.5
27093,9.0,1.0
27095,7.0,3.0
27097,9.0,1.0
27099,4.0,0.0
27101,10.0,0.0
27103,2.0,1.0
27105,4.5,0.5
27107,10.0,0.0
27109,1.0,0.0
27111,6.0,2.0
27113,7.0,0.0
27115,8.5,1.5
27117,8.0,1.0
27119,7.0,3.0
27121,10.0,0.0
27123,1.0,0.0
27125,10.0,0.0
27127,10.0,0.0
27129,10.0,0.0
27131,4.0,0.0
27133,7.0,3.0
27135,8.0,1.0
27137,1.0,0.0
27139,1.0,0.0
27141,2.0,0.0
27143,6.0,4.0
27145,1.0,0.0
27147,4.0,0.0
27149,7.0,0.0
27151,8.5,1.5
27153,9.0,1.0
27155,10.0,0.0
27157,2.0,0.0
27159,10.0,0.0
27161,7.0,1.0
27163,1.0,0.0
27165,10.0,0.0
27167,4.5,0.5
27169,4.0,0.0
27171,2.0,0.0
27173,10.0,0.0
28001,4.0,0.0
28003,5.0,0.0
28005,6.0,0.0
28007,8.0,0.0
28009,2.0,0.0
28011,4.5,0.5
28013,9.0,1.0
28015,5.0,0.0
28017,8.0,0.5
28019,5.0,0.0
28021,5.0,0.0
28023,5.0,0.0
28025,7.0,1.0
28027,4.0,0.0
28029,5.0,2.5
28031,2.0,0.0
28033,1.0,0.0
28035,1.0,0.0
28037,5.5,0.5
28039,9.0,1.0
28041,6.5,3.5
28043,4.0,0.0
28045,2.0,0.5
28047,1.0,0.0
28049,1.0,0.0
28051,6.0,1.0
28053,7.0,0.0
28055,10.0,0.0
28057,7.0,1.0
28059,1.0,0.0
28061,5.5,0.5
28063,10.0,0.0
28065,3.0,0.0
28067,4.0,1.0
28069,5.0,0.0
28071,4.0,0.0
28073,1.5,0.5
28075,4.0,0.0
28077,5.0,1.0
28079,3.0,1.0
28081,4.0,0.0
28083,4.0,0.0
28085,5.0,0.0
28087,4.5,0.5
28089,1.0,0.0
28091,8.0,0.0
28093,2.0,0.0
28095,7.0,1.0
28097,8.0,1.0
28099,8.0,1.0
28101,6.0,1.0
28103,7.0,1.0
28105,4.0,0.0
28107,5.0,3.0
28109,6.0,2.0
28111,2.0,0.0
28113,4.5,0.5
28115,7.5,2.0
28117,7.0,1.0
28119,10.0,0.0
28121,1.0,0.0
28123,7.0,1.0
28125,5.5,0.5
28127,2.0,0.0
28129,10.0,0.0
28131,8.0,1.0
28133,5.0,1.0
28135,8.0,1.5
28137,2.0,0.0
28139,9.5,0.5
28141,10.0,0.0
28143,10.0,0.0
28145,7.5,0.5
28147,10.0,0.0
28149,4.0,0.0
28151,4.0,0.0
28153,8.5,0.5
28155,10.0,0.0
28157,10.0,0.0
28159,8.0,0.0
28161,8.0,1.0
28163,4.0,0.0
29001,4.0,0.0
29003,2.0,0.0
29005,10.0,0.0
29007,4.0,0.0
29009,7.0,3.0
29011,7.0,1.0
29013,4.5,2.5
29015,9.0,1.0
29017,2.0,0.0
29019,1.0,0.0
29021,1.0,0.0
29023,4.0,0.0
29025,2.0,0.0
29027,2.5,1.5
29029,10.0,0.0
29031,1.0,0.0
29033,7.0,3.0
29035,7.5,2.5
29037,2.0,0.0
29039,10.0,0.0
29041,10.0,0.0
29043,1.0,0.0
29045,10.0,0.0
29047,1.0,0.0
29049,2.0,0.0
29051,1.0,0.0
29053,7.0,0.0
29055,5.0,2.0
29057,6.0,4.0
29059,2.0,0.0
29061,6.0,4.0
29063,4.5,2.5
29065,7.5,0.5
29067,2.0,0.0
29069,5.5,1.5
29071,4.0,2.0
29073,10.0,0.0
29075,10.0,0.0
29077,1.0,0.0
29079,7.5,0.5
29081,10.0,0.0
29083,7.5,0.5
29085,10.0,0.0
29087,10.0,0.0
29089,7.0,3.0
29091,5.0,0.5
29093,7.0,2.0
29095,1.0,0.0
29097,1.0,0.0
29099,1.0,0.0
29101,4.0,2.0
29103,10.0,0.0
29105,4.5,0.5
29107,7.0,3.0
29109,7.0,0.0
29111,7.5,2.5
29113,2.0,0.0
29115,8.0,1.0
29117,7.0,0.0
29119,2.0,0.0
29121,8.0,1.0
29123,7.0,1.0
29125,10.0,0.0
29127,4.0,0.0
29129,10.0,0.0
29131,8.0,1.0
29133,7.0,0.0
29135,2.0,0.0
29137,10.0,0.0
29139,5.0,2.5
29141,10.0,0.0
29143,8.0,1.5
29145,2.5,1.5
29147,5.0,0.0
29149,8.0,1.0
29151,2.0,0.0
29153,8.0,2.0
29155,8.0,1.0
29157,8.0,1.0
29159,4.0,0.0
29161,5.0,0.5
29163,7.0,0.0
29165,1.0,0.0
29167,7.0,1.5
29169,4.0,0.0
29171,10.0,0.0
29173,5.0,0.0
29175,4.0,0.0
29177,4.5,2.5
29179,6.0,4.0
29181,7.5,2.5
29183,1.0,0.0
29185,9.0,1.0
29186,7.5,0.5
29187,4.0,0.0
29189,1.0,0.0
29195,4.5,0.5
29197,5.0,0.0
29199,10.0,0.0
29201,3.0,1.0
29203,10.0,0.0
29205,10.0,0.0
29207,8.0,1.5
29209,10.0,0.0
29211,10.0,0.0
29213,4.5,0.5
29215,10.0,0.0
29217,8.0,0.0
29219,2.0,0.0
29221,5.0,2.0
29223,7.5,2.5
29225,2.0,0.0
29227,10.0,0.0
29229,10.0,0.0
29510,1.0,0.0
30001,8.0,1.0
30003,7.0,3.0
30005,10.0,0.0
30007,10.0,0.0
30009,10.0,0.0
30011,10.0,0.0
30013,1.0,0.0
30015,10.0,0.0
30017,7.0,0.0
30019,10.0,0.0
30021,7.0,0.0
30023,7.0,0.0
30025,10.0,0.0
30027,7.5,0.5
30029,5.0,1.0
30031,4.0,0.0
30033,10.0,0.0
30035,8.5,1.5
30037,2.0,0.0
30039,10.0,0.0
30041,7.5,0.5
30043,5.0,0.0
30045,10.0,0.0
30047,10.0,0.0
30049,4.0,0.0
30051,10.0,0.0
30053,8.0,1.0
30055,10.0,0.0
30057,10.0,0.0
30059,10.0,0.0
30061,6.0,4.0
30063,1.0,0.0
30065,6.0,4.0
30067,10.0,0.0
30069,10.0,0.0
30071,10.0,0.0
30073,8.5,1.5
30075,10.0,0.0
30077,8.5,1.5
30079,10.0,0.0
30081,8.0,2.0
30083,7.5,0.5
30085,7.0,0.0
30087,10.0,0.0
30089,10.0,0.0
30091,10.0,0.0
30093,4.0,0.0
30095,10.0,0.0
30097,10.0,0.0
30099,10.0,0.0
30101,7.0,0.0
30103,10.0,0.0
30105,8.0,1.0
30107,10.0,0.0
30109,10.0,0.0
30111,1.0,0.0
31001,4.0,0.0
31003,10.0,0.0
31005,10.0,0.0
31007,10.0,0.0
31009,10.0,0.0
31011,10.0,0.0
31013,7.0,0.0
31015,10.0,0.0
31017,10.0,0.0
31019,4.0,0.0
31021,10.0,0.0
31023,7.0,1.0
31025,2.0,0.0
31027,10.0,0.0
31029,10.0,0.0
31031,8.5,1.5
31033,7.0,0.0
31035,10.0,0.0
31037,10.0,0.0
31039,10.0,0.0
31041,9.0,1.0
31043,1.0,0.0
31045,8.5,1.5
31047,6.0,1.0
31049,10.0,0.0
31051,6.0,4.0
31053,4.0,0.0
31055,1.0,0.0
31057,10.0,0.0
31059,10.0,0.0
31061,7.5,2.5
31063,10.0,0.0
31065,10.0,0.0
31067,4.0,0.0
31069,10.0,0.0
31071,10.0,0.0
31073,5.0,0.0
31075,10.0,0.0
31077,10.0,0.0
31079,1.0,0.0
31081,7.0,3.0
31083,10.0,0.0
31085,10.0,0.0
31087,10.0,0.0
31089,10.0,0.0
31091,10.0,0.0
31093,6.0,4.0
31095,7.0,0.0
31097,6.0,4.0
31099,6.0,1.0
31101,7.0,0.0
31103,10.0,0.0
31105,10.0,0.0
31107,10.0,0.0
31109,1.0,0.0
31111,4.0,0.0
31113,10.0,0.0
31115,10.0,0.0
31117,10.0,0.0
31119,4.0,0.0
31121,7.0,3.0
31123,10.0,0.0
31125,10.0,0.0
31127,8.5,1.5
31129,10.0,0.0
31131,7.0,3.0
31133,10.0,0.0
31135,10.0,0.0
31137,7.0,0.0
31139,7.5,2.5
31141,4.0,0.0
31143,7.5,2.5
31145,7.0,0.0
31147,8.0,1.0
31149,10.0,0.0
31151,10.0,0.0
31153,1.0,0.0
31155,2.0,0.0
31157,4.0,0.0
31159,7.0,1.5
31161,10.0,0.0
31163,10.0,0.0
31165,10.0,0.0
31167,4.5,0.5
31169,10.0,0.0
31171,10.0,0.0
31173,6.5,3.5
31175,10.0,0.0
31177,2.0,0.0
31179,8.5,1.5
31181,7.5,2.5
31183,10.0,0.0
31185,7.5,0.5
32001,4.0,0.0
32003,1.0,0.0
32005,4.0,1.0
32007,4.0,0.0
32009,10.0,0.0
32011,10.0,0.0
32013,4.0,0.0
32015,7.0,0.0
32017,2.0,0.0
32019,2.0,0.0
32021,6.0,1.0
32023,4.0,0.0
32027,10.0,0.0
32029,2.0,0.0
32031,1.0,0.0
32033,7.0,0.0
32510,1.0,0.0
33001,5.0,1.0
33003,10.0,0.0
33005,5.0,1.0
33007,6.0,2.0
33009,7.0,3.0
33011,1.0,0.0
33013,4.0,1.0
33015,1.0,0.0
33017,1.0,0.0
33019,7.5,0.5
34001,1.0,0.0
34003,1.0,0.0
34005,1.0,0.0
34007,1.0,0.0
34009,1.0,0.0
34011,2.0,1.0
34013,1.0,0.0
34015,1.0,0.0
34017,1.0,0.0
34019,1.0,0.0
34021,1.0,0.0
34023,1.0,0.0
34025,1.0,0.0
34027,1.0,0.0
34029,1.0,0.0
34031,1.0,0.0
34033,2.0,0.0
34035,1.0,0.0
34037,2.0,0.0
34039,1.0,0.0
34041,1.0,0.0
35001,1.0,0.0
35003,10.0,0.0
35005,4.0,0.0
35006,4.0,1.0
35007,7.0,0.0
35009,4.0,0.0
35011,10.0,0.0
35013,1.0,0.0
35015,4.0,0.0
35017,4.5,0.5
35019,7.0,0.0
35021,8.0,0.0
35023,10.0,0.0
35025,4.0,0.0
35027,7.0,0.0
35028,7.5,0.5
35029,4.0,0.0
35031,5.0,1.0
35033,10.0,0.0
35035,4.0,0.0
35037,7.0,0.0
35039,2.0,0.0
35041,4.0,0.0
35043,1.0,0.0
35045,2.0,1.0
35047,4.0,0.0
35049,1.0,0.0
35051,7.0,0.0
35053,7.0,1.5
35055,7.0,3.0
35057,2.0,0.0
35059,10.0,0.0
35061,2.0,0.0
36001,1.0,0.0
36003,8.0,2.0
36005,1.0,0.0
36007,1.0,0.0
36009,6.0,2.0
36011,4.5,0.5
36013,4.0,0.0
36015,1.0,0.0
36017,8.0,2.0
36019,4.0,0.0
36021,4.0,2.0
36023,4.0,0.0
36025,7.5,2.5
36027,1.0,0.0
36029,1.0,0.0
36031,10.0,0.0
36033,7.0,3.0
36035,4.0,0.0
36037,4.0,1.0
36039,3.0,1.0
36041,7.5,2.5
36043,4.0,2.0
36045,1.5,0.5
36047,1.0,0.0
36049,7.0,3.0
36051,3.0,1.0
36053,4.0,2.0
36055,1.0,0.0
36057,2.0,0.0
36059,1.0,0.0
36061,1.0,0.0
36063,1.0,0.0
36065,1.0,0.0
36067,1.0,0.0
36069,2.0,1.0
36071,1.0,0.0
36073,7.0,3.0
36075,4.0,1.0
36077,5.0,2.0
36079,1.0,0.0
36081,1.0,0.0
36083,1.0,0.0
36085,1.0,0.0
36087,1.0,0.0
36089,7.0,2.0
36091,1.0,0.0
36093,1.0,0.0
36095,2.0,0.0
36097,9.0,1.0
36099,4.0,0.5
36101,5.0,1.0
36103,1.0,0.0
36105,8.0,2.0
36107,2.0,1.0
36109,1.0,0.0
36111,1.0,0.0
36113,1.0,0.0
36115,3.0,2.0
36117,2.0,1.0
36119,1.0,0.0
36121,7.0,3.0
36123,7.0,0.0
37001,1.0,0.0
37003,2.0,0.0
37005,10.0,0.0
37007,2.0,0.0
37009,8.0,0.0
37011,10.0,0.0
37013,5.0,1.0
37015,9.0,0.5
37017,8.5,1.5
37019,2.0,1.0
37021,1.0,0.0
37023,1.0,0.0
37025,1.0,0.0
37027,1.0,0.0
37029,2.0,0.0
37031,4.0,0.0
37033,4.0,1.5
37035,1.0,0.0
37037,7.0,2.0
37039,10.0,0.0
37041,10.0,0.0
37043,10.0,0.0
37045,4.0,1.0
37047,3.0,1.0
37049,1.0,0.0
37051,1.0,0.0
37053,3.5,1.5
37055,7.0,3.0
37057,1.0,0.0
37059,2.0,1.0
37061,10.0,0.0
37063,1.0,0.0
37065,3.0,1.5
37067,1.0,0.0
37069,2.0,0.0
37071,1.0,0.0
37073,2.0,0.0
37075,10.0,0.0
37077,4.0,2.0
37079,2.5,0.5
37081,1.0,0.0
37083,4.5,0.5
37085,2.0,1.0
37087,1.0,0.0
37089,1.0,0.0
37091,7.0,0.0
37093,2.0,1.0
37095,10.0,0.0
37097,1.0,0.0
37099,4.0,1.0
37101,2.0,1.0
37103,2.0,0.0
37105,4.0,0.0
37107,4.0,0.0
37109,2.0,1.0
37111,4.0,1.0
37113,8.0,0.0
37115,2.0,0.0
37117,7.0,1.0
37119,1.0,0.0
37121,10.0,0.0
37123,9.0,1.0
37125,4.0,0.5
37127,1.0,0.0
37129,1.0,0.0
37131,5.0,0.0
37133,1.0,0.0
37135,1.0,0.0
37137,10.0,8.0
37139,4.0,0.0
37141,2.0,0.0
37143,8.0,2.0
37145,2.0,0.0
37147,1.0,0.0
37149,2.0,0.0
37151,4.0,1.0
37153,4.0,0.0
37155,4.0,1.0
37157,4.0,1.0
37159,1.0,0.0
37161,5.0,1.0
37163,8.0,1.0
37165,4.0,0.0
37167,4.0,1.0
37169,2.0,0.0
37171,4.0,1.0
37173,10.0,0.0
37175,2.0,0.0
37177,10.0,0.0
37179,1.0,0.0
37181,4.0,0.0
37183,1.0,0.0
37185,7.5,2.5
37187,10.0,0.0
37189,5.0,1.0
37191,1.0,0.0
37193,5.0,1.0
37195,4.0,0.0
37197,2.0,0.0
37199,2.0,0.0
38001,10.0,0.0
38003,7.5,0.5
38005,10.0,0.0
38007,10.0,0.0
38009,10.0,0.0
38011,10.0,0.0
38013,10.0,0.0
38015,1.0,0.0
38017,1.0,0.0
38019,10.0,0.0
38021,10.0,0.0
38023,10.0,0.0
38025,10.0,0.0
38027,10.0,0.0
38029,10.0,0.0
38031,10.0,0.0
38033,10.0,0.0
38035,1.0,0.0
38037,10.0,0.0
38039,10.0,0.0
38041,10.0,0.0
38043,10.0,0.0
38045,10.0,0.0
38047,10.0,0.0
38049,5.0,0.0
38051,10.0,0.0
38053,10.0,0.0
38055,10.0,0.0
38057,10.0,0.0
38059,1.0,0.0
38061,10.0,0.0
38063,10.0,0.0
38065,10.0,0.0
38067,10.0,0.0
38069,7.0,0.0
38071,7.0,0.0
38073,10.0,0.0
38075,10.0,0.0
38077,4.5,1.5
38079,10.0,0.0
38081,10.0,0.0
38083,10.0,0.0
38085,10.0,0.0
38087,10.0,0.0
38089,4.0,0.0
38091,10.0,0.0
38093,4.0,0.0
38095,10.0,0.0
38097,10.0,0.0
38099,9.0,1.0
38101,4.0,0.0
38103,10.0,0.0
38105,4.0,0.0
39001,8.0,2.0
39003,1.0,0.0
39005,4.0,0.0
39007,4.0,0.5
39009,4.0,1.0
39011,7.0,1.0
39013,1.0,0.0
39015,2.0,0.0
39017,1.0,0.0
39019,3.0,1.0
39021,5.0,1.0
39023,1.0,0.0
39025,1.0,0.0
39027,5.0,0.0
39029,4.0,0.5
39031,4.5,0.5
39033,4.0,0.0
39035,1.0,0.0
39037,4.5,1.5
39039,5.0,1.0
39041,1.0,0.0
39043,4.0,0.0
39045,3.0,1.0
39047,4.0,0.0
39049,1.0,0.0
39051,3.0,2.0
39053,5.0,1.0
39055,2.0,0.0
39057,1.0,0.0
39059,4.5,0.5
39061,1.0,0.0
39063,4.0,0.0
39065,7.0,1.0
39067,5.0,2.0
39069,8.0,1.0
39071,7.0,1.0
39073,7.0,2.0
39075,10.0,0.0
39077,6.0,2.0
39079,5.0,1.0
39081,1.0,0.0
39083,4.5,0.5
39085,1.0,0.0
39087,1.0,0.0
39089,1.0,0.0
39091,6.0,1.0
39093,1.0,0.0
39095,1.0,0.0
39097,2.0,0.0
39099,1.0,0.0
39101,4.0,0.0
39103,1.0,0.0
39105,6.5,0.5
39107,7.0,3.0
39109,2.0,1.0
39111,8.0,2.0
39113,1.0,0.0
39115,8.0,1.5
39117,2.0,0.0
39119,4.0,0.0
39121,7.0,2.0
39123,4.0,2.0
39125,6.0,1.0
39127,5.5,2.0
39129,2.0,1.0
39131,8.0,1.0
39133,1.0,0.0
39135,5.0,2.5
39137,10.0,0.0
39139,1.0,0.0
39141,5.0,1.0
39143,4.0,1.0
39145,4.0,0.0
39147,4.0,0.0
39149,4.5,0.5
39151,1.0,0.0
39153,1.0,0.0
39155,1.0,0.0
39157,4.0,0.0
39159,2.0,0.0
39161,5.0,1.0
39163,6.0,0.0
39165,1.0,0.0
39167,4.0,1.0
39169,5.0,1.0
39171,9.0,1.0
39173,2.0,1.0
39175,8.0,1.0
40001,7.0,2.0
40003,10.0,0.0
40005,10.0,0.0
40007,10.0,0.0
40009,5.5,1.5
40011,10.0,0.0
40013,4.0,0.0
40015,8.0,2.0
40017,1.0,0.0
40019,5.0,1.0
40021,5.0,1.0
40023,8.0,0.0
40025,10.0,0.0
40027,1.0,0.0
40029,7.5,2.5
40031,1.0,0.0
40033,2.0,0.0
40035,8.0,1.0
40037,1.0,0.0
40039,7.0,3.0
40041,9.0,1.0
40043,10.0,0.0
40045,10.0,0.0
40047,4.0,0.0
40049,8.0,2.0
40051,4.0,1.0
40053,7.5,2.5
40055,8.5,1.5
40057,10.0,0.0
40059,10.0,0.0
40061,8.5,1.0
40063,8.0,1.0
40065,4.0,0.0
40067,10.0,0.0
40069,10.0,0.0
40071,4.0,0.0
40073,7.5,1.5
40075,10.0,0.0
40077,8.0,0.0
40079,7.0,1.5
40081,6.0,3.0
40083,2.0,1.0
40085,10.0,0.0
40087,2.0,0.0
40089,8.0,0.5
40091,6.5,2.5
40093,10.0,0.0
40095,8.5,1.0
40097,3.0,1.0
40099,7.0,0.0
40101,4.0,0.0
40103,6.0,1.0
40105,6.5,1.5
40107,7.5,1.5
40109,1.0,0.0
40111,4.0,0.5
40113,2.0,0.0
40115,4.0,0.0
40117,2.0,0.0
40119,4.0,0.0
40121,5.0,1.0
40123,4.5,0.5
40125,4.0,0.0
40127,10.0,0.0
40129,10.0,0.0
40131,2.0,1.0
40133,7.0,1.0
40135,2.0,0.0
40137,4.0,0.0
40139,5.0,1.0
40141,7.0,3.0
40143,1.0,0.0
40145,1.0,0.0
40147,4.0,0.0
40149,6.0,1.0
40151,7.0,0.0
40153,4.0,0.0
41001,7.0,0.0
41003,1.0,0.0
41005,1.0,0.0
41007,6.0,1.5
41009,2.0,0.0
41011,4.0,0.0
41013,4.0,0.0
41015,5.5,1.5
41017,1.5,0.5
41019,5.0,1.0
41021,10.0,0.0
41023,10.0,0.0
41025,8.5,1.5
41027,7.0,3.0
41029,1.0,0.0
41031,8.0,1.5
41033,1.5,0.5
41035,4.0,0.0
41037,8.5,1.5
41039,1.0,0.0
41041,4.0,0.0
41043,2.0,1.0
41045,7.5,2.5
41047,1.0,0.0
41049,8.5,1.5
41051,1.0,0.0
41053,4.0,0.0
41055,10.0,0.0
41057,8.0,1.0
41059,4.0,0.0
41061,4.0,0.0
41063,10.0,0.0
41065,4.0,0.0
41067,1.0,0.0
41069,10.0,0.0
41071,4.0,0.0
42001,2.0,1.0
42003,1.0,0.0
42005,4.0,2.0
42007,1.0,0.0
42009,7.0,3.0
42011,1.0,0.0
42013,1.0,0.0
42015,6.0,3.0
42017,1.0,0.0
42019,3.5,1.5
42021,1.0,0.0
42023,7.5,0.5
42025,2.0,1.0
42027,1.0,0.0
42029,1.0,0.0
42031,10.0,0.0
42033,4.0,1.0
42035,4.0,0.0
42037,1.0,0.0
42039,5.0,1.0
42041,1.0,0.0
42043,1.0,0.0
42045,1.0,0.0
42047,8.0,0.0
42049,1.0,0.0
42051,1.0,0.0
42053,10.0,0.0
42055,1.0,0.0
42057,10.0,0.0
42059,2.0,0.0
42061,4.5,1.5
42063,4.0,1.0
42065,7.0,1.0
42067,2.0,0.0
42069,1.0,0.0
42071,1.0,0.0
42073,4.0,0.0
42075,1.0,0.0
42077,1.0,0.0
42079,1.0,0.0
42081,1.0,0.0
42083,5.5,1.5
42085,2.0,1.0
42087,4.0,0.0
42089,2.0,1.0
42091,1.0,0.0
42093,1.5,0.5
42095,1.0,0.0
42097,4.0,0.0
42099,2.0,0.0
42101,1.0,0.0
42103,3.0,1.0
42105,10.0,0.0
42107,4.0,0.0
42109,5.0,1.0
42111,5.0,1.0
42113,6.5,3.5
42115,2.0,0.0
42117,10.0,0.0
42119,4.5,0.5
42121,5.0,1.0
42123,5.0,1.0
42125,1.0,0.0
42127,3.0,1.0
42129,1.0,0.0
42131,2.0,0.0
42133,1.0,0.0
44001,1.0,0.0
44003,1.0,0.0
44005,1.0,0.0
44007,1.0,0.0
44009,1.0,0.0
45001,4.5,1.0
45003,1.0,0.0
45005,3.0,1.0
45007,1.0,0.0
45009,7.0,1.0
45011,8.0,1.5
45013,2.0,1.0
45015,1.0,0.0
45017,2.0,0.0
45019,1.0,0.0
45021,4.0,1.0
45023,3.0,0.0
45025,4.0,2.0
45027,2.5,0.5
45029,4.5,2.5
45031,2.0,1.0
45033,8.0,0.5
45035,1.0,0.0
45037,2.0,0.0
45039,2.0,0.0
45041,1.0,0.0
45043,4.0,2.0
45045,1.0,0.0
45047,4.0,0.0
45049,2.0,0.0
45051,1.0,0.0
45053,2.0,0.0
45055,2.0,1.0
45057,4.0,1.0
45059,4.0,1.0
45061,6.0,4.0
45063,1.0,0.0
45065,5.0,0.0
45067,7.0,0.0
45069,5.0,1.0
45071,4.5,0.5
45073,5.0,0.0
45075,4.0,0.5
45077,1.0,0.0
45079,1.0,0.0
45081,6.0,0.0
45083,1.0,0.0
45085,1.0,0.0
45087,4.0,1.0
45089,8.0,2.0
45091,1.0,0.0
46003,10.0,0.0
46005,4.0,0.0
46007,10.0,0.0
46009,10.0,0.0
46011,4.0,0.0
46013,4.0,0.0
46015,10.0,0.0
46017,10.0,0.0
46019,8.5,1.5
46021,10.0,0.0
46023,10.0,0.0
46025,10.0,0.0
46027,4.0,0.0
46029,4.0,0.0
46031,10.0,0.0
46033,6.0,4.0
46035,4.0,0.0
46037,10.0,0.0
46039,10.0,0.0
46041,8.5,1.5
46043,10.0,0.0
46045,7.5,2.5
46047,7.5,0.5
46049,10.0,0.0
46051,8.5,1.5
46053,10.0,0.0
46055,10.0,0.0
46057,10.0,0.0
46059,10.0,0.0
46061,5.0,0.0
46063,10.0,0.0
46065,4.0,0.0
46067,10.0,0.0
46069,10.0,0.0
46071,10.0,0.0
46073,10.0,0.0
46075,10.0,0.0
46077,10.0,0.0
46079,8.0,0.0
46081,4.0,0.0
46083,2.0,0.0
46085,10.0,0.0
46087,6.0,4.0
46089,10.0,0.0
46091,10.0,0.0
46093,7.0,0.0
46095,10.0,0.0
46097,10.0,0.0
46099,1.0,0.0
46101,6.5,3.5
46103,1.0,0.0
46105,10.0,0.0
46107,10.0,0.0
46109,10.0,0.0
46111,10.0,0.0
46113,10.0,0.0
46115,10.0,0.0
46117,4.0,0.0
46119,10.0,0.0
46121,6.0,4.0
46123,8.5,1.5
46125,10.0,0.0
46127,10.0,0.0
46129,8.5,1.5
46135,4.0,0.0
46137,10.0,0.0
47001,1.0,0.0
47003,5.0,0.0
47005,8.0,1.0
47007,5.0,3.0
47009,1.0,0.0
47011,1.0,0.0
47013,2.0,0.0
47015,2.0,0.0
47017,9.5,0.5
47019,1.0,0.0
47021,2.0,0.0
47023,7.0,1.0
47025,8.0,1.0
47027,5.5,0.5
47029,5.0,0.0
47031,4.0,0.0
47033,2.0,0.0
47035,5.0,0.0
47037,1.0,0.0
47039,9.5,0.5
47041,7.5,1.0
47043,4.0,0.5
47045,4.5,0.5
47047,2.0,0.0
47049,10.0,0.0
47051,5.0,0.0
47053,7.0,0.5
47055,7.0,1.0
47057,2.0,0.0
47059,5.0,0.0
47061,5.5,1.5
47063,1.0,0.0
47065,1.0,0.0
47067,2.0,0.0
47069,7.0,2.0
47071,8.0,1.0
47073,2.0,1.0
47075,7.0,0.5
47077,8.0,0.0
47079,5.0,0.0
47081,8.0,2.0
47083,2.0,0.0
47085,8.0,1.0
47087,5.0,0.0
47089,2.0,1.0
47091,10.0,0.0
47093,1.0,0.0
47095,7.5,2.5
47097,7.0,0.0
47099,5.0,0.0
47101,7.5,0.5
47103,8.0,0.0
47105,1.0,0.0
47107,4.0,0.5
47109,9.0,1.0
47111,7.5,1.5
47113,1.0,0.0
47115,4.5,2.5
47117,4.0,0.5
47119,4.0,0.0
47121,3.0,0.0
47123,7.0,0.0
47125,1.0,0.0
47127,5.5,0.5
47129,2.0,0.0
47131,5.0,0.5
47133,5.0,0.0
47135,6.0,4.0
47137,10.0,0.0
47139,2.0,0.0
47141,4.0,0.0
47143,4.0,0.5
47145,2.0,0.0
47147,2.0,1.0
47149,1.0,0.0
47151,7.0,3.0
47153,2.0,0.0
47155,4.0,1.0
47157,1.0,0.0
47159,7.0,2.0
47161,3.0,1.0
47163,1.0,0.0
47165,1.0,0.0
47167,2.0,0.0
47169,2.5,0.5
47171,4.5,2.5
47173,2.0,0.0
47175,5.0,0.0
47177,5.0,1.0
47179,1.0,0.0
47181,10.0,0.0
47183,5.0,1.0
47185,6.5,0.5
47187,1.0,0.0
47189,2.0,1.0
48001,5.0,1.0
48003,4.0,0.0
48005,4.0,0.0
48007,4.0,0.0
48009,2.0,0.0
48011,2.0,0.0
48013,2.0,0.0
48015,7.5,0.5
48017,7.0,0.0
48019,2.0,0.0
48021,2.0,0.0
48023,10.0,0.0
48025,4.0,0.0
48027,1.0,0.0
48029,1.0,0.0
48031,6.5,3.5
48033,10.0,0.0
48035,3.0,1.0
48037,1.0,0.0
48039,1.0,0.0
48041,1.0,0.0
48043,7.0,0.0
48045,10.0,0.0
48047,7.5,0.5
48049,4.0,0.0
48051,2.0,0.0
48053,7.0,1.5
48055,2.0,0.0
48057,4.5,0.5
48059,2.0,0.0
48061,1.0,0.0
48063,8.0,0.0
48065,6.0,4.0
48067,7.0,1.0
48069,8.0,1.0
48071,2.0,0.0
48073,4.5,0.5
48075,7.5,0.5
48077,2.0,0.0
48079,10.0,0.0
48081,6.0,4.0
48083,10.0,0.0
48085,1.0,0.0
48087,10.0,0.0
48089,7.0,2.0
48091,1.0,0.0
48093,9.0,1.0
48095,2.0,0.0
48097,4.0,0.5
48099,1.0,0.0
48101,10.0,0.0
48103,7.0,0.0
48105,7.0,0.0
48107,2.0,0.0
48109,10.0,0.0
48111,8.5,1.5
48113,1.0,0.0
48115,4.0,0.0
48117,4.0,0.0
48119,9.0,1.0
48121,1.0,0.0
48123,7.0,0.0
48125,10.0,0.0
48127,7.5,0.5
48129,10.0,0.0
48131,10.0,0.0
48133,10.0,0.0
48135,1.0,0.0
48137,10.0,0.0
48139,1.0,0.0
48141,1.0,0.0
48143,4.5,0.5
48145,2.0,0.0
48147,7.0,3.0
48149,9.0,1.0
48151,7.5,2.5
48153,6.0,1.0
48155,5.0,0.0
48157,1.0,0.0
48159,8.0,1.0
48161,8.0,1.0
48163,7.0,0.0
48165,10.0,0.0
48167,2.0,1.0
48169,7.0,0.0
48171,4.0,0.0
48173,10.0,0.0
48175,6.0,4.0
48177,8.0,1.5
48179,4.0,0.0
48181,1.0,0.0
48183,1.0,0.0
48185,2.0,0.0
48187,1.0,0.0
48189,4.0,0.0
48191,10.0,0.0
48193,7.0,2.0
48195,8.5,1.5
48197,10.0,0.0
48199,2.0,0.0
48201,1.0,0.0
48203,4.0,1.0
48205,7.0,0.0
48207,8.0,1.0
48209,1.0,0.0
48211,7.0,0.0
48213,4.0,2.0
48215,1.0,0.0
48217,3.0,1.0
48219,4.0,2.0
48221,4.0,0.0
48223,5.0,1.0
48225,7.0,1.0
48227,4.0,0.0
48229,2.0,0.0
48231,4.0,2.0
48233,4.0,0.0
48235,2.0,0.0
48237,7.0,0.0
48239,2.0,0.0
48241,7.5,1.0
48243,10.0,0.0
48245,1.0,0.0
48247,7.0,0.0
48249,4.0,0.0
48251,2.0,1.0
48253,8.5,1.5
48255,7.0,1.5
48257,2.0,0.0
48259,2.0,0.0
48261,54.5,44.5
48263,10.0,0.0
48265,4.0,0.0
48267,7.5,0.5
48269,10.0,0.0
48271,7.0,0.0
48273,4.0,0.0
48275,10.0,0.0
48277,4.0,0.0
48279,7.0,2.0
48281,7.0,2.0
48283,7.0,0.0
48285,10.0,0.0
48287,7.5,0.5
48289,10.0,0.0
48291,2.0,0.0
48293,7.0,0.5
48295,10.0,0.0
48297,6.0,4.0
48299,7.5,0.5
48301,2.0,0.0
48303,1.0,0.0
48305,2.0,0.0
48307,8.0,0.0
48309,1.0,0.0
48311,10.0,0.0
48313,8.0,1.5
48315,6.0,4.0
48317,2.0,0.0
48319,10.0,0.0
48321,4.0,1.0
48323,4.0,0.0
48325,2.0,0.0
48327,10.0,0.0
48329,1.0,0.0
48331,7.0,1.0
48333,10.0,0.0
48335,7.5,0.5
48337,7.5,0.5
48339,1.0,0.0
48341,4.5,0.5
48343,7.0,1.0
48345,10.0,0.0
48347,4.0,0.0
48349,4.0,0.5
48351,2.0,0.0
48353,4.0,0.0
48355,1.0,0.0
48357,7.0,0.0
48359,10.0,0.0
48361,1.0,0.0
48363,4.0,0.0
48365,6.5,2.5
48367,2.0,1.0
48369,8.5,1.5
48371,7.0,0.0
48373,7.0,3.0
48375,1.0,0.0
48377,8.5,1.5
48379,3.0,0.0
48381,1.0,0.0
48383,7.0,0.0
48385,10.0,0.0
48387,5.0,1.0
48389,4.0,0.0
48391,8.5,1.5
48393,10.0,0.0
48395,2.0,0.0
48397,1.0,0.0
48399,7.0,1.5
48401,4.0,1.0
48403,10.0,0.0
48405,10.0,0.0
48407,2.0,0.0
48409,3.0,1.5
48411,7.5,0.5
48413,10.0,0.0
48415,4.0,0.0
48417,10.0,0.0
48419,7.5,2.0
48421,10.0,0.0
48423,1.0,0.0
48425,2.0,0.0
48427,4.0,0.0
48429,7.0,0.0
48431,10.0,0.0
48433,10.0,0.0
48435,7.0,0.0
48437,5.0,2.0
48439,1.0,0.0
48441,1.0,0.0
48443,10.0,0.0
48445,7.0,0.0
48447,10.0,0.0
48449,4.0,0.0
48451,1.0,0.0
48453,1.0,0.0
48455,5.0,0.0
48457,7.0,3.0
48459,2.0,0.0
48461,10.0,0.0
48463,4.0,0.0
48465,4.0,0.0
48467,2.0,0.0
48469,1.0,0.0
48471,4.0,0.0
48473,2.0,0.0
48475,7.0,0.0
48477,4.0,0.0
48479,1.0,0.0
48481,5.0,2.0
48483,10.0,0.0
48485,1.0,0.0
48487,4.0,0.0
48489,2.0,0.0
48491,1.0,0.0
48493,2.0,0.0
48495,7.0,0.0
48497,3.0,1.0
48499,9.5,0.5
48501,8.5,1.5
48503,7.0,0.0
48505,4.0,0.0
48507,7.0,0.5
49001,8.5,1.5
49003,1.0,0.0
49005,1.0,0.0
49007,4.0,0.0
49009,10.0,0.0
49011,1.0,0.0
49013,8.0,1.0
49015,10.0,0.0
49017,10.0,0.0
49019,7.0,0.0
49021,4.0,0.0
49023,4.5,2.5
49025,7.5,0.5
49027,8.0,1.0
49029,2.0,0.0
49031,10.0,0.0
49033,10.0,0.0
49035,1.0,0.0
49037,8.5,1.5
49039,7.0,0.0
49041,8.0,1.0
49043,4.0,2.0
49045,4.0,0.0
49047,4.0,0.0
49049,1.0,0.0
49051,4.0,0.0
49053,1.0,0.0
49055,10.0,0.0
49057,1.0,0.0
50001,7.0,3.0
50003,5.5,1.5
50005,8.0,1.0
50007,1.0,0.0
50009,10.0,0.0
50011,7.5,0.5
50013,2.0,0.0
50015,10.0,0.0
50017,10.0,0.0
50019,10.0,0.0
50021,5.0,1.0
50023,5.0,1.0
50025,10.0,0.0
50027,9.5,0.5
51001,10.0,0.0
51003,1.0,0.0
51005,7.0,0.0
51007,2.0,0.0
51009,1.0,0.0
51011,2.0,0.0
51013,1.0,0.0
51015,2.0,0.0
51017,10.0,0.0
51019,2.0,0.0
51021,4.0,2.0
51023,2.0,0.0
51025,7.0,3.0
51027,10.0,0.0
51029,2.0,0.0
51031,2.0,0.5
51033,2.0,0.0
51035,8.0,2.0
51036,2.0,0.0
51037,10.0,0.0
51041,1.0,0.0
51043,2.0,0.0
51045,2.0,0.0
51047,4.5,0.5
51049,5.0,3.0
51051,8.0,1.0
51053,2.0,0.0
51057,2.0,0.0
51059,1.0,0.0
51061,2.0,0.0
51063,2.0,0.0
51065,2.0,0.0
51067,2.0,0.0
51069,1.0,0.0
51071,2.0,0.0
51073,2.0,0.0
51075,2.0,0.0
51077,8.0,0.0
51079,2.0,0.0
51081,8.0,0.0
51083,8.0,0.0
51085,1.0,0.0
51087,1.0,0.0
51089,4.0,0.0
51091,10.0,0.0
51093,2.0,0.0
51095,1.0,0.0
51097,2.5,0.5
51099,8.0,1.0
51101,2.0,0.0
51103,10.0,0.0
51105,9.5,0.5
51107,1.0,0.0
51109,2.5,0.5
51111,3.0,1.0
51113,4.5,1.5
51115,2.0,0.0
51117,9.0,1.0
51119,10.0,0.0
51121,1.0,0.0
51125,2.0,0.0
51127,2.0,0.0
51131,10.0,0.0
51133,10.0,0.0
51135,2.0,0.0
51137,7.0,3.0
51139,7.0,0.0
51141,5.5,0.5
51143,5.0,0.0
51145,2.0,0.0
51147,7.0,0.0
51149,1.0,0.0
51153,1.0,0.0
51155,4.0,0.0
51157,6.0,4.0
51159,10.0,0.0
51161,1.0,0.0
51163,9.5,0.5
51165,2.0,0.0
51167,2.0,0.0
51169,2.0,0.0
51171,7.0,3.0
51173,9.0,1.0
51175,9.0,1.0
51177,1.0,0.0
51179,1.0,0.0
51181,3.0,0.0
51183,2.0,0.0
51185,7.0,2.0
51187,4.0,0.5
51191,2.0,0.0
51193,8.5,1.5
51195,7.0,2.0
51197,7.5,0.5
51199,1.0,0.0
51510,1.0,0.0
51515,7.0,0.0
51520,1.0,0.0
51530,7.0,0.0
51540,1.0,0.0
51550,1.0,0.0
51570,1.0,0.0
51580,7.0,0.0
51590,4.0,0.0
51595,7.0,0.0
51600,1.0,0.0
51610,1.0,0.0
51620,7.0,0.0
51630,1.0,0.0
51640,7.0,0.0
51650,1.0,0.0
51660,1.0,0.0
51670,1.0,0.0
51678,7.0,0.0
51680,1.0,0.0
51683,1.0,0.0
51685,1.0,0.0
51690,4.0,0.0
51700,1.0,0.0
51710,1.0,0.0
51720,4.0,0.0
51730,1.0,0.0
51735,1.0,0.0
51740,1.0,0.0
51750,1.0,0.0
51760,1.0,0.0
51770,1.0,0.0
51775,1.0,0.0
51790,1.0,0.0
51800,1.0,0.0
51810,1.0,0.0
51820,1.0,0.0
51830,1.0,0.0
51840,1.0,0.0
53001,4.0,0.0
53003,1.0,0.0
53005,1.0,0.0
53007,1.5,0.5
53009,4.0,0.0
53011,1.0,0.0
53013,7.0,0.0
53015,1.0,0.0
53017,1.0,0.0
53019,10.0,0.0
53021,1.0,0.0
53023,10.0,0.0
53025,6.0,2.0
53027,4.0,1.0
53029,4.0,0.5
53031,10.0,1.0
53033,1.0,0.0
53035,1.0,0.0
53037,4.5,0.5
53039,5.0,1.0
53041,5.0,1.0
53043,10.0,0.0
53045,3.5,1.0
53047,10.0,0.0
53049,8.5,1.5
53051,7.0,3.0
53053,1.0,0.0
53055,10.0,0.0
53057,1.5,0.5
53059,2.0,0.0
53061,1.0,0.0
53063,1.0,0.0
53065,8.0,2.0
53067,1.0,0.0
53069,10.0,0.0
53071,1.0,0.0
53073,1.0,0.0
53075,4.0,0.0
53077,1.0,0.0
54001,7.5,1.5
54003,1.0,0.0
54005,2.0,0.0
54007,10.0,0.0
54009,1.0,0.0
54011,1.0,0.0
54013,5.0,3.0
54015,2.0,0.0
54017,7.5,2.5
54019,1.5,0.5
54021,7.5,0.5
54023,8.0,1.0
54025,8.0,1.0
54027,2.0,0.0
54029,1.5,0.5
54031,7.0,1.0
54033,4.0,0.0
54035,2.0,0.0
54037,2.0,0.0
54039,1.0,0.0
54041,8.0,1.0
54043,2.0,0.0
54045,2.0,0.0
54047,6.0,1.5
54049,4.0,0.0
54051,1.0,0.0
54053,5.0,1.5
54055,4.0,0.0
54057,2.0,1.0
54059,8.0,2.0
54061,1.0,0.0
54063,9.0,1.0
54065,3.0,0.5
54067,8.0,0.0
54069,1.0,0.0
54071,2.0,0.0
54073,2.0,0.0
54075,9.5,0.5
54077,2.5,0.5
54079,1.0,0.0
54081,1.0,0.0
54083,4.0,0.0
54085,2.0,0.0
54087,4.5,2.5
54089,2.5,0.5
54091,2.0,0.0
54093,10.0,0.0
54095,9.0,0.0
54097,7.5,0.5
54099,2.0,0.0
54101,10.0,0.0
54103,7.0,0.0
54105,2.0,0.0
54107,1.0,0.0
54109,2.0,0.0
55001,10.0,0.0
55003,8.0,1.0
55005,8.0,1.0
55007,10.0,1.0
55009,1.0,0.0
55011,10.0,0.0
55013,10.0,0.0
55015,1.0,0.0
55017,2.0,1.0
55019,10.0,0.0
55021,4.0,2.0
55023,9.5,0.5
55025,1.0,0.0
55027,4.0,1.0
55029,8.5,1.5
55031,1.0,0.0
55033,4.5,0.5
55035,1.0,0.0
55037,5.0,0.0
55039,1.0,0.0
55041,10.0,0.0
55043,8.5,1.5
55045,4.0,1.5
55047,10.0,0.0
55049,8.0,2.0
55051,9.0,1.5
55053,8.0,1.0
55055,4.0,1.0
55057,9.0,1.0
55059,1.0,0.0
55061,7.0,1.0
55063,1.0,0.0
55065,10.0,0.0
55067,8.0,0.0
55069,5.0,1.0
55071,4.0,0.0
55073,1.0,0.0
55075,5.0,1.0
55077,10.0,0.0
55078,10.0,0.0
55079,1.0,0.0
55081,8.0,1.0
55083,7.0,3.0
55085,8.0,1.0
55087,1.0,0.0
55089,1.0,0.0
55091,10.0,0.0
55093,4.5,2.0
55095,10.0,0.0
55097,4.0,0.0
55099,10.0,0.0
55101,1.0,0.0
55103,8.0,1.0
55105,1.0,0.0
55107,8.0,1.0
55109,2.0,0.0
55111,7.0,2.0
55113,10.0,0.0
55115,5.0,2.0
55117,1.0,0.0
55119,8.0,1.0
55121,4.5,2.5
55123,8.0,2.0
55125,10.0,0.0
55127,4.0,0.0
55129,8.0,1.0
55131,1.0,0.0
55133,1.0,0.0
55135,7.5,2.0
55137,9.0,1.0
55139,1.0,0.0
55141,4.0,0.0
56001,4.0,0.0
56003,10.0,0.0
56005,4.0,0.0
56007,8.0,1.0
56009,7.0,1.5
56011,10.0,0.0
56013,6.0,2.0
56015,8.5,1.5
56017,7.5,0.5
56019,8.5,1.5
56021,1.0,0.0
56023,10.0,0.0
56025,1.0,0.0
56027,10.0,0.0
56029,7.0,0.0
56031,8.5,1.5
56033,4.0,0.0
56035,10.0,0.0
56037,4.0,0.0
56039,4.0,0.0
56041,4.0,0.0
56043,7.0,0.0
56045,8.5,1.5
72001,4.0,0.0
72003,1.0,0.0
72005,1.0,0.0
72007,1.0,0.0
72009,1.0,0.0
72011,1.0,0.0
72013,1.0,0.0
72015,1.0,0.0
72017,1.0,0.0
72019,1.0,0.0
72021,1.0,0.0
72023,1.0,0.0
72025,1.0,0.0
72027,1.0,0.0
72029,1.0,0.0
72031,1.0,0.0
72033,1.0,0.0
72035,1.0,0.0
72037,1.0,0.0
72039,1.0,0.0
72041,1.0,0.0
72043,4.0,0.0
72045,1.0,0.0
72047,1.0,0.0
72049,54.5,44.5
72051,1.0,0.0
72053,1.0,0.0
72054,1.0,0.0
72055,1.0,0.0
72057,1.0,0.0
72059,1.0,0.0
72061,1.0,0.0
72063,1.0,0.0
72065,1.0,0.0
72067,1.0,0.0
72069,1.0,0.0
72071,1.0,0.0
72073,4.0,0.0
72075,1.0,0.0
72077,1.0,0.0
72079,1.0,0.0
72081,1.0,0.0
72083,1.0,0.0
72085,1.0,0.0
72087,1.0,0.0
72089,1.0,0.0
72091,1.0,0.0
72093,8.5,1.5
72095,7.0,0.0
72097,1.0,0.0
72099,1.0,0.0
72101,1.0,0.0
72103,1.0,0.0
72105,1.0,0.0
72107,1.0,0.0
72109,1.0,0.0
72111,1.0,0.0
72113,1.0,0.0
72115,1.0,0.0
72117,1.0,0.0
72119,1.0,0.0
72121,1.0,0.0
72123,4.0,0.0
72125,1.0,0.0
72127,1.0,0.0
72129,1.0,0.0
72131,1.0,0.0
72133,4.0,0.0
72135,1.0,0.0
72137,1.0,0.0
72139,1.0,0.0
72141,1.0,0.0
72143,1.0,0.0
72145,1.0,0.0
72147,7.0,0.0
72149,1.0,0.0
72151,1.0,0.0
72153,1.0,0.0
