FIPS,HealthDisp
1001,4.202
1003,4.956
1005,5.827
1007,4.948
1009,5.362
1011,5.588
1013,5.427
1015,5.443
1017,4.913
1019,5.044
1021,6.28
1023,5.422
1025,5.258
1027,4.566
1029,6.383
1031,5.668
1033,3.651
1035,5.592
1037,3.603
1039,5.774
1041,4.314
1043,6.176
1045,5.861
1047,5.586
1049,7.314
1051,3.857
1053,6.389
1055,6.169
1057,4.445
1059,6.26
1061,6.213
1063,8.784
1065,4.587
1067,4.214
1069,6.119
1071,5.456
1073,4.868
1075,3.044
1077,4.809
1079,4.921
1081,4.206
1083,4.601
1085,4.585
1087,4.941
1089,4.268
1091,4.638
1093,5.576
1095,6.438
1097,6.036
1099,6.569
1101,5.493
1103,5.478
1105,5.409
1107,5.143
1109,4.803
1111,4.927
1113,5.836
1115,4.382
1117,3.153
1119,6.149
1121,5.063
1123,4.692
1125,3.844
1127,6.166
1129,5.102
1131,5.503
1133,6.423
2013,20.049
2016,8.696
2020,5.516
2050,9.178
2060,8.112
2068,6.524
2070,9.766
2090,4.917
2100,4.905
2105,11.675
2110,4.792
2122,7.267
2130,4.936
2150,8.672
2158,9.48
2164,13.338
2170,7.362
2180,10.0
2185,10.027
2188,12.05
2195,6.471
2198,11.346
2220,7.38
2230,6.913
2240,8.644
2261,8.8
2275,7.861
2282,10.076
2290,11.774
4001,13.598
4003,4.28
4005,5.967
4007,5.466
4009,4.065
4011,1.558
4012,7.131
4013,5.806
4015,5.139
4017,7.247
4019,4.857
4021,4.791
4023,6.344
4025,5.166
4027,6.798
5001,2.88
5003,4.156
5005,3.156
5007,4.524
5009,3.623
5011,5.765
5013,4.419
5015,6.055
5017,5.767
5019,4.762
5021,3.217
5023,4.063
5025,1.955
5027,4.019
5029,3.189
5031,4.656
5033,4.563
5035,4.458
5037,4.185
5039,4.115
5041,4.214
5043,2.581
5045,4.386
5047,2.992
5049,5.822
5051,5.444
5053,2.827
5055,4.056
5057,5.07
5059,3.733
5061,5.588
5063,4.596
5065,3.161
5067,4.831
5069,3.405
5071,4.084
5073,4.183
5075,3.644
5077,4.54
5079,3.437
5081,2.752
5083,3.341
5085,3.807
5087,4.932
5089,3.243
5091,4.879
5093,4.199
5095,4.582
5097,5.842
5099,4.132
5101,2.348
5103,3.475
5105,2.615
5107,4.197
5109,4.541
5111,5.646
5113,5.237
5115,4.031
5117,3.521
5119,4.255
5121,4.045
5123,5.393
5125,3.026
5127,3.675
5129,2.936
5131,5.818
5133,8.465
5135,3.215
5137,4.061
5139,3.716
5141,5.104
5143,6.248
5145,4.975
5147,2.936
5149,3.894
6001,2.329
6003,3.919
6005,2.694
6007,3.374
6009,2.848
6011,4.547
6013,2.699
6015,3.109
6017,2.253
6019,4.391
6021,4.997
6023,4.308
6025,3.991
6027,3.448
6029,4.343
6031,4.218
6033,4.077
6035,2.161
6037,5.052
6039,4.285
6041,1.686
6043,3.673
6045,5.084
6047,4.492
6049,5.707
6051,6.453
6053,5.116
6055,3.154
6057,2.952
6059,3.835
6061,1.926
6063,1.699
6065,4.677
6067,3.082
6069,3.568
6071,4.609
6073,4.127
6075,1.977
6077,3.573
6079,3.168
6081,2.018
6083,5.366
6085,2.253
6087,2.863
6089,3.383
6091,3.829
6093,3.541
6095,2.732
6097,3.198
6099,3.229
6101,3.809
6103,3.261
6105,5.546
6107,4.395
6109,3.283
6111,4.503
6113,2.45
6115,3.954
8001,5.463
8003,6.066
8005,4.123
8007,6.389
8009,4.16
8011,4.905
8013,2.357
8014,3.057
8015,5.567
8017,3.37
8019,5.773
8021,6.199
8023,6.015
8025,3.715
8027,5.157
8029,5.175
8031,5.081
8033,2.756
8035,1.799
8037,6.14
8039,3.067
8041,3.808
8043,3.658
8045,9.155
8047,2.705
8049,6.588
8051,4.401
8053,7.67
8055,4.117
8057,4.71
8059,2.742
8061,1.581
8063,5.362
8065,7.726
8067,4.63
8069,3.146
8071,4.021
8073,2.721
8075,5.112
8077,5.048
8079,7.72
8081,6.839
8083,6.606
8085,6.102
8087,5.167
8089,4.649
8091,5.765
8093,4.822
8095,6.91
8097,4.398
8099,5.762
8101,3.705
8103,5.847
8105,6.126
8107,3.668
8109,6.05
8111,5.655
8113,4.862
8115,5.157
8117,7.74
8119,4.184
8121,2.078
8123,4.746
8125,6.164
9001,4.075
9003,2.212
9005,1.923
9007,1.722
9009,2.697
9011,2.24
9013,1.434
9015,2.234
10001,3.986
10003,2.75
10005,3.436
11001,2.096
12001,4.463
12003,5.942
12005,7.107
12007,5.679
12009,5.322
12011,7.504
12013,8.418
12015,5.514
12017,5.706
12019,5.048
12021,7.13
12023,7.118
12027,10.149
12029,8.849
12031,6.274
12033,5.829
12035,6.708
12037,9.873
12039,6.888
12041,8.068
12043,10.733
12045,4.207
12047,8.637
12049,6.333
12051,12.648
12053,6.676
12055,6.625
12057,6.484
12059,9.357
12061,5.889
12063,6.141
12065,4.012
12067,7.266
12069,5.651
12071,7.055
12073,4.225
12075,8.162
12077,7.884
12079,6.312
12081,6.319
12083,6.296
12085,5.029
12086,8.579
12087,8.782
12089,5.201
12091,6.137
12093,8.1
12095,7.015
12097,7.039
12099,7.149
12101,6.123
12103,5.652
12105,6.948
12107,8.698
12109,4.107
12111,7.264
12113,5.723
12115,5.643
12117,4.889
12119,2.993
12121,6.739
12123,4.28
12125,5.267
12127,5.97
12129,4.338
12131,7.507
12133,8.425
13001,6.54
13003,10.921
13005,9.94
13007,7.24
13009,6.305
13011,7.15
13013,8.005
13015,7.863
13017,10.521
13019,11.317
13021,6.537
13023,5.522
13025,8.787
13027,8.164
13029,5.162
13031,6.874
13033,5.402
13035,5.65
13037,8.123
13039,5.736
13043,9.645
13045,6.388
13047,5.562
13049,9.285
13051,7.425
13053,2.668
13055,6.341
13057,5.684
13059,6.653
13061,7.548
13063,9.645
13065,11.052
13067,6.35
13069,8.252
13071,11.549
13073,4.353
13075,9.886
13077,5.093
13079,6.446
13081,9.947
13083,6.536
13085,6.82
13087,8.625
13089,7.065
13091,5.652
13093,8.553
13095,8.348
13097,6.9
13099,10.188
13101,12.962
13103,4.906
13105,7.082
13107,9.892
13109,9.38
13111,6.27
13113,3.8
13115,7.915
13117,4.362
13119,7.991
13121,5.35
13123,9.688
13125,3.68
13127,7.162
13129,8.671
13131,9.939
13133,8.593
13135,8.19
13137,7.675
13139,8.801
13141,6.659
13143,6.264
13145,3.674
13147,6.764
13149,6.412
13151,5.721
13153,5.675
13155,9.526
13157,5.656
13159,6.963
13161,9.896
13163,6.759
13165,9.558
13167,8.026
13169,3.795
13171,6.675
13173,6.708
13175,6.932
13177,4.947
13179,5.272
13181,6.753
13183,7.973
13185,8.058
13187,5.706
13189,7.393
13191,6.551
13193,10.895
13195,7.644
13197,6.727
13199,7.192
13201,8.259
13205,10.497
13207,5.895
13209,8.28
13211,5.824
13213,7.961
13215,6.474
13217,7.221
13219,3.388
13221,6.12
13223,6.078
13225,6.913
13227,5.853
13229,8.448
13231,6.155
13233,8.312
13235,6.852
13237,7.124
13239,12.736
13241,8.732
13243,6.526
13245,7.194
13247,7.368
13249,7.2
13251,7.191
13253,9.493
13255,7.531
13257,7.917
13259,6.712
13261,6.557
13263,7.318
13265,6.949
13267,8.053
13269,8.182
13271,5.105
13273,9.434
13275,7.044
13277,9.555
13279,9.436
13281,6.729
13283,9.485
13285,5.888
13287,6.961
13289,5.395
13291,6.909
13293,6.39
13295,7.518
13297,6.385
13299,8.294
13301,5.821
13303,6.004
13305,8.527
13307,9.425
13309,9.614
13311,6.591
13313,9.342
13315,8.862
13317,6.935
13319,5.686
13321,9.027
15001,2.623
15003,1.808
15005,0.0
15007,2.532
15009,2.692
16001,3.976
16003,5.724
16005,4.425
16007,3.016
16009,5.885
16011,5.556
16013,6.174
16015,6.938
16017,5.109
16019,4.578
16021,9.495
16023,6.325
16025,6.761
16027,6.998
16029,5.561
16031,5.808
16033,13.369
16035,7.259
16037,3.241
16039,7.551
16041,5.326
16043,7.206
16045,8.64
16047,9.268
16049,6.756
16051,4.553
16053,9.575
16055,5.39
16057,3.754
16059,5.161
16061,7.075
16063,9.216
16065,3.3
16067,9.644
16069,5.585
16071,4.312
16073,11.366
16075,5.722
16077,7.524
16079,8.231
16081,4.866
16083,5.543
16085,5.794
16087,7.741
17001,2.528
17003,4.305
17005,3.163
17007,2.894
17009,3.234
17011,2.552
17013,0.511
17015,2.781
17017,2.641
17019,2.386
17021,2.544
17023,1.888
17025,2.799
17027,2.117
17029,3.834
17031,4.743
17033,3.564
17035,2.481
17037,2.784
17039,2.027
17041,8.222
17043,2.821
17045,2.509
17047,3.185
17049,2.756
17051,4.088
17053,2.552
17055,3.191
17057,3.1
17059,1.949
17061,2.858
17063,1.861
17065,4.364
17067,1.885
17069,2.92
17071,2.169
17073,2.336
17075,3.348
17077,3.816
17079,3.428
17081,3.364
17083,1.993
17085,2.598
17087,2.114
17089,4.386
17091,2.961
17093,2.23
17095,2.876
17097,3.403
17099,2.221
17101,4.129
17103,1.892
17105,2.508
17107,1.98
17109,2.957
17111,2.563
17113,2.09
17115,2.41
17117,2.219
17119,2.63
17121,3.58
17123,2.306
17125,2.941
17127,3.793
17129,1.221
17131,1.801
17133,1.259
17135,2.164
17137,2.094
17139,7.284
17141,2.376
17143,3.403
17145,2.1
17147,1.965
17149,3.102
17151,1.284
17153,2.561
17155,1.403
17157,2.658
17159,1.831
17161,3.072
17163,3.199
17165,3.187
17167,2.012
17169,4.296
17171,1.562
17173,1.947
17175,2.563
17177,2.784
17179,2.345
17181,3.319
17183,3.048
17185,3.166
17187,3.024
17189,1.402
17191,5.463
17193,3.316
17195,2.804
17197,2.7
17199,3.095
17201,3.43
17203,2.132
18001,10.107
18003,4.286
18005,4.103
18007,4.726
18009,2.762
18011,2.342
18013,4.396
18015,4.931
18017,4.391
18019,3.429
18021,2.513
18023,5.084
18025,3.869
18027,13.169
18029,2.587
18031,3.033
18033,3.665
18035,4.123
18037,2.214
18039,7.901
18041,4.417
18043,2.459
18045,5.288
18047,3.679
18049,5.321
18051,2.508
18053,4.236
18055,3.4
18057,2.144
18059,2.964
18061,3.243
18063,2.974
18065,3.595
18067,3.672
18069,3.399
18071,4.303
18073,2.983
18075,5.372
18077,4.181
18079,5.374
18081,3.164
18083,4.177
18085,5.642
18087,21.582
18089,3.808
18091,3.945
18093,3.841
18095,4.383
18097,5.328
18099,6.445
18101,2.871
18103,4.547
18105,3.46
18107,4.268
18109,3.242
18111,3.519
18113,5.185
18115,3.655
18117,4.0
18119,5.783
18121,7.082
18123,2.464
18125,2.004
18127,2.768
18129,2.547
18131,3.797
18133,2.591
18135,4.768
18137,3.957
18139,5.048
18141,4.087
18143,4.018
18145,3.449
18147,1.813
18149,3.588
18151,3.825
18153,4.847
18155,6.533
18157,3.491
18159,4.386
18161,4.036
18163,4.199
18165,2.743
18167,3.85
18169,4.295
18171,2.264
18173,1.937
18175,4.765
18177,6.048
18179,2.803
18181,4.366
18183,3.825
19001,2.367
19003,3.34
19005,4.168
19007,5.063
19009,2.179
19011,1.211
19013,2.466
19015,1.563
19017,1.609
19019,3.03
19021,4.67
19023,1.835
19025,1.816
19027,1.072
19029,2.428
19031,1.155
19033,2.212
19035,2.484
19037,3.174
19039,3.786
19041,2.409
19043,3.101
19045,2.57
19047,4.657
19049,1.935
19051,12.997
19053,3.449
19055,1.823
19057,2.18
19059,2.318
19061,1.834
19063,3.351
19065,2.377
19067,3.109
19069,5.905
19071,2.275
19073,1.53
19075,1.102
19077,1.82
19079,1.561
19081,1.762
19083,1.987
19085,1.717
19087,1.775
19089,3.591
19091,2.342
19093,2.782
19095,1.36
19097,2.456
19099,1.291
19101,3.001
19103,2.642
19105,1.405
19107,1.748
19109,2.448
19111,2.386
19113,2.031
19115,3.216
19117,3.375
19119,2.514
19121,1.305
19123,2.482
19125,1.972
19127,2.973
19129,1.619
19131,3.386
19133,2.332
19135,1.881
19137,1.65
19139,2.004
19141,1.632
19143,2.698
19145,2.139
19147,1.804
19149,2.568
19151,2.475
19153,2.45
19155,2.872
19157,2.835
19159,3.344
19161,2.334
19163,2.567
19165,2.435
19167,2.026
19169,2.759
19171,3.256
19173,3.233
19175,3.438
19177,5.872
19179,3.861
19181,1.223
19183,3.77
19185,4.782
19187,2.989
19189,1.26
19191,1.308
19193,3.197
19195,1.906
19197,2.016
20001,3.233
20003,6.574
20005,3.85
20007,4.983
20009,6.776
20011,5.153
20013,4.601
20015,3.734
20017,4.904
20019,6.918
20021,4.954
20023,5.785
20025,3.169
20027,2.775
20029,4.92
20031,4.145
20033,3.459
20035,4.94
20037,6.23
20039,4.843
20041,4.598
20043,4.137
20045,3.839
20047,4.509
20049,5.99
20051,2.992
20053,4.192
20055,6.267
20057,6.591
20059,3.648
20061,3.873
20063,5.56
20065,4.57
20067,8.13
20069,7.802
20071,4.202
20073,4.237
20075,12.449
20077,5.808
20079,4.498
20081,9.249
20083,5.33
20085,3.876
20087,2.527
20089,4.23
20091,2.973
20093,7.491
20095,2.924
20097,5.457
20099,5.626
20101,7.521
20103,2.884
20105,3.581
20107,4.865
20109,3.705
20111,4.513
20113,3.066
20115,3.584
20117,3.502
20119,6.978
20121,2.931
20123,3.69
20125,6.859
20127,3.844
20129,6.531
20131,2.46
20133,5.682
20135,3.034
20137,4.874
20139,4.696
20141,3.386
20143,3.278
20145,5.301
20147,2.777
20149,2.265
20151,4.439
20153,3.696
20155,5.112
20157,2.107
20159,3.46
20161,3.236
20163,3.352
20165,2.171
20167,4.521
20169,5.009
20171,3.485
20173,5.54
20175,8.421
20177,3.825
20179,3.866
20181,4.622
20183,4.439
20185,5.077
20187,10.052
20189,8.637
20191,4.379
20193,4.489
20195,3.92
20197,3.255
20199,2.413
20201,2.408
20203,2.549
20205,3.042
20207,5.177
20209,9.045
21001,2.89
21003,3.987
21005,1.97
21007,2.795
21009,4.796
21011,3.608
21013,3.301
21015,2.672
21017,2.664
21019,2.978
21021,2.902
21023,2.219
21025,2.221
21027,3.217
21029,2.005
21031,4.202
21033,5.318
21035,3.39
21037,1.91
21039,3.746
21041,4.258
21043,5.356
21045,6.833
21047,4.492
21049,2.531
21051,3.539
21053,4.152
21055,5.116
21057,5.051
21059,2.507
21061,4.181
21063,3.895
21065,3.527
21067,3.611
21069,4.147
21071,2.686
21073,4.112
21075,3.855
21077,5.571
21079,3.55
21081,2.328
21083,3.863
21085,3.494
21087,4.428
21089,2.337
21091,1.594
21093,2.31
21095,2.944
21097,2.964
21099,5.219
21101,2.048
21103,5.273
21105,1.886
21107,3.178
21109,2.454
21111,2.692
21113,2.992
21115,2.535
21117,2.794
21119,2.802
21121,3.42
21123,2.032
21125,3.839
21127,4.401
21129,1.563
21131,2.216
21133,2.507
21135,3.387
21137,4.879
21139,1.959
21141,3.765
21143,2.052
21145,3.287
21147,2.434
21149,2.952
21151,3.13
21153,2.601
21155,2.182
21157,3.422
21159,2.658
21161,3.62
21163,1.778
21165,3.323
21167,3.501
21169,2.721
21171,4.547
21173,3.51
21175,4.154
21177,2.721
21179,2.718
21181,2.396
21183,2.89
21185,1.63
21187,3.87
21189,2.356
21191,2.009
21193,2.744
21195,3.357
21197,2.38
21199,3.35
21201,4.324
21203,2.314
21205,2.492
21207,3.503
21209,2.357
21211,3.522
21213,3.761
21215,1.947
21217,1.886
21219,10.217
21221,4.064
21223,3.386
21225,2.576
21227,2.934
21229,4.38
21231,4.862
21233,3.601
21235,3.915
21237,0.983
21239,2.571
22001,4.878
22003,3.744
22005,3.054
22007,4.061
22009,4.194
22011,4.757
22013,5.237
22015,4.327
22017,4.808
22019,4.325
22021,4.454
22023,4.475
22025,5.782
22027,5.169
22029,5.719
22031,4.883
22033,4.626
22035,3.367
22037,3.95
22039,5.895
22041,4.407
22043,4.109
22045,5.124
22047,4.053
22049,4.801
22051,5.954
22053,4.353
22055,4.692
22057,4.845
22059,3.388
22061,4.407
22063,4.272
22065,4.696
22067,4.26
22069,5.417
22071,5.071
22073,4.609
22075,3.496
22077,4.936
22079,5.01
22081,5.488
22083,5.713
22085,5.683
22087,5.227
22089,3.517
22091,5.583
22093,4.17
22095,4.12
22097,4.855
22099,5.226
22101,3.509
22103,3.998
22105,4.66
22107,6.71
22109,5.151
22111,4.894
22113,4.733
22115,4.684
22117,5.439
22119,4.597
22121,3.68
22123,4.506
22125,3.18
22127,4.997
23001,4.181
23003,4.503
23005,2.929
23007,5.361
23009,5.238
23011,3.913
23013,3.963
23015,5.094
23017,4.443
23019,4.385
23021,6.198
23023,3.741
23025,4.974
23027,6.027
23029,6.181
23031,2.993
24001,2.545
24003,2.245
24005,2.819
24009,1.695
24011,3.373
24013,1.654
24015,2.259
24017,2.181
24019,2.762
24021,2.344
24023,3.345
24025,1.732
24027,1.91
24029,2.143
24031,3.572
24033,5.498
24035,2.193
24037,2.449
24039,2.989
24041,2.115
24043,2.844
24045,3.717
24047,2.864
24510,3.429
25001,1.618
25003,1.43
25005,1.689
25007,2.869
25009,1.682
25011,1.328
25013,1.824
25015,1.318
25017,1.385
25019,3.006
25021,0.984
25023,1.317
25025,2.241
25027,1.29
26001,2.421
26003,2.835
26005,2.607
26007,2.624
26009,2.935
26011,3.083
26013,2.407
26015,2.195
26017,3.22
26019,2.522
26021,3.566
26023,5.935
26025,2.883
26027,3.225
26029,3.664
26031,3.668
26033,3.487
26035,6.569
26037,1.893
26039,2.99
26041,3.172
26043,2.251
26045,2.288
26047,3.391
26049,3.16
26051,4.856
26053,3.396
26055,3.147
26057,2.462
26059,3.257
26061,3.766
26063,3.194
26065,2.775
26067,3.168
26069,3.673
26071,3.519
26073,4.473
26075,3.151
26077,2.977
26079,4.652
26081,3.042
26083,4.566
26085,3.808
26087,3.877
26089,2.996
26091,3.138
26093,1.803
26095,2.254
26097,5.457
26099,2.815
26101,2.898
26103,2.258
26105,3.597
26107,3.846
26109,2.515
26111,2.093
26113,4.26
26115,2.149
26117,3.809
26119,3.925
26121,2.729
26123,3.618
26125,2.209
26127,5.189
26129,2.877
26131,3.511
26133,4.894
26135,7.198
26137,3.846
26139,1.83
26141,3.614
26143,3.456
26145,2.29
26147,2.848
26149,4.795
26151,4.456
26153,3.18
26155,2.361
26157,2.803
26159,4.336
26161,1.713
26163,3.434
26165,3.709
27001,2.331
27003,2.17
27005,3.57
27007,4.561
27009,1.766
27011,2.434
27013,2.126
27015,1.62
27017,2.125
27019,1.474
27021,3.821
27023,4.605
27025,1.683
27027,2.17
27029,5.882
27031,2.608
27033,2.416
27035,2.588
27037,1.961
27039,1.956
27041,1.776
27043,2.499
27045,4.898
27047,2.748
27049,2.515
27051,2.767
27053,2.464
27055,2.414
27057,2.873
27059,2.127
27061,2.904
27063,1.86
27065,2.807
27067,2.986
27069,3.485
27071,2.721
27073,1.254
27075,2.464
27077,2.575
27079,2.734
27081,2.687
27083,3.239
27085,2.392
27087,7.773
27089,1.97
27091,3.153
27093,2.327
27095,2.926
27097,2.359
27099,3.067
27101,1.924
27103,1.677
27105,4.754
27107,3.057
27109,2.06
27111,2.602
27113,1.272
27115,3.503
27117,3.397
27119,2.013
27121,1.405
27123,2.706
27125,1.504
27127,3.5
27129,2.454
27131,2.798
27133,2.818
27135,2.296
27137,1.997
27139,1.687
27141,1.481
27143,2.428
27145,2.108
27147,1.714
27149,1.863
27151,2.62
27153,5.298
27155,1.621
27157,2.641
27159,3.384
27161,2.097
27163,1.792
27165,6.015
27167,1.368
27169,2.944
27171,2.196
27173,1.721
28001,7.697
28003,7.379
28005,7.184
28007,5.045
28009,7.694
28011,8.546
28013,7.068
28015,3.829
28017,6.294
28019,4.096
28021,9.978
28023,6.806
28025,6.921
28027,6.992
28029,6.538
28031,6.891
28033,4.506
28035,7.225
28037,5.254
28039,8.463
28041,6.283
28043,6.927
28045,5.381
28047,7.723
28049,6.786
28051,8.746
28053,7.84
28055,4.863
28057,6.11
28059,6.785
28061,6.402
28063,7.563
28065,7.045
28067,5.796
28069,6.857
28071,4.767
28073,7.07
28075,5.267
28077,7.914
28079,7.38
28081,5.971
28083,7.192
28085,7.506
28087,6.303
28089,3.556
28091,8.042
28093,7.826
28095,5.446
28097,5.238
28099,6.633
28101,6.072
28103,8.589
28105,4.97
28107,7.093
28109,6.128
28111,7.635
28113,7.239
28115,7.447
28117,5.014
28119,9.941
28121,4.686
28123,8.14
28125,9.269
28127,7.011
28129,7.726
28131,6.524
28133,6.996
28135,7.536
28137,5.912
28139,6.406
28141,7.372
28143,6.875
28145,6.129
28147,7.119
28149,6.507
28151,7.598
28153,7.338
28155,5.528
28157,7.77
28159,6.951
28161,7.328
28163,7.096
29001,4.56
29003,3.319
29005,4.516
29007,5.997
29009,6.64
29011,7.057
29013,5.034
29015,5.997
29017,4.476
29019,3.572
29021,6.402
29023,6.723
29025,5.134
29027,4.856
29029,6.508
29031,4.082
29033,5.945
29035,9.274
29037,3.882
29039,8.779
29041,4.39
29043,4.396
29045,7.808
29047,4.046
29049,4.125
29051,3.677
29053,5.045
29055,7.369
29057,6.84
29059,8.109
29061,7.664
29063,3.879
29065,8.155
29067,7.243
29069,8.944
29071,3.952
29073,3.124
29075,5.901
29077,6.002
29079,9.087
29081,4.633
29083,6.312
29085,8.326
29087,4.118
29089,3.851
29091,8.37
29093,6.382
29095,5.972
29097,7.011
29099,4.262
29101,5.181
29103,10.4
29105,5.646
29107,4.195
29109,7.371
29111,5.032
29113,3.811
29115,4.993
29117,6.349
29119,11.035
29121,4.993
29123,7.429
29125,7.372
29127,3.921
29129,7.241
29131,6.181
29133,6.074
29135,7.929
29137,5.149
29139,5.089
29141,12.022
29143,7.306
29145,7.051
29147,4.861
29149,8.123
29151,2.467
29153,7.791
29155,6.238
29157,3.269
29159,6.693
29161,4.185
29163,4.671
29165,2.705
29167,7.278
29169,5.429
29171,6.475
29173,3.853
29175,5.366
29177,5.514
29179,5.695
29181,8.325
29183,2.204
29185,7.38
29186,3.257
29187,5.502
29189,3.191
29195,4.319
29197,7.961
29199,17.136
29201,5.541
29203,8.726
29205,6.078
29207,6.78
29209,5.267
29211,4.679
29213,8.253
29215,9.427
29217,7.723
29219,4.234
29221,7.07
29223,6.956
29225,8.129
29227,3.42
29229,8.875
29510,5.531
30001,3.032
30003,14.29
30005,8.053
30007,5.117
30009,2.895
30011,8.37
30013,3.832
30015,3.689
30017,3.202
30019,2.052
30021,1.714
30023,3.538
30025,3.758
30027,5.51
30029,4.671
30031,3.799
30033,7.509
30035,18.976
30037,5.078
30039,3.41
30041,2.863
30043,3.021
30045,3.429
30047,7.126
30049,2.672
30051,3.527
30053,5.098
30055,3.054
30057,4.536
30059,4.884
30061,4.333
30063,3.421
30065,3.851
30067,5.193
30069,2.85
30071,6.239
30073,4.033
30075,5.655
30077,3.719
30079,2.061
30081,5.004
30083,3.419
30085,14.035
30087,8.609
30089,5.14
30091,4.293
30093,3.35
30095,2.123
30097,3.156
30099,4.676
30101,5.667
30103,3.139
30105,4.948
30107,7.112
30109,4.049
30111,3.161
31001,3.161
31003,3.438
31005,5.771
31007,2.001
31009,5.923
31011,2.763
31013,3.717
31015,4.273
31017,4.695
31019,4.042
31021,6.208
31023,2.365
31025,3.086
31027,2.957
31029,4.342
31031,3.858
31033,3.549
31035,3.901
31037,5.141
31039,3.655
31041,3.759
31043,5.418
31045,4.865
31047,5.661
31049,7.437
31051,3.116
31053,4.643
31055,4.94
31057,4.874
31059,2.553
31061,3.25
31063,4.413
31065,3.773
31067,2.987
31069,6.939
31071,1.851
31073,3.005
31075,6.698
31077,2.965
31079,6.207
31081,2.957
31083,3.216
31085,3.342
31087,5.308
31089,2.968
31091,6.139
31093,2.162
31095,4.078
31097,3.05
31099,2.674
31101,4.334
31103,2.525
31105,7.493
31107,3.14
31109,3.801
31111,4.827
31113,4.743
31115,3.415
31117,1.655
31119,4.311
31121,3.953
31123,4.137
31125,2.59
31127,4.508
31129,3.887
31131,3.1
31133,7.912
31135,2.667
31137,2.729
31139,3.119
31141,4.815
31143,6.25
31145,4.555
31147,5.011
31149,5.116
31151,6.129
31153,2.916
31155,2.01
31157,4.913
31159,2.77
31161,6.93
31163,4.561
31165,6.464
31167,2.704
31169,2.975
31171,1.2
31173,11.049
31175,4.273
31177,2.363
31179,1.717
31181,3.522
31183,4.91
31185,2.872
32001,5.487
32003,6.292
32005,3.696
32007,4.988
32009,5.82
32011,5.114
32013,6.153
32015,4.261
32017,5.768
32019,4.796
32021,5.207
32023,5.628
32027,6.294
32029,4.033
32031,5.218
32033,3.54
32510,5.338
33001,3.405
33003,4.107
33005,3.213
33007,4.312
33009,3.669
33011,3.232
33013,2.99
33015,2.412
33017,3.016
33019,3.677
34001,4.236
34003,3.656
34005,2.328
34007,3.507
34009,2.723
34011,5.229
34013,6.101
34015,2.222
34017,6.618
34019,1.447
34021,3.818
34023,3.642
34025,2.785
34027,2.354
34029,2.618
34031,6.752
34033,2.767
34035,2.799
34037,1.99
34039,5.95
34041,3.001
35001,4.3
35003,4.254
35005,5.398
35006,6.066
35007,3.888
35009,5.324
35011,3.084
35013,5.796
35015,5.169
35017,2.447
35019,4.641
35021,5.024
35023,2.546
35025,7.027
35027,7.199
35028,1.403
35029,5.084
35031,10.449
35033,1.599
35035,5.041
35037,3.726
35039,4.856
35041,7.833
35043,4.224
35045,6.937
35047,2.601
35049,5.672
35051,2.489
35053,4.227
35055,4.259
35057,3.838
35059,5.586
35061,4.108
36001,1.636
36003,3.282
36005,4.497
36007,2.259
36009,3.45
36011,2.36
36013,3.001
36015,2.499
36017,1.952
36019,1.881
36021,2.481
36023,1.88
36025,3.064
36027,2.403
36029,1.728
36031,1.874
36033,3.595
36035,2.136
36037,1.688
36039,1.993
36041,3.579
36043,2.415
36045,2.641
36047,3.789
36049,2.448
36051,1.651
36053,2.079
36055,1.808
36057,3.175
36059,2.165
36061,2.642
36063,1.724
36065,2.105
36067,1.965
36069,1.724
36071,2.589
36073,2.777
36075,2.385
36077,2.789
36079,2.133
36081,4.852
36083,1.985
36085,2.246
36087,2.61
36089,3.245
36091,1.453
36093,2.114
36095,2.239
36097,2.313
36099,4.447
36101,2.938
36103,2.241
36105,3.178
36107,1.69
36109,1.93
36111,2.917
36113,2.196
36115,2.673
36117,2.59
36119,2.987
36121,2.16
36123,8.64
37001,5.845
37003,4.836
37005,5.64
37007,5.611
37009,5.943
37011,7.714
37013,6.38
37015,6.69
37017,6.187
37019,5.121
37021,5.797
37023,6.422
37025,4.178
37027,6.463
37029,3.814
37031,5.283
37033,4.386
37035,6.041
37037,5.204
37039,8.13
37041,5.048
37043,7.652
37045,6.17
37047,7.273
37049,5.574
37051,5.625
37053,6.291
37055,6.459
37057,6.278
37059,5.82
37061,8.838
37063,6.234
37065,5.534
37067,5.673
37069,5.587
37071,5.566
37073,4.436
37075,6.943
37077,5.278
37079,8.059
37081,4.971
37083,6.794
37085,5.92
37087,5.839
37089,6.31
37091,5.554
37093,6.74
37095,10.137
37097,5.003
37099,7.614
37101,6.284
37103,7.966
37105,6.98
37107,6.09
37109,4.774
37111,6.0
37113,7.048
37115,5.828
37117,4.9
37119,5.998
37121,5.499
37123,6.534
37125,4.437
37127,5.69
37129,5.549
37131,6.574
37133,5.065
37135,3.496
37137,5.468
37139,6.27
37141,4.844
37143,4.764
37145,4.88
37147,5.497
37149,5.443
37151,6.973
37153,5.681
37155,7.599
37157,5.134
37159,6.147
37161,6.918
37163,8.24
37165,6.293
37167,5.926
37169,5.589
37171,6.637
37173,11.582
37175,7.415
37177,6.573
37179,4.571
37181,5.47
37183,4.417
37185,5.498
37187,6.852
37189,5.478
37191,6.949
37193,6.182
37195,6.444
37197,5.976
37199,6.631
38001,4.088
38003,2.308
38005,4.705
38007,1.658
38009,1.859
38011,3.348
38013,2.102
38015,2.651
38017,2.936
38019,3.676
38021,3.014
38023,5.256
38025,9.655
38027,2.788
38029,2.641
38031,2.11
38033,3.013
38035,3.039
38037,3.18
38039,1.903
38041,5.147
38043,6.579
38045,2.186
38047,1.116
38049,1.591
38051,3.544
38053,8.004
38055,2.107
38057,6.839
38059,2.439
38061,8.543
38063,2.962
38065,3.629
38067,4.005
38069,1.456
38071,5.1
38073,2.175
38075,2.703
38077,2.25
38079,13.315
38081,1.551
38083,4.118
38085,16.952
38087,0.254
38089,4.706
38091,2.051
38093,4.302
38095,4.172
38097,2.76
38099,2.691
38101,3.034
38103,1.469
38105,6.754
39001,4.672
39003,3.557
39005,4.135
39007,5.255
39009,3.39
39011,1.837
39013,3.144
39015,3.451
39017,2.988
39019,5.804
39021,2.442
39023,3.651
39025,2.862
39027,2.981
39029,3.488
39031,5.749
39033,3.089
39035,3.041
39037,3.133
39039,3.368
39041,2.238
39043,2.876
39045,3.006
39047,4.372
39049,4.127
39051,2.74
39053,5.037
39055,4.173
39057,2.276
39059,5.117
39061,2.996
39063,2.18
39065,5.046
39067,6.411
39069,2.565
39071,5.27
39073,2.599
39075,21.208
39077,3.255
39079,3.661
39081,2.737
39083,5.087
39085,2.582
39087,2.631
39089,2.922
39091,2.619
39093,2.968
39095,3.315
39097,3.287
39099,2.715
39101,2.966
39103,1.844
39105,3.895
39107,1.883
39109,2.669
39111,3.78
39113,3.629
39115,3.276
39117,5.3
39119,3.133
39121,3.911
39123,2.576
39125,2.597
39127,3.28
39129,2.94
39131,2.697
39133,2.946
39135,2.831
39137,1.518
39139,3.984
39141,3.411
39143,3.06
39145,3.253
39147,2.841
39149,2.456
39151,3.017
39153,3.144
39155,3.443
39157,4.322
39159,2.077
39161,1.936
39163,4.315
39165,1.853
39167,3.763
39169,6.669
39171,2.746
39173,2.382
39175,1.986
40001,13.465
40003,5.338
40005,9.525
40007,6.701
40009,7.153
40011,6.009
40013,9.942
40015,9.288
40017,5.64
40019,8.529
40021,11.48
40023,11.069
40025,6.477
40027,5.454
40029,10.962
40031,7.268
40033,6.642
40035,8.194
40037,6.692
40039,6.902
40041,9.917
40043,9.401
40045,6.664
40047,8.22
40049,9.115
40051,6.376
40053,5.812
40055,7.029
40057,9.096
40059,7.416
40061,9.399
40063,10.206
40065,7.155
40067,7.944
40069,7.747
40071,6.967
40073,6.763
40075,7.3
40077,10.174
40079,10.065
40081,6.676
40083,6.655
40085,7.116
40087,5.816
40089,11.514
40091,11.464
40093,6.623
40095,8.683
40097,8.661
40099,7.26
40101,8.676
40103,5.173
40105,9.095
40107,10.992
40109,7.458
40111,8.562
40113,7.222
40115,9.175
40117,7.843
40119,6.592
40121,8.594
40123,9.035
40125,7.308
40127,10.2
40129,7.061
40131,5.698
40133,10.938
40135,10.581
40137,7.763
40139,8.835
40141,7.871
40143,7.444
40145,6.365
40147,6.843
40149,7.196
40151,5.202
40153,7.307
41001,4.21
41003,2.866
41005,2.872
41007,4.333
41009,2.615
41011,3.793
41013,3.698
41015,3.492
41017,3.842
41019,3.332
41021,2.67
41023,3.705
41025,3.054
41027,4.788
41029,3.678
41031,5.422
41033,3.98
41035,4.522
41037,3.281
41039,3.837
41041,4.876
41043,4.025
41045,5.644
41047,4.533
41049,4.434
41051,3.492
41053,2.994
41055,3.809
41057,3.158
41059,3.893
41061,3.652
41063,2.446
41065,4.499
41067,2.886
41069,2.729
41071,3.154
42001,2.938
42003,2.032
42005,2.216
42007,2.029
42009,3.663
42011,3.386
42013,2.74
42015,3.526
42017,2.134
42019,1.728
42021,2.234
42023,1.8
42025,2.423
42027,2.962
42029,2.591
42031,3.824
42033,2.968
42035,4.952
42037,2.617
42039,4.455
42041,2.794
42043,2.928
42045,2.629
42047,1.404
42049,2.494
42051,2.629
42053,3.066
42055,4.826
42057,3.247
42059,1.967
42061,2.463
42063,4.035
42065,3.808
42067,5.973
42069,2.374
42071,6.137
42073,2.9
42075,4.523
42077,3.392
42079,2.981
42081,3.017
42083,2.28
42085,3.059
42087,6.463
42089,3.771
42091,1.838
42093,3.062
42095,2.39
42097,2.386
42099,4.716
42101,4.272
42103,2.94
42105,3.599
42107,2.845
42109,5.492
42111,3.153
42113,3.624
42115,3.223
42117,3.666
42119,4.924
42121,3.047
42123,2.462
42125,1.976
42127,2.982
42129,1.7
42131,2.387
42133,2.664
44001,1.111
44003,1.597
44005,1.855
44007,2.969
44009,1.306
45001,6.188
45003,5.244
45005,6.326
45007,5.495
45009,6.623
45011,6.155
45013,4.888
45015,5.546
45017,5.539
45019,5.376
45021,5.96
45023,5.734
45025,6.239
45027,5.628
45029,6.801
45031,5.016
45033,7.036
45035,5.524
45037,4.85
45039,4.797
45041,5.302
45043,5.835
45045,5.476
45047,5.493
45049,5.583
45051,7.305
45053,8.318
45055,5.349
45057,4.537
45059,6.481
45061,5.655
45063,5.132
45065,2.929
45067,7.393
45069,8.247
45071,5.016
45073,5.859
45075,5.682
45077,4.665
45079,5.005
45081,8.471
45083,5.586
45085,6.167
45087,5.591
45089,5.414
45091,4.478
46003,4.393
46005,4.858
46007,12.399
46009,3.194
46011,2.832
46013,3.615
46015,3.359
46017,20.682
46019,7.339
46021,0.754
46023,10.069
46025,2.892
46027,3.844
46029,3.725
46031,12.51
46033,3.751
46035,3.921
46037,4.917
46039,3.822
46041,13.37
46043,7.904
46045,2.907
46047,5.922
46049,3.125
46051,4.29
46053,4.91
46055,4.645
46057,4.235
46059,1.551
46061,2.259
46063,3.503
46065,3.182
46067,2.495
46069,2.102
46071,13.906
46073,2.608
46075,5.529
46077,2.709
46079,2.544
46081,5.024
46083,2.378
46085,8.637
46087,4.407
46089,3.737
46091,3.668
46093,5.952
46095,19.015
46097,2.924
46099,3.976
46101,3.786
46102,19.344
46103,5.775
46105,4.661
46107,3.206
46109,10.758
46111,3.983
46115,2.814
46117,2.05
46119,1.45
46121,15.037
46123,4.421
46125,2.98
46127,3.124
46129,4.431
46135,4.346
46137,14.789
47001,4.783
47003,6.001
47005,4.224
47007,8.63
47009,4.855
47011,5.836
47013,5.986
47015,5.942
47017,5.438
47019,6.495
47021,4.925
47023,6.621
47025,4.386
47027,4.958
47029,6.481
47031,5.206
47033,6.32
47035,4.835
47037,6.145
47039,4.32
47041,5.323
47043,5.395
47045,4.587
47047,4.437
47049,3.982
47051,4.815
47053,4.993
47055,4.74
47057,5.581
47059,5.045
47061,6.949
47063,6.379
47065,4.878
47067,5.181
47069,5.932
47071,6.469
47073,4.81
47075,6.568
47077,5.211
47079,5.034
47081,4.789
47083,4.485
47085,4.404
47087,6.733
47089,5.507
47091,6.703
47093,4.08
47095,8.278
47097,5.361
47099,7.577
47101,5.223
47103,4.122
47105,5.213
47107,5.613
47109,5.16
47111,5.403
47113,5.574
47115,4.604
47117,4.231
47119,4.836
47121,5.962
47123,5.378
47125,4.207
47127,4.187
47129,6.406
47131,4.708
47133,4.724
47135,7.948
47137,2.677
47139,7.398
47141,4.485
47143,6.152
47145,3.456
47147,4.502
47149,4.696
47151,6.482
47153,6.254
47155,7.296
47157,6.208
47159,4.479
47161,4.383
47163,4.798
47165,4.065
47167,4.676
47169,7.282
47171,4.652
47173,4.278
47175,7.464
47177,6.792
47179,4.979
47181,6.592
47183,5.866
47185,5.939
47187,2.651
47189,3.365
48001,7.61
48003,10.363
48005,9.791
48007,9.314
48009,7.705
48011,3.516
48013,9.79
48015,7.642
48017,16.385
48019,8.892
48021,9.142
48023,7.508
48025,9.785
48027,7.176
48029,8.422
48031,7.433
48033,2.477
48035,8.724
48037,7.168
48039,6.947
48041,6.461
48043,9.427
48045,11.141
48047,13.166
48049,7.68
48051,7.127
48053,8.818
48055,11.134
48057,8.103
48059,9.224
48061,14.8
48063,9.202
48065,3.965
48067,7.24
48069,11.713
48071,5.908
48073,10.888
48075,8.92
48077,6.452
48079,12.177
48081,5.885
48083,12.732
48085,5.416
48087,12.221
48089,8.347
48091,5.56
48093,7.108
48095,3.448
48097,7.928
48099,5.867
48101,6.009
48103,9.481
48105,11.146
48107,10.572
48109,13.828
48111,14.11
48113,10.882
48115,8.534
48117,11.424
48119,5.068
48121,5.583
48123,7.474
48125,9.301
48127,11.14
48129,7.831
48131,10.155
48133,8.727
48135,10.58
48137,10.814
48139,8.127
48141,10.749
48143,7.834
48145,7.785
48147,9.098
48149,5.497
48151,5.308
48153,11.953
48155,7.667
48157,6.439
48159,7.95
48161,6.965
48163,10.162
48165,15.281
48167,6.861
48169,5.13
48171,10.189
48173,11.22
48175,5.14
48177,9.319
48179,10.822
48181,8.267
48183,9.335
48185,8.021
48187,6.117
48189,11.83
48191,11.412
48193,8.439
48195,9.204
48197,6.838
48199,8.274
48201,10.691
48203,8.247
48205,9.486
48207,9.339
48209,7.299
48211,11.581
48213,9.779
48215,15.8
48217,8.707
48219,9.809
48221,7.076
48223,9.663
48225,7.742
48227,8.858
48229,15.78
48231,8.412
48233,9.404
48235,7.473
48237,8.246
48239,9.333
48241,9.99
48243,12.354
48245,10.386
48247,9.72
48249,8.714
48251,8.67
48253,9.143
48255,7.725
48257,7.061
48259,5.319
48261,14.02
48263,2.017
48265,8.91
48267,10.158
48269,12.318
48271,8.929
48273,8.232
48275,8.566
48277,8.843
48279,12.263
48281,7.26
48283,11.948
48285,4.875
48287,7.927
48289,9.981
48291,12.195
48293,9.898
48295,9.869
48297,9.197
48299,8.729
48301,5.562
48303,7.066
48305,7.396
48307,9.908
48309,7.597
48311,12.748
48313,7.919
48315,5.387
48317,4.257
48319,7.467
48321,9.176
48323,15.099
48325,6.953
48327,15.662
48329,8.704
48331,8.283
48333,10.52
48335,8.845
48337,7.963
48339,7.66
48341,10.12
48343,6.588
48345,9.622
48347,9.396
48349,9.254
48351,11.083
48353,9.004
48355,9.328
48357,12.177
48359,5.654
48361,8.433
48363,8.883
48365,8.449
48367,7.329
48369,8.43
48371,9.858
48373,9.387
48375,11.522
48377,13.091
48379,9.304
48381,4.957
48383,11.382
48385,11.604
48387,7.643
48389,11.122
48391,7.462
48393,5.08
48395,7.362
48397,4.768
48399,6.759
48401,8.787
48403,6.37
48405,8.065
48407,9.748
48409,8.65
48411,12.554
48413,13.229
48415,10.196
48417,7.822
48419,11.321
48421,8.84
48423,8.673
48425,7.086
48427,17.2
48429,10.504
48431,17.737
48433,10.429
48435,9.01
48437,11.329
48439,8.603
48441,7.404
48443,5.009
48445,12.989
48447,7.629
48449,9.501
48451,6.985
48453,6.435
48455,10.058
48457,9.067
48459,7.96
48461,3.883
48463,10.561
48465,11.368
48467,9.101
48469,9.082
48471,6.529
48473,10.289
48475,8.376
48477,6.13
48479,14.849
48481,10.06
48483,10.914
48485,7.797
48487,6.766
48489,14.046
48491,4.993
48493,7.125
48495,12.63
48497,8.877
48499,8.259
48501,13.137
48503,9.782
48505,13.444
48507,8.519
49001,5.213
49003,4.058
49005,3.613
49007,4.978
49009,2.701
49011,3.014
49013,7.088
49015,3.349
49017,8.437
49019,8.279
49021,6.005
49023,4.88
49025,5.983
49027,5.717
49029,2.802
49031,9.494
49033,4.626
49035,5.202
49037,10.547
49039,6.135
49041,5.01
49043,3.283
49045,3.957
49047,8.198
49049,3.99
49051,3.178
49053,6.138
49055,7.985
49057,4.456
50001,2.761
50003,2.25
50005,2.229
50007,1.674
50009,2.766
50011,1.804
50013,1.721
50015,2.992
50017,2.326
50019,1.739
50021,2.382
50023,1.71
50025,2.795
50027,2.373
51001,7.403
51003,3.295
51005,2.895
51007,3.575
51009,4.593
51011,3.974
51013,3.072
51015,3.85
51017,5.162
51019,3.246
51021,3.858
51023,2.528
51025,4.507
51027,5.454
51029,5.577
51031,4.335
51033,3.248
51035,6.045
51036,4.1
51037,6.284
51041,3.91
51043,4.417
51045,2.612
51047,4.999
51049,5.998
51051,4.574
51053,4.678
51057,5.499
51059,4.204
51061,4.043
51063,4.591
51065,4.206
51067,5.024
51069,4.301
51071,4.173
51073,3.212
51075,1.922
51077,6.626
51079,5.632
51081,5.782
51083,3.932
51085,2.502
51087,3.801
51089,5.2
51091,4.113
51093,3.859
51095,2.769
51097,2.591
51099,2.394
51101,2.631
51103,5.021
51105,6.687
51107,2.828
51109,4.65
51111,4.219
51113,3.834
51115,5.566
51117,4.451
51119,4.276
51121,3.12
51125,4.229
51127,2.827
51131,5.214
51133,5.085
51135,7.191
51137,4.151
51139,6.478
51141,4.507
51143,4.26
51145,2.688
51147,4.731
51149,2.765
51153,5.614
51155,3.397
51157,6.875
51159,3.35
51161,2.62
51163,3.691
51165,5.268
51167,4.455
51169,4.715
51171,3.931
51173,4.832
51175,3.159
51177,4.006
51179,4.014
51181,4.934
51183,4.759
51185,4.555
51187,5.418
51191,4.661
51193,6.563
51195,5.934
51197,4.215
51199,1.823
51510,4.947
51520,6.072
51530,4.912
51540,4.32
51550,3.56
51570,3.868
51580,3.712
51590,5.472
51595,6.431
51600,3.42
51610,1.311
51620,2.66
51630,5.185
51640,10.685
51650,4.039
51660,6.086
51670,4.695
51678,2.483
51680,4.627
51683,8.64
51685,8.858
51690,5.378
51700,5.692
51710,6.153
51720,4.111
51730,6.642
51735,1.602
51740,5.078
51750,3.781
51760,6.214
51770,6.005
51775,3.123
51790,4.887
51800,3.578
51810,3.843
51820,5.304
51830,4.359
51840,5.638
53001,8.422
53003,3.329
53005,3.775
53007,4.82
53009,4.023
53011,3.214
53013,3.346
53015,2.755
53017,5.848
53019,3.663
53021,7.496
53023,3.252
53025,6.359
53027,3.701
53029,2.521
53031,2.805
53033,2.774
53035,2.447
53037,2.522
53039,3.381
53041,3.923
53043,1.735
53045,3.367
53047,6.084
53049,2.685
53051,3.62
53053,3.132
53055,3.547
53057,3.61
53059,2.519
53061,3.185
53063,2.794
53065,3.619
53067,2.512
53069,2.306
53071,4.072
53073,3.156
53075,2.484
53077,6.593
54001,2.483
54003,3.232
54005,2.799
54007,2.593
54009,2.583
54011,4.14
54013,3.292
54015,2.16
54017,3.085
54019,4.057
54021,4.978
54023,4.471
54025,3.646
54027,5.519
54029,4.054
54031,2.573
54033,3.483
54035,3.53
54037,2.702
54039,3.161
54041,3.64
54043,2.668
54045,4.265
54047,2.877
54049,3.216
54051,3.656
54053,3.276
54055,3.404
54057,2.921
54059,4.11
54061,3.187
54063,6.045
54065,2.992
54067,3.363
54069,2.644
54071,2.544
54073,4.11
54075,2.739
54077,3.549
54079,3.099
54081,3.124
54083,3.989
54085,4.109
54087,2.977
54089,2.445
54091,3.037
54093,2.812
54095,4.231
54097,4.2
54099,3.592
54101,3.14
54103,3.138
54105,2.256
54107,3.353
54109,2.616
55001,2.619
55003,2.677
55005,3.971
55007,2.967
55009,2.698
55011,2.995
55013,3.82
55015,1.619
55017,2.681
55019,10.526
55021,2.657
55023,3.591
55025,1.858
55027,2.05
55029,1.982
55031,3.06
55033,3.527
55035,3.728
55037,3.756
55039,2.177
55041,4.704
55043,3.452
55045,2.257
55047,4.284
55049,1.711
55051,2.902
55053,4.57
55055,2.175
55057,3.471
55059,3.619
55061,2.011
55063,2.28
55065,4.547
55067,2.902
55069,1.971
55071,2.106
55073,3.103
55075,2.591
55077,3.159
55078,13.071
55079,3.96
55081,4.645
55083,2.053
55085,2.49
55087,2.469
55089,1.379
55091,4.113
55093,2.132
55095,2.983
55097,2.527
55099,2.824
55101,2.612
55103,4.438
55105,3.034
55107,3.883
55109,1.876
55111,3.303
55113,3.988
55115,3.412
55117,2.11
55119,3.904
55121,3.933
55123,7.289
55125,3.538
55127,3.327
55129,3.094
55131,1.889
55133,1.696
55135,3.238
55137,4.016
55139,2.392
55141,2.358
56001,4.456
56003,7.067
56005,5.965
56007,6.377
56009,4.73
56011,4.175
56013,10.016
56015,5.547
56017,6.87
56019,6.465
56021,4.049
56023,6.738
56025,6.341
56027,5.333
56029,6.177
56031,4.764
56033,5.816
56035,7.21
56037,6.136
56039,5.768
56041,5.778
56043,6.231
56045,6.008
