FIPS,State,City,Lat,Long,Population,CASTHMA,HIGHCHOL,DIABETES,OBESITY,CANCER,STROKE,MHLTH,CSMOKING,CHOLSCREEN,INSURANCE,CHD,CHECKUP,KIDNEY,BINGE,LPA,ARTHRITIS,BPMED,PHLTH,BPHIGH,COPD,Nhosp,Nbeds,Estbeds,Percentseniors,Percentblacks,Percenthispanics
6037,California,"Los Angeles, California, US",34.30828379,-118.2282411,10039107,8.6,33.5,6.8,34.4,7.5,3,18.7,21.5,73.2,21,5,72.9,2.1,18.4,31.4,15.2,71.1,7.1,37.4,4.9,109,25606,26476,13.6,8,48.6
36061,New York,"New York City, New York, US",40.7672726,-73.97152637,5803210,7.6,31.9,14.2,29.1,3.7,4.5,9.7,14.6,80.3,28.1,1.8,70.4,0.9,34.1,14.9,18.3,67.6,6,16.3,8,18,9496,10108,16.5,14.5,25.9
17031,Illinois,"Cook, Illinois, US",41.84144849,-87.81658794,5150233,11.4,30.7,9.6,23.7,5.4,1.5,11.6,26.7,87.1,24.3,10,61.7,1.2,19,23,26.8,69,18.8,25,5.2,55,16621,17237,14.6,23.3,25.5
48201,Texas,"Harris, Texas, US",29.85864939,-95.39339521,4713325,10.6,37.9,20.4,23.4,2.7,5.7,8.4,16,66,10.9,6.4,71.1,1.5,27.6,19.3,11.7,81,20.6,32.4,3.2,50,12460,12939,10.5,19.2,43.3
4013,Arizona,"Maricopa, Arizona, US",33.34835867,-112.4918154,4485414,9.6,29.7,14.9,37.5,16.5,1.8,20.2,26.6,69.6,34.8,3.4,83.4,4.9,13.7,23.4,29.9,51.3,14.7,27,7.1,40,8136,9244,15.2,5.8,31.3
6073,California,"San Diego, California, US",33.03484597,-116.7365326,3338330,9.1,31.5,13.1,28.2,9.4,3.6,15.9,19.4,86.9,22.5,6.1,70.4,3.3,24.3,27.7,20.9,71.7,15.5,33.1,5.5,29,6252,7122,14.1,5.1,34
6059,California,"Orange, California, US",33.70147516,-117.7645998,3175692,7.2,20.9,5.9,14.5,3.7,1.4,18.3,6.3,78.5,4.8,2.4,72,3.7,17.6,12.4,10.3,58,8.7,18.5,2.5,36,7955,7955,14.8,1.9,34.2
12086,Florida,"Miami-Dade, Florida, US",25.6112362,-80.55170587,2716940,10,37.1,20.8,38.6,6.3,4.6,19.65,29.6,82.2,47.9,9.3,78.7,4.8,12.9,24.8,26.4,79.8,21.9,27,10.5,24,8703,8703,16.2,17.1,69.1
48113,Texas,"Dallas, Texas, US",32.76670599,-96.7779605,2635516,8.3,37,13.6,39.2,8.8,1.1,10,7.2,84.4,43.1,9.5,75.6,3.3,19.6,18.5,26.5,77.8,15.8,51.2,11.2,28,7039,7198,10.7,22.8,40.5
6065,California,"Riverside, California, US",33.74314981,-115.9933578,2470546,8.3,26,7.7,23.1,13.1,1.8,16.1,13.1,91.8,14.9,3.2,62.6,2.2,23.7,31.8,16.2,64.7,13.9,17.3,4.6,21,3761,3761,14.4,6.5,49.6
32003,Nevada,"Clark, Nevada, US",36.21458855,-115.0130241,2266715,9.1,23.1,6.4,21.5,3.4,2.9,11.1,11.85,69,15.8,2.9,63.2,2.5,16.5,40.3,12.4,60.6,11.1,23.6,6.8,23,3946,5054,14.7,11.8,31.4
53033,Washington,"King, Washington, US",47.49137892,-121.8346131,2252782,11.4,20.5,3.7,15.5,4.2,1.6,8.1,6.7,72.2,15.9,2.5,58.8,2.8,9.4,24.8,11,52,6.2,14.1,5.6,23,4857,5682,13.2,6.7,9.8
6071,California,"San Bernardino, California, US",34.84060306,-116.1774685,2180085,9.1,26.6,10.9,32.4,4.9,3,16.8,16.7,72.2,24.7,4.9,68.5,2.9,20.4,26.9,22.5,64.1,10.3,26.3,7.4,26,3963,4615,11.6,8.2,54
48439,Texas,"Tarrant, Texas, US",32.77143818,-97.29101614,2102515,7.9,25.8,9.1,27,8.4,7.9,10.7,14,87.1,20.6,7.1,62.4,2.1,14.1,19.7,17.4,59.4,8.9,30.6,6.4,25,4883,4883,11.3,16.6,29.2
48029,Texas,"Bexar, Texas, US",29.44928723,-98.52019748,2003554,9.7,26.8,13.7,39.8,9.3,4.7,17.4,12.7,81.3,46.7,2.9,66.5,5.1,24,23.2,22.9,73.7,15.8,23.7,7.7,28,5742,6061,12.1,7.7,60.5
12011,Florida,"Broward, Florida, US",26.15184651,-80.48725556,1952778,11.6,35.5,10.1,22.6,5.9,2.5,12.2,12.3,81,20.8,7.2,71.4,2.3,17.4,36,17.4,73.9,20.1,25.4,3.9,17,5721,5721,16.6,28.8,30.4
6085,California,"Santa Clara, California, US",37.23104908,-121.6970462,1927852,5.9,26.8,6.5,13.9,3.7,1.5,8.1,6.6,75.7,5.3,4.7,58.1,2.7,11.9,13.2,20.6,43.5,11.5,20.8,6.1,14,3760,3977,13.5,2.6,25.3
26163,Michigan,"Wayne, Michigan, US",42.28098405,-83.281255,1749343,14.9,32.8,9.1,25,5.1,8.7,17,31.6,77.2,6.4,10.8,69.6,2.7,12.6,20.4,34.5,70.2,20.3,34.7,12.5,17,5269,5493,15.4,38.5,6.1
6001,California,"Alameda, California, US",37.64629437,-121.8929271,1671329,8.9,29.5,9.4,18.6,5.9,1.7,10.9,13.3,85,18.3,4.6,64.5,1.6,20.3,21.8,22.8,70.3,8.5,25.1,4.6,21,3592,3809,13.8,10.3,22.4
25017,Massachusetts,"Middlesex, Massachusetts, US",42.48607732,-71.39049229,1611699,9.9,28,7,22.2,5.1,2.2,11.3,11.4,76.2,6.4,4.1,73,2.3,21.1,19.7,18.4,70.7,9,24.9,4.4,17,2755,2963,15.2,5.4,8.3
42101,Pennsylvania,"Philadelphia, Pennsylvania, US",40.00338507,-75.1379271,1584064,11.4,33.8,19.1,17.9,10.2,0.9,17.3,28.3,79.7,7.9,18.6,80.8,2.9,18.3,25.3,38.4,73,7.1,47.4,7.3,21,6531,6728,13.6,41.5,15.2
6067,California,"Sacramento, California, US",38.45106826,-121.3425374,1552058,11.3,32.8,10.4,24.7,8.1,2,11.3,21.3,73.2,19.9,1.4,69.8,3.1,16.3,31.2,26,70.2,16.8,34.7,7.6,12,3659,3876,14.1,9.9,23.4
12099,Florida,"Palm Beach, Florida, US",26.64676272,-80.46536002,1496770,8,34.2,10,23.8,6.7,3.6,12.7,16.9,81.3,19.5,7,74.3,3.2,14.8,28.3,24.3,74,13,32.3,7.8,15,4676,4676,23.9,18.4,22.9
12057,Florida,"Hillsborough, Florida, US",27.9276559,-82.32013172,1471968,7.3,34.2,21,41.9,7.8,1.7,14.8,31.3,88.1,10.6,1.4,80.3,3.2,12.9,41.1,15.1,56.2,19.8,49.6,4.3,18,4061,4579,14.3,16.8,29.2
12095,Florida,"Orange, Florida, US",28.51367621,-81.31799498,1393452,8.4,20.7,5.6,22.8,3.2,1.6,14.4,18,73.9,25.1,5.1,65.3,1.9,17.7,29.5,27.2,78.2,23.3,45,7.7,12,3794,4312,11.9,20.9,32.3
39049,Ohio,"Franklin, Ohio, US",39.96995815,-83.01115755,1316756,8,30.9,3.5,34.1,7.8,1.6,10.6,30.4,50.7,5.5,2.5,66.7,3.9,23.2,40.9,31.2,30.1,6.8,21.9,7.3,11,5062,5245,12,22.8,5.7
48453,Texas,"Travis, Texas, US",30.33432034,-97.7853562,1273954,7.4,25.7,5.7,20.5,5,1.6,10.6,12,80.4,17.9,3.4,61,1.8,24.9,18.3,14.5,65.6,7.8,21.4,5.2,13,2455,2614,9.9,8.3,33.9
27053,Minnesota,"Hennepin, Minnesota, US",45.00761521,-93.47694895,1265843,7.7,26.6,6.5,24.4,5.4,2.3,9.9,14.8,78.3,10.8,4.1,68.4,2.3,22.7,21,15.9,70.2,8.3,22.7,3.8,11,4628,4819,14,13.4,7
26125,Michigan,"Oakland, Michigan, US",42.66090111,-83.38595416,1257584,8.7,23.9,7.4,38.3,7.4,1.8,10.3,19.4,87.3,7.5,5.5,74.1,2.7,17.8,20.5,26.6,78.1,8.7,29.4,5.7,15,4375,4375,16.8,13.9,4.2
39035,Ohio,"Cuyahoga, Ohio, US",41.424119,-81.65918339,1235072,10.4,32.2,11.9,30,5.3,4,12.6,23.8,75.7,13.5,8.2,69.6,2.7,12.5,26.8,24.4,76,11.1,35.6,9.2,19,7935,8118,18.2,29.2,6.2
42003,Pennsylvania,"Allegheny, Pennsylvania, US",40.46809875,-79.98167747,1216045,10.8,35.4,6.4,44,1.8,8.5,9.4,10.2,81.9,18.8,2.2,82.5,4.2,14.4,16.6,35.6,84.3,7.3,20.7,2.3,20,6783,7178,18.9,12.9,2.2
49035,Utah,"Salt Lake, Utah, US",40.66616532,-111.9216011,1160437,9.8,21.7,6.5,22.5,7.4,1.6,14.7,4.8,61.4,32.4,3,61.9,2.2,12.6,17.9,12.7,65.1,11.4,17.8,6.1,15,2272,2801,10.9,2,18.6
6013,California,"Contra Costa, California, US",37.91923498,-121.9289527,1153526,10.5,31,11,31,7.4,3.5,16.7,18.9,85.1,21.4,6.3,67.3,3.4,20.1,25.7,22.8,72.1,14.9,29.1,7.2,11,1920,2137,15.8,8.8,25.8
37183,North Carolina,"Wake, North Carolina, US",35.78879266,-78.65249174,1111761,9,21.8,3.5,31.5,3.5,1.2,8.3,8.6,71.8,9.3,2,66.7,1.7,15.5,16.4,12.1,64.9,7.2,29.2,3,5,1781,1781,11.6,20.2,10.3
37119,North Carolina,"Mecklenburg, North Carolina, US",35.24469268,-80.8317671,1110356,9.4,32.2,5,23.6,4.5,2.4,12.6,15.6,72.1,16.6,4.2,75.4,2.5,13.6,37.8,15.7,73.4,13.3,20.7,5,8,2612,2612,11.2,31.9,13.6
13121,Georgia,"Fulton, Georgia, US",33.79216944,-84.46319413,1063937,7.3,22.4,6.6,19.9,4.1,1.9,8.1,9.7,82.3,13.3,3.6,68.7,2.2,13.5,20.7,14.4,81,8.1,45,4,13,4335,4534,11.7,43.5,7.3
4019,Arizona,"Pima, Arizona, US",32.0971334,-111.7890033,1047279,12,33.7,14.6,23.8,4.1,2.4,10.3,22.7,85.8,34.2,6.7,74.3,4.6,17.6,35.3,9.9,77.2,18,38.2,7.3,12,2160,3083,19.8,3.7,37.6
48085,Texas,"Collin, Texas, US",33.18820114,-96.57264368,1034730,7.3,29.4,7.4,26.9,4.7,1.4,9.5,10.9,82.7,12.2,3.2,65.3,2.1,17.9,21.4,15.2,68.6,8.3,23.6,4.4,15,1892,1892,11,10.1,15.4
6019,California,"Fresno, California, US",36.75733899,-119.6466953,999101,9.9,31.2,8.9,37.5,4.2,2.7,20.4,12.4,84.9,6.7,6.9,61.6,2.3,14.1,14.9,13.5,60.3,8.3,32.5,4.4,13,2035,2252,12.2,4.6,53.5
12103,Florida,"Pinellas, Florida, US",27.93130349,-82.72239666,974996,7.9,30.7,8.4,27.9,7.3,3,15.5,16.3,79.9,18.3,5.4,70.6,2.9,14.4,24.5,22.4,77.8,11.6,30.4,7.4,13,3636,3636,24.8,10.3,10
15003,Hawaii,"Honolulu, Hawaii, US",21.45803166,-157.9712182,974563,8.9,32.9,11.2,23.4,5.4,3.6,19.5,10,79.9,4.6,6.1,78,4.6,23.4,19.7,17.3,79.7,6.7,30.3,3.1,10,1723,1907,17.7,2.6,10
36119,New York,"Westchester, New York, US",41.16278376,-73.75741653,967506,9.9,32.8,10.8,27.1,6,3.1,12.9,15.6,84.7,13.6,5.7,73.2,3.2,16.6,27.4,22.5,75.1,12,30,6,12,2272,2578,17.1,14.9,25.1
18097,Indiana,"Marion, Indiana, US",39.78163624,-86.13826325,964582,11.2,32.7,11,34.9,5.6,3.2,15.2,22,78.1,14.9,5.9,66.7,3,17.4,29.8,23.9,72.8,13.4,33.3,7.6,12,3022,3658,12.6,28.6,10.6
12031,Florida,"Duval, Florida, US",30.33225875,-81.66976468,957755,9.3,31.6,10.3,32,5.9,3.2,14.7,22,80.2,20.7,6,72.3,2.9,17.8,30.5,23.2,73.7,13.8,32,8,11,3495,3495,14.1,29.3,10.1
55079,Wisconsin,"Milwaukee, Wisconsin, US",43.00486062,-87.96733172,945726,9.1,24.8,8.4,22.3,4.6,7,14.5,31.7,63.1,12.3,5.1,80.7,3.9,20.2,18.3,16.9,80.3,9,27.9,2.9,16,4311,4456,13.6,26.2,15.4
9001,Connecticut,"Fairfield, Connecticut, US",41.26809896,-73.3881171,943332,9.8,28.9,8.4,24.4,5.8,2.6,11.6,14.8,81.6,14,4.9,69,2.7,17.2,23.8,20.2,71.8,10.2,26.7,5.5,6,2066,2066,15.9,11.5,20.2
47157,Tennessee,"Shelby, Tennessee, US",35.1864775,-89.89692423,937166,12.5,39.3,16.2,35.3,3.2,1.9,22.2,34.7,72.7,25.9,8.3,63.7,5.9,7.8,19.6,20.9,84.1,23.1,24.5,7.4,12,4656,4656,13.6,54,6.5
17043,Illinois,"DuPage, Illinois, US",41.85116968,-88.08642662,922921,8.1,31.9,7.3,27.1,5.7,1.8,9.6,12.3,85.3,7.8,3.8,68.6,2.1,20.1,16.7,19.2,69.2,8.2,26.6,4.2,6,1752,1752,15.5,4.5,14.5
36029,New York,"Erie, New York, US",42.76249024,-78.73063652,918702,11.9,31.5,13,36,5.9,3.9,16.9,24.3,79.6,14.7,7.2,73.8,3.6,18.7,36.7,27.6,73.9,16.3,35.2,8.4,12,2500,3112,18,13.2,5.7
53053,Washington,"Pierce, Washington, US",47.03892768,-122.1405958,904980,11.4,31,10.5,31.1,5.8,3.1,15.3,19.5,75.4,12.2,5.2,64.7,3,16.8,23.3,25.2,66.9,13.8,31.6,6.1,8,1630,1630,13.8,6.7,11.1
6029,California,"Kern, California, US",35.34329425,-118.7277796,900202,8.1,25.6,7.1,24.7,7.8,2.7,13.7,25.1,73.2,8.6,2.9,67.6,2.9,22.7,40,39.4,60.5,9.3,22.9,3.6,12,1628,1628,10.9,5.6,54
9003,Connecticut,"Hartford, Connecticut, US",41.80283011,-72.73103891,891720,11.3,32.2,12.6,35.4,5,3.5,16.5,19.1,80.9,18.9,6.1,73.6,3.4,13,32.2,22.3,72.5,13.6,32.7,7,7,2233,2493,17.1,14,18.5
48121,Texas,"Denton, Texas, US",33.20521901,-97.11691153,887207,7.3,27,8,27.4,4.6,1.4,12.3,9.6,62.1,11,2,63.6,2.2,21.4,22.1,25,49.6,7.7,35.1,3,8,1057,1057,10.1,10.2,19.5
6075,California,"San Francisco, California, US",37.75215114,-122.4385672,881549,7.6,29.5,8.4,16.8,5.2,2.2,9.6,10.6,80.9,8.2,4.1,67.5,2.5,19.9,16.2,16.1,68.9,8.8,25.3,3.6,15,4310,4527,15.6,5.2,15.2
26099,Michigan,"Macomb, Michigan, US",42.69158356,-82.92752801,873972,9.5,32,15.5,32.8,10.7,3.5,22.1,18.2,84.8,7.4,6.2,71.9,4.1,17.6,25.7,26.5,70.9,12.9,34.9,6.2,5,1272,1496,17,12.1,2.7
48215,Texas,"Hidalgo, Texas, US",26.39418217,-98.18299696,868707,6.6,26.1,9.6,35.7,2.5,2.4,9.2,19,75.7,26.3,3.5,59.8,3.3,14.6,28.3,14.8,66.9,10.1,30.7,3.1,9,1858,1858,11.1,0.5,92.4
9009,Connecticut,"New Haven, Connecticut, US",41.4080325,-72.93620426,854757,11.9,31.1,11.2,35.6,5.2,3.4,15,19.5,81.3,16,6.2,72.8,3.4,16.3,31.4,23.4,74.3,13.6,32.8,7.1,8,2980,3240,17.3,14,18.6
6111,California,"Ventura, California, US",34.44465746,-119.0910613,846006,9.2,30.8,11.2,26.5,7.4,2.8,15.1,15.1,85.4,21.9,5,69,2.6,21,24.8,20,65.8,13.4,28.2,5.2,11,1573,1573,15.5,1.7,43
48141,Texas,"El Paso, Texas, US",31.76980765,-106.2363275,839238,6.9,32.5,28.7,31.3,5.5,2.8,18.7,18.4,83.1,30.3,2.8,64.6,7.1,13.8,21.4,9.2,81.3,6.7,23.7,2.9,8,1868,2027,12.3,3,83
25027,Massachusetts,"Worcester, Massachusetts, US",42.35026951,-71.90493363,830622,11.5,31.3,9.5,29.9,5.9,3,15.2,18.9,76.9,10.8,5.4,75.8,2.9,19.5,28.1,25.1,73.8,13.5,29.3,6.7,10,1708,1708,15.6,5.3,11.9
53061,Washington,"Snohomish, Washington, US",48.04615983,-121.7170703,822083,10.4,30.3,8.8,31,5.9,2.8,14.1,17.7,75.4,13,5.1,60.1,2.2,17.9,22.4,22,64.8,13.4,30.3,6,5,671,836,13.5,3.3,10.4
39061,Ohio,"Hamilton, Ohio, US",39.19673558,-84.54502924,817473,10.9,18.1,30,49.2,2.2,1.6,16.3,33.5,84.1,12.7,3,81.1,1.8,12.2,33.1,34.6,83.3,7.4,50.4,3.8,12,4127,4310,15.3,25.5,3.5
41051,Oregon,"Multnomah, Oregon, US",45.54747959,-122.4169351,812855,10.4,30.1,5.3,18.4,3.9,2.9,16,27.3,70.9,5.8,5.1,58.7,1.6,22.2,16.2,20.3,63.6,13.1,24.2,4.7,8,1905,2241,13.4,5.6,11.7
48157,Texas,"Fort Bend, Texas, US",29.52704478,-95.77219463,811688,7.7,34.9,10.5,27.1,5.2,2.5,9.7,12.2,84.3,14.6,4.4,71.8,2.6,15.2,25.5,20.4,74.5,9.7,32.1,5,8,810,810,11.1,20.8,24.7
25025,Massachusetts,"Suffolk, Massachusetts, US",42.3279514,-71.07850442,803907,11.4,30.1,11.7,17.5,8.1,1.9,16.3,15.9,84.9,12,5.1,66.4,2.3,15.6,12.6,26.1,23.7,10.5,15.5,8.4,16,4983,5191,12,21.8,23.4
34013,New Jersey,"Essex, New Jersey, US",40.78681335,-74.24657979,798975,10.9,31.1,14.6,38.5,4.6,3.9,17.1,22.2,79.8,24.4,5.8,75,3.6,14.2,40.4,22.8,73.5,15.6,37.8,7.5,8,3612,3612,13.6,39.9,23.5
40109,Oklahoma,"Oklahoma, Oklahoma, US",35.55140095,-97.40716948,797434,8.9,37.6,6.4,32.9,5.8,5.1,23,30.2,84.8,16.7,5.3,64.2,3.5,15.3,27.9,16.2,74.1,15.1,32.7,7.2,14,3493,3722,13.7,14.9,17.8
25009,Massachusetts,"Essex, Massachusetts, US",42.6687626,-70.94687179,789034,11.5,32.7,11.3,32.3,5,2.9,15.7,18.8,76,19.5,5.3,76.4,3.2,17.3,34.5,21.7,70.3,15,29.4,6.5,10,1241,1449,17.1,4.5,21.9
12071,Florida,"Lee, Florida, US",26.58410348,-81.88399313,770577,8.2,36.3,11.2,28,7.4,3.5,13.7,18,82.3,20.4,7.5,73.3,3.2,16.6,29.2,26.2,76.1,14.1,34.3,8.8,5,2066,2066,28.7,9,21.9
21111,Kentucky,"Jefferson, Kentucky, US",38.18664655,-85.65931031,766757,10.2,39.5,7.5,27.1,9.5,2.2,21.3,12.4,70.9,7.1,3.7,74.4,2.5,22.6,27,36.6,86,13.4,52.8,9.5,9,2909,3092,16.1,21.8,5.7
6081,California,"San Mateo, California, US",37.4228808,-122.3275546,766573,8.9,29.1,11.7,27.1,6.7,2.5,9.6,14.7,86.3,10.1,4.9,68.2,2.9,19.2,22.5,19.1,73.3,9.4,26.8,3.9,11,1781,1998,16.1,2.1,24.3
6077,California,"San Joaquin, California, US",37.93433732,-121.2730061,762148,10.4,27.6,15,30.5,3.9,4.3,11.6,9.9,71.4,29.5,3.2,72.9,2.1,14.2,25.2,21,68.1,13.1,32.1,5.9,8,1229,1229,12.7,7.3,41.9
13089,Georgia,"DeKalb, Georgia, US",33.76944049,-84.22396017,759297,8.9,26.1,9.2,28.9,5.3,2.9,11.1,16.8,83.1,18.1,4.1,73.1,2.7,18.1,26.7,17.4,74.7,9.3,29.5,4.9,7,1500,1699,12.4,53.3,8.6
8031,Colorado,"Denver, Colorado, US",39.76018276,-104.8725695,727211,9.4,28.2,6.7,20.3,5.1,2.4,11.5,15.3,77,12.9,4.2,56.4,2.5,23.3,18.6,17.5,63.5,9.8,24.9,4.2,7,1865,2014,11.7,9,29.7
12105,Florida,"Polk, Florida, US",27.95027105,-81.69732947,724777,8.6,36.2,12.7,31.9,8,4.4,14.6,19.7,80.9,21.2,8.8,74.4,3.8,14.5,31.4,28.8,78.1,14.9,38.3,10.4,6,1793,1793,20.3,15.1,23.6
8041,Colorado,"El Paso, Colorado, US",38.83240149,-104.5251411,720403,9.9,12.1,9.5,19.3,3.6,3.9,17.1,16.1,77.2,10.9,2.8,57.5,1.7,13.1,14.8,29.5,60.7,7.6,17.8,5,6,1215,1364,12.8,6.4,17.5
25021,Massachusetts,"Norfolk, Massachusetts, US",42.16073095,-71.20530408,706775,9.5,32.9,9.3,22.1,6.1,2.3,11.7,15.7,81.3,7.4,4.7,74.8,2.4,17.7,22.7,22.1,73.2,10.6,28.1,5.4,5,847,847,16.9,7.5,4.8
11001,District of Columbia,"District of Columbia,District of Columbia,US",38.90417773,-77.01655992,705749,15.3,22.4,15.7,40,4.7,1.5,10.6,14.8,80.7,5.9,7.2,80.8,1.4,23.1,15.9,9.2,73,17.2,26.2,6.2,9,3180,3415,12.2,45.5,11.3
29095,Missouri,"Jackson, Missouri, US",39.01002188,-94.34724536,703011,11.9,28.6,3.7,29.1,10.7,6.1,10,33.6,74,33.4,1.9,67.2,2.2,12.7,39.7,19.2,61.1,20,24.1,12.1,15,3850,3850,15,23.3,9.1
17097,Illinois,"Lake, Illinois, US",42.3224907,-88.00367925,696535,9.7,31.2,12.1,35.5,4.5,2.9,14.9,21,78.9,24.5,5.7,65.9,3.1,18.3,31.9,21.2,69.1,13.7,32.4,6.7,7,901,1311,14.2,6.6,22.2
47037,Tennessee,"Davidson, Tennessee, US",36.17007426,-86.78646056,694144,10.2,31.9,10,31.2,5.4,2.9,14.2,20.5,79.7,17.2,5.4,71.4,2.8,15.4,28.2,23.1,73.5,12.4,33.2,6.9,10,4107,4107,12.2,27.1,10.4
17197,Illinois,"Will, Illinois, US",41.44619267,-87.97862712,690743,8.2,30.2,8.4,33.3,8.7,2.1,12.5,17.5,73.1,12.9,3,70.4,1.8,19.4,22.7,17.4,67.1,10.2,25.5,3.3,4,917,1122,13.1,11,17.8
35001,New Mexico,"Bernalillo, New Mexico, US",35.05163625,-106.6703554,679121,9.2,31,6.2,35.9,3.6,3.8,10.2,11,68.7,27.3,2.5,65.5,3.3,13.8,15.4,26.4,53.5,11.8,21.2,8.1,6,1408,1513,16.4,2.9,50.3
34017,New Jersey,"Hudson, New Jersey, US",40.73766234,-74.07515667,672391,8.2,31.9,11.6,28.6,4.5,2.6,13.6,17.5,80.8,18.2,4.9,73.7,2.8,16.9,33.3,17.9,70.8,12.4,30.8,5.1,6,1704,1704,11.8,12.2,42.9
1073,Alabama,"Jefferson, Alabama, US",33.55554728,-86.895063,658573,13.6,20.2,7.3,31.6,4.1,1.9,24.1,10.9,74.4,20.6,3.1,80.1,2.1,18.4,47.5,38.3,79,8.8,21.9,13,11,4400,4570,15.9,42.9,4
26081,Michigan,"Kent, Michigan, US",43.03197711,-85.54934642,656955,13.9,29.5,8.1,24.9,3.9,3.3,20.4,23.5,78,8.5,5.9,66.8,2.9,21.5,41.7,29.7,71.9,19.4,23.3,9.9,5,1753,1753,13.7,9.6,10.7
8005,Colorado,"Arapahoe, Colorado, US",39.64977461,-104.3353617,656590,10.5,24.1,7.3,20.5,11,3.6,8.7,10.3,70.1,6.6,6.3,60.9,1.8,20.3,28.9,33.7,56.3,14.4,31.2,8.8,5,856,1005,13.1,11.2,19.5
40143,Oklahoma,"Tulsa, Oklahoma, US",36.11939621,-95.94013939,651552,9,22,8.3,49.4,2,5.2,17.5,31.1,63.2,6.7,5.8,62,2.5,13.6,24.5,22.4,70.4,9.1,45.1,4.7,11,3191,3191,14.4,10.2,13
44007,Rhode Island,"Providence, Rhode Island, US",41.87064746,-71.57753536,638931,12.2,30.4,10.1,32.6,5.8,3.1,17.1,19,80.3,13.6,5.5,80.7,3,17.6,30.4,23.1,73.9,14,31.8,7.2,8,2237,2457,15.3,9.9,23.4
49049,Utah,"Utah, Utah, US",40.1166722,-111.6657662,636235,8.8,27,6.2,24.5,4.6,2,13.1,8.2,62.9,16.5,3.8,54.6,2.4,7.8,21,15.5,62.6,9.6,19.3,3.6,6,704,836,7.7,0.6,12
48339,Texas,"Montgomery, Texas, US",30.30079133,-95.50572772,607391,8.8,26.8,7.3,30.9,4.6,2.2,13.5,18.1,74,21.7,3.9,62.2,2.2,22.4,28,16.4,62.7,10.1,26.9,4.4,9,1463,1463,13.3,5.1,24.8
20091,Kansas,"Johnson, Kansas, US",38.88548175,-94.82250877,602401,9.9,31.6,7.4,26.7,5.8,1.4,8.9,19.9,81.2,7.7,2.2,66.6,2.1,20.3,17.2,18.6,82.5,5.6,29.7,4.3,11,1277,1388,14.5,4.6,7.8
12009,Florida,"Brevard, Florida, US",28.29409504,-80.73091022,601942,8.7,34.6,11.5,32.4,7.2,3.8,14.6,20.9,81,21.2,7.3,72.9,3.3,17.4,33,26.5,74.8,15.4,35.8,9.6,7,1466,1466,23.7,9.6,10.7
41067,Oregon,"Washington, Oregon, US",45.55972701,-123.0955257,601592,9.8,26,7.6,27.8,5.7,2.2,12.9,14.5,76.3,11.7,4.1,61.1,2.3,17,19.9,20.2,65.2,10.3,24.5,5.3,4,791,959,13.4,2.5,17
24510,Maryland,"Baltimore City, Maryland, US",39.30211911,-76.61151012,593490,11.7,32.7,15.8,41.2,5.5,4.1,15.8,13.9,67.7,12.9,5.2,76.3,3.5,18.1,46.9,10.3,76.8,13.4,34.5,8.6,16,4505,4905,14,61.7,5.5
48491,Texas,"Williamson, Texas, US",30.64655664,-97.6004854,590551,8,28.6,7.7,29.4,4.3,1.8,12.2,15.3,78.7,18.6,3.2,64.9,2.1,21.1,24.8,17.1,63.9,9.3,25.5,3.7,7,644,644,12.1,6.6,24.8
8059,Colorado,"Jefferson, Colorado, US",39.58635604,-105.2517692,582881,8.8,37.6,3.9,20.1,9.3,1.7,13.1,18.9,67.1,10.7,5.8,51,3.2,17.3,15,10,66.5,7.5,30.1,2.4,2,542,542,16.5,1.1,15.5
31055,Nebraska,"Douglas, Nebraska, US",41.29518299,-96.15085305,571327,9,23.9,24.1,24.5,5.9,1.9,19.1,11,69.5,18.2,8.6,60.5,4.2,23.9,20.8,5.6,83,7.7,22.2,8.4,9,2479,2641,13,10.9,12.8
25005,Massachusetts,"Bristol, Massachusetts, US",41.79228404,-71.10872211,565217,12.8,35.1,10.7,32.8,6.9,3.7,17.6,24,76.5,11.4,7,76.6,3.3,17.7,33,28.8,74.3,16.3,32.3,9.5,5,1161,1161,16.8,4.4,8.4
10003,Delaware,"New Castle, Delaware, US",39.57992638,-75.64054974,558753,12.1,32.1,14.8,41,5.5,4.4,16.4,22.4,79.2,18,6.1,76.2,3.6,14.6,38.1,23.6,74.3,16.5,39.4,8.1,5,1578,1837,15.6,25.9,10.3
34039,New Jersey,"Union, New Jersey, US",40.65835409,-74.30680092,556341,8.9,32,12.3,33.3,4.7,3,16.2,19.7,80.3,27.2,5.8,72.2,3.2,16.4,38.9,20.7,70.8,15.1,31,6.4,5,1232,1497,14.4,21.4,32.3
12127,Florida,"Volusia, Florida, US",29.05858895,-81.18263252,553284,8.8,36,12.1,33.7,6.7,3.7,15.2,21.7,79.3,24.8,7.4,69.9,3.4,16,31.2,25.3,72.7,15.2,34.5,9,6,1898,1898,24.4,11.1,14.5
6099,California,"Stanislaus, California, US",37.55862499,-120.9970722,550660,9.7,30.9,10.4,25.2,5.9,3.2,14.6,15.9,78.9,12.2,5.9,65.3,3.2,19.1,21.2,22.1,68,12.9,28.6,6.3,8,1448,1448,13.2,3.1,47
27123,Minnesota,"Ramsey, Minnesota, US",45.01625271,-93.09872295,550321,8.4,27.1,8.4,28.5,5.3,2.8,12.7,18.5,73.6,13.8,4.9,67.6,2.8,19.8,29.6,16.9,72,10.9,24.3,4.7,5,1847,1847,14.4,12,7.6
55025,Wisconsin,"Dane, Wisconsin, US",43.06601594,-89.41733797,546695,9.2,23.3,6.2,34.3,3.3,3.1,10.8,8.5,51.7,13,3.8,54.4,1.5,27.2,16.9,5,69.6,11.5,23.6,6.1,5,1549,1694,13.8,5.3,6.4
39153,Ohio,"Summit, Ohio, US",41.12464734,-81.53123079,541013,8.6,36.3,24.5,28,6.1,4.1,23.4,32.1,75.5,13.3,7.9,63.9,5.2,13.4,45,28.6,43.5,15.8,36.1,12.4,5,2124,2124,18,14.3,2.2
37081,North Carolina,"Guilford, North Carolina, US",36.07959451,-79.78824948,537174,8.3,26.9,9.3,32.7,5.7,7,20.2,18.2,58.8,9.5,10.8,67.9,4.5,10.7,40.4,22.3,71,22.6,32,11.8,5,1619,1619,15.1,33.7,8.2
17089,Illinois,"Kane, Illinois, US",41.93842729,-88.42861412,532403,9.2,30.3,10.9,34,5,2.8,14.6,19.8,78.6,22.5,5.2,65,2.9,19.6,28.1,20.7,68.1,13.2,28.8,6.5,5,1101,1101,13.7,5.5,32.2
39113,Ohio,"Montgomery, Ohio, US",39.75394919,-84.29050975,531687,17.5,10,24.2,31.2,7.1,2,22.8,33.7,69.5,9.4,12.9,83.9,2.6,18,51.4,41.4,83,23,13.3,14.7,10,2940,2940,18,20.4,3.1
53063,Washington,"Spokane, Washington, US",47.62113146,-117.4046494,522798,9.5,28,11,24.1,4.6,3.2,14.9,12.9,58.7,5.6,10.8,62.2,4,19.1,28.1,25.2,77,17.1,23.1,9.7,6,1520,1520,16.2,1.7,5.9
25023,Massachusetts,"Plymouth, Massachusetts, US",41.94070556,-70.80802823,521202,13,33.6,11.4,34.4,6.5,3.7,16.4,23.8,79.6,12,5.9,78.1,3.3,17.3,32.1,27.3,75.2,15.8,32.6,8.1,5,650,858,18.1,10,4.1
8001,Colorado,"Adams, Colorado, US",39.87432092,-104.3362578,517421,11.4,26.2,9.8,35.3,7.6,3.4,17.1,23.9,70.8,27.9,6,57.1,3.4,21.7,37.1,19.9,70.5,8.4,22.4,6.9,5,201,350,10.4,3.3,40.4
20173,Kansas,"Sedgwick, Kansas, US",37.6842718,-97.4608198,516042,9.3,34.8,7.4,27.8,4.3,7.2,9.5,20.8,81.1,17.3,6.1,61.6,4.7,15.5,20.2,17.6,78.8,8.8,33.3,10.5,6,735,957,14.5,9.1,14.9
34007,New Jersey,"Camden, New Jersey, US",39.80343818,-74.96388753,506471,11,31.5,16.7,44.1,4.2,3.9,20,27.2,77.1,28.3,6.3,73.8,3.6,14.7,43.1,21.3,71.1,17.9,37.2,7.6,8,1870,2135,15.6,20.2,17.2
34031,New Jersey,"Passaic, New Jersey, US",41.03238628,-74.29954144,501826,9.1,33,14.6,31.2,4.6,3.4,16.6,19.2,80.4,26.9,6.1,72.2,3.5,15.4,40.6,20.2,71.6,15.9,32,6.8,5,1456,1456,14.5,11.2,42.3
6097,California,"Sonoma, California, US",38.52746429,-122.8862506,494336,9.5,28.5,8.4,25.4,5.9,2.6,12.9,13.8,79.9,10.1,4.9,63.3,2.8,19.7,18.2,20.6,65.6,11.6,24.4,5.5,10,1976,1976,19.6,1.6,27.2
19153,Iowa,"Polk, Iowa, US",41.68679484,-93.57767461,490161,9.8,33.4,9.3,38.8,5.7,2.9,13.6,21.3,74,12.1,5.6,67.6,2.7,19.7,27,23.7,73.1,11.5,30.5,6.6,7,1781,1941,12.9,6.5,8.5
53011,Washington,"Clark, Washington, US",45.77568046,-122.4829204,488241,10.4,32.1,9.4,33.8,6.3,2.9,14.2,17.8,75.2,10.7,5.5,60.4,2.9,17.3,19.7,23.4,69.5,12.6,28.6,6.3,4,580,910,15.5,1.6,10
18089,Indiana,"Lake, Indiana, US",41.41874274,-87.38277575,485493,11.7,35.2,17.8,43.9,5.9,5,17.1,25.1,79.9,19.9,8,71.7,4,13.5,38.5,29.6,78,18,45,9.5,11,2114,2273,16.5,23.2,19.4
16001,Idaho,"Ada, Idaho, US",43.4526575,-116.2415516,481587,9.2,28.9,7.2,27.8,6.3,2.4,11.6,14,76.1,13.4,4.7,59.1,2.5,17.1,20.6,20.7,66.3,10.3,26.8,4.6,8,1338,1475,14.4,1.6,8.3
32031,Nevada,"Washoe, Nevada, US",40.66562265,-119.6631594,471519,8.6,37.5,4.7,21.8,4.3,2.7,19.3,11.4,67.9,7.3,5.4,62.5,2.1,25.3,34.7,28.9,67.8,22.2,22.5,10,6,1261,1261,16.4,2.5,24.8
47093,Tennessee,"Knox, Tennessee, US",35.99508821,-83.94635435,470313,8.6,10.8,4.1,33.5,7.9,0.6,22,15.1,84,12.4,1.2,59.4,3.9,9,22.6,28.9,82.1,21.6,52.8,6.2,7,1902,2085,15.7,8.8,4.4
25013,Massachusetts,"Hampden, Massachusetts, US",42.13440424,-72.63235561,466372,12,33.7,12.3,35.1,6,3.9,17.2,21.3,76.9,13.9,6.6,75,3.8,17.3,33.1,26,74.3,16.4,32.8,8.3,5,1322,1322,16.7,9.5,26.1
6107,California,"Tulare, California, US",36.22026558,-118.8020203,466195,9.3,31.6,9.6,27.6,6.1,2.9,13.6,14.3,78.6,13.4,5.3,63.8,3,19.2,22.6,18.8,67.7,12.7,28.2,5.9,7,2086,2086,11.3,1.9,65.2
36067,New York,"Onondaga, New York, US",43.00491923,-76.19971155,460528,11.7,31.4,10.9,32.6,5.4,3.5,17.8,21.8,77.8,14.8,6.5,70.7,3.2,18.4,30,24.8,74.3,14.3,31.8,8,5,1632,1938,17.1,12.1,5.1
51810,Virginia,"Virginia Beach, Virginia, US",36.73285734,-76.04566934,449974,9.1,31.5,8.8,28.3,5.4,2.4,12.1,17.8,80.4,12.3,4.6,71.6,2.5,19.6,23.2,21,71.8,9.9,26.9,5.5,3,600,600,14.2,19.3,8.3
6095,California,"Solano, California, US",38.26827353,-121.9357113,447643,11.1,33.8,9.5,35,8.6,2.9,17,12,80.9,22.3,6.3,67.4,2.9,26.6,29.8,20.3,68,16.1,29.2,5.7,5,672,672,15.8,13.4,26.9
6083,California,"Santa Barbara, California, US",34.65329488,-120.0188492,446499,9.1,29.9,9.7,28.3,4.9,2.7,13.1,14.5,76.9,18,5,63.1,3,18.6,22.3,17.5,64.3,12.2,26,5.1,6,966,966,15.3,2.1,45.8
22033,Louisiana,"East Baton Rouge, Louisiana, US",30.53842039,-91.09777565,440059,7.4,36.1,20,23.6,1.3,7.4,10.4,14.3,82.2,23.5,1.2,71.8,4.7,13.2,19.7,25.8,76,23.6,51.2,4,12,2302,2847,14.2,46.3,4.2
6053,California,"Monterey, California, US",36.21862405,-121.2413397,434061,9.2,29.6,10.6,27,4.2,2.7,15.5,16.8,73.8,23.8,4.8,61.2,3.2,17.7,26.9,15.9,62.8,14.5,25.8,5.4,4,793,793,13.7,2.7,59.1
22051,Louisiana,"Jefferson, Louisiana, US",29.74075478,-90.11115756,432493,8.5,35.9,11.6,34.6,5.9,3.3,14.4,19.8,80.7,14.6,6.5,72.1,3.1,19.3,29.2,24.3,76,14.1,35.6,7.2,9,1402,1947,17.1,27.2,14.9
39095,Ohio,"Lucas, Ohio, US",41.62101218,-83.65468618,428348,10.5,34.7,12.8,42.4,5.8,3.8,16.7,25.9,74.5,12.8,7.7,74,3.3,18.6,35.3,28.3,76.9,15.5,36,9.6,8,3182,3182,16.3,18.7,7.3
48061,Texas,"Cameron, Texas, US",26.14524221,-97.48140372,423163,8.5,34.4,12.3,36.5,5.6,3.4,14.5,16.2,77.8,32,6.4,67.7,3.3,18.2,32.4,20.9,71.5,13.8,32.6,6.4,6,1248,1407,13.7,0.7,89.8
42011,Pennsylvania,"Berks, Pennsylvania, US",40.41570541,-75.92457766,421164,11.1,33,14.3,44.6,5,4.1,20.2,27.7,70,25.6,7.3,68.3,3.8,15.9,39.5,26.1,72,20.2,32,8.8,3,884,884,17.2,5.1,21.9
41005,Oregon,"Clackamas, Oregon, US",45.18787398,-122.2179634,418187,10.2,31.3,8.5,22.6,7.5,2.6,11.1,12.9,79,10,5.1,65.4,2.6,15.7,18.7,24.5,69.9,10.4,27.1,5.5,4,551,551,17.9,0.9,8.9
33011,New Hampshire,"Hillsborough, New Hampshire, US",42.91537785,-71.7200253,417025,11,31.2,8.7,29.6,6.7,2.7,12.9,16.9,79.6,10.5,5.5,71.8,2.7,18,25.2,25.2,74.1,11.9,28.6,6.6,7,1047,1370,15.6,3.3,7
45079,South Carolina,"Richland, South Carolina, US",34.01791263,-80.90267209,415759,14.4,30.3,1.7,21.5,8.3,5.3,14.5,12.5,77.3,16.8,9.2,73.7,5.1,19.6,39.3,4.4,79.8,23.7,30.4,2.7,11,1799,2151,12.8,46.4,5.2
1097,Alabama,"Mobile, Alabama, US",30.78472347,-88.20842409,413210,9.7,24.3,25.1,24.4,6.6,3.9,16,14,68.1,25,5.7,74.5,3.4,8.5,20.7,26.5,78.2,15.8,58.4,5.4,4,1695,1695,16.1,36.3,3.1
45019,South Carolina,"Charleston, South Carolina, US",32.82487866,-79.96512315,411406,10.9,30.8,9.1,28,7.3,2.5,10.2,15.3,79.7,12.7,5,66.8,2.6,21.8,21.2,23.7,73.3,9.7,41.2,5.1,8,1949,1949,16.3,26.5,5.1
26049,Michigan,"Genesee, Michigan, US",43.02244215,-83.70589709,405813,13.3,35.9,16.4,49,5.9,5.4,20.1,28.6,77.7,17,8.5,76.2,4.5,14.5,37.3,34.2,75,19.3,44.2,11.2,3,1143,1143,17.5,19.9,3.5
55133,Wisconsin,"Waukesha, Wisconsin, US",43.01833055,-88.30431188,404198,9.3,31,7.1,30,6,2.4,11.6,16.3,79.8,9.1,4.7,68.5,2.5,24.2,20,22.9,71.3,9.9,26.7,4.7,5,1085,1085,18.6,1.7,4.8
29183,Missouri,"St. Charles, Missouri, US",38.77875681,-90.66662425,402022,8.7,31.3,7.1,30.1,6.1,2.2,12.3,19.1,79.8,12.3,4.3,68.5,2.2,21.7,23.6,21.5,72.1,10.8,26.3,5.8,5,715,715,15,4.9,3.4
6061,California,"Placer, California, US",39.06167234,-120.7240569,398329,9.1,29.9,7.2,21,5.4,2.1,11.2,12.6,80.8,7.9,4,63,2.4,20.2,15.7,19,64.2,9.9,25.1,4.6,3,732,732,19.5,1.7,14.3
5119,Arkansas,"Pulaski, Arkansas, US",34.77054088,-92.31355101,391911,9.5,33,9.9,32.6,6,3.1,12.6,17.7,80.6,11.3,5.5,72.3,3,15.6,28.4,23,75.8,11.2,37.1,5.8,10,2592,2893,15.6,37,6.2
22071,Louisiana,"Orleans, Louisiana, US",30.06971951,-89.92660315,390144,12.8,26.6,11.9,41.8,5.1,1.9,10.2,11.2,80.4,9.5,3.8,68.2,4.2,22.6,37.3,20,66.7,7.9,48.3,3.7,9,1319,1864,14.7,59.2,5.6
37067,North Carolina,"Forsyth, North Carolina, US",36.12859861,-80.25459052,382295,12.6,37.9,20.1,24.6,8.1,1.7,9.5,20.3,85.9,11.7,8,67.4,3.1,9,17.7,31.2,81.4,12.8,29.1,4.6,5,1855,2069,15.9,26.3,13
41039,Oregon,"Lane, Oregon, US",43.93727035,-122.847753,382067,10.9,31.5,7.6,26.1,6.7,2.7,14.8,16.5,71.3,11.8,5.3,59.4,2.7,17.5,19.5,23.4,68.7,11.7,26.5,5.4,5,531,699,19.4,0.9,9.1
18003,Indiana,"Allen, Indiana, US",41.09194313,-85.06800636,379299,9.1,40.4,10,47.5,4.7,3.2,21.6,15.6,78.6,11.9,9,72,2,17.3,26.8,27,64.2,13.3,32.6,8,7,1402,1561,14.5,11.5,7.6
48039,Texas,"Brazoria, Texas, US",29.18757369,-95.44563172,374264,7.8,29.3,8.3,30.2,4.8,1.9,10.9,13.6,82.4,16.4,3.5,66.6,2.1,18.6,26.9,18.1,69.6,9,27.7,3.6,5,357,357,11.8,14.8,31.1
1089,Alabama,"Madison, Alabama, US",34.76327133,-86.55069633,372909,10.2,35.2,10.5,33.3,6.5,3.2,14.4,17,82,13.7,6.7,69.7,3,13.3,28.3,31.1,76.5,13.9,36.7,7.7,4,1088,1258,15.2,24.2,5.1
39151,Ohio,"Stark, Ohio, US",40.81482476,-81.36437305,370606,11.2,33.9,13.5,43.7,6.3,4.5,17.4,24.5,73.9,13.7,8.5,74.8,3.8,15.1,36.7,30.6,78.6,17.4,36.1,11.2,5,1680,1680,19.4,7.4,2.2
42077,Pennsylvania,"Lehigh, Pennsylvania, US",40.6154815,-75.59435245,369318,10.7,32.6,12.7,38.5,6.1,3.6,16.9,25.4,74.3,17.9,6.9,71.4,3.5,16.8,32,26.8,74.4,16.9,31.4,7.9,7,1723,1920,16.9,7.3,25.4
47065,Tennessee,"Hamilton, Tennessee, US",35.17670231,-85.16652245,367804,10.6,37.1,12.6,31.1,6.5,4.1,14.9,21.4,81.1,17.6,7.2,74.4,3.3,15.3,30.2,27.4,78.4,14.5,39,8.4,9,1641,1641,17.5,18.7,5.9
26161,Michigan,"Washtenaw, Michigan, US",42.253105,-83.83853204,367601,9.3,28.3,6.4,25.9,5.4,1.9,11,11.1,78,7.2,3.9,67.2,2.2,19.9,16.8,21,71.1,8.5,22.2,4.1,6,1683,2132,14,11.5,4.8
34021,New Jersey,"Mercer, New Jersey, US",40.28047017,-74.70479631,367430,10.8,33.1,13.3,37.2,4.5,3.9,18.3,24.9,78.8,24.3,6,76.5,3.4,16.9,40.3,22.8,74.6,16.4,36.6,7.7,6,1282,1547,15.1,20.5,18.1
48027,Texas,"Bell, Texas, US",31.03736027,-97.4785025,362924,9.4,26.7,9.1,36.4,3.9,2.2,14.7,18.5,74.6,23.2,3.4,65.5,2.3,20.8,29.3,16.8,65.5,11,28.6,4.4,5,829,1148,10.9,26.3,25.3
48355,Texas,"Nueces, Texas, US",27.736286,-97.5433285,362294,7.9,8.4,13.6,29.7,5.4,4.8,13.3,16.6,72.5,28.2,6.3,67.6,4.9,18.6,35,19.4,74.4,21.9,34.6,5.7,9,1838,1838,14.6,3.8,64.2
8069,Colorado,"Larimer, Colorado, US",40.66671597,-105.4625784,356899,9.3,26.4,5.8,21.5,5.7,2.1,11.7,14.5,76.2,10.2,3.8,57.9,2.3,21.4,16.7,18.3,63.8,9.3,21.9,4.4,5,573,573,15.7,1,11.7
49011,Utah,"Davis, Utah, US",40.99001837,-112.1139997,355481,9,29.6,7.6,26.9,5.3,2.1,12.2,11,71.9,13.8,4.1,61.2,2.4,11.4,19.7,21.1,66.6,10.2,24.2,4,2,319,319,10.1,1.5,9.9
8035,Colorado,"Douglas, Colorado, US",39.33133796,-104.930001,351154,9.2,31,5.6,21.1,6.1,1.9,10.2,13.7,84.2,7.5,3.5,61.2,2.1,19.5,13.8,20.3,65,8.7,22.6,4,4,354,653,11.6,1.5,9
41047,Oregon,"Marion, Oregon, US",44.90287942,-122.5815117,347818,10.7,31.4,9.6,30.2,6.5,2.9,15.5,17.6,72.9,15.8,5.6,60.5,2.9,16.3,23.2,23.9,67,13.1,28.2,6.2,3,469,469,15.4,1.5,27
48167,Texas,"Galveston, Texas, US",29.40167322,-94.90469073,342139,8.2,29.7,7.5,31.9,5.1,1.9,10.9,17.2,81,15.5,3.8,62.6,2.1,23.2,25.2,18.5,67.6,9.5,26.1,4.1,2,593,593,14.4,12.5,25
18057,Indiana,"Hamilton, Indiana, US",40.07306535,-86.05244729,338011,8.6,30.3,7.4,27.3,6.1,1.8,9.9,13,84.4,7,3.9,64.1,2,19.2,19.9,21,72.7,8.3,26.7,4.1,5,470,470,12.5,3.8,4.1
37051,North Carolina,"Cumberland, North Carolina, US",35.04762133,-78.82623165,335509,10.4,30.2,10.3,35.3,5.1,3.2,14.8,19.7,77.9,18.7,5.1,74.4,3.1,15,26.9,22.8,73,12.6,34.4,6.3,4,666,1095,12.1,37.3,11.9
47149,Tennessee,"Rutherford, Tennessee, US",35.84591405,-86.4107263,332285,9.6,29.1,8.3,32.8,4.7,2.2,13.5,20,76.9,15.2,4.3,66.9,2.3,16.3,24.8,20.9,67.9,11,27.7,6.3,4,387,753,10.3,15.3,8.5
12111,Florida,"St. Lucie, Florida, US",27.37763908,-80.47106649,328297,8.7,35.3,10.9,33.2,6.8,3.7,15,21.7,80.2,23,7.2,69.7,3.2,16.7,30.8,24.9,71.4,14.9,33.8,9.3,3,737,737,24,20.2,19.5
8013,Colorado,"Boulder, Colorado, US",40.09313619,-105.3546767,326196,8.9,27.8,5.6,16.2,5.6,2,11.3,13,78.8,10.4,3.7,59.1,2.2,18.2,13.4,18.2,64.6,8.8,20.6,3.8,5,628,777,14.1,1,13.9
8123,Colorado,"Weld, Colorado, US",40.55499405,-104.3929621,324492,9.6,30.6,7.9,29.6,5.3,2.7,13.9,17.2,75.7,14.7,4.8,58,2.8,16.8,23.7,19.7,64.9,11.3,25.9,5.1,1,300,300,12.2,1.4,29.6
21067,Kentucky,"Fayette, Kentucky, US",38.0368225,-84.45576892,323152,10.2,32.9,9.1,28.9,5.8,2.6,13.9,20.2,79.7,8.6,5.8,71.1,2.6,19.2,28.5,25,75.8,12.1,32,7.1,7,1866,2233,13.3,14.7,7.4
37063,North Carolina,"Durham, North Carolina, US",36.03638492,-78.87608331,321488,9.8,29.4,8.5,30.4,4.6,2.7,13.2,16,79,19.6,4.4,71.7,2.6,16.6,25,19.2,71.8,10.5,30.4,5.1,6,1360,1789,13.2,35.8,13.7
31109,Nebraska,"Lancaster, Nebraska, US",40.78416049,-96.68777155,319090,7.7,30.1,8.3,29.5,5.6,2.5,10.7,14.6,76,7.5,2,62.6,3,24.3,14.7,20.6,80.8,8.3,17.9,2.8,5,984,984,13.8,3.9,7.2
48303,Texas,"Lubbock, Texas, US",33.61008596,-101.8204789,310569,8.8,32.4,9.9,32.1,5.1,2.8,14.6,16.6,75.3,22.9,5.6,63.7,2.8,19.1,29.2,20.5,71.1,11.3,30.7,5.7,4,1256,1256,12.2,7.2,35.9
36001,New York,"Albany, New York, US",42.60060306,-73.97723916,305506,10.7,29.5,9.4,24.9,4.9,3,15.4,16.7,79.6,10.2,5.4,72.8,3,18,24.2,23.1,74.1,11.1,29.3,6.3,5,1341,1647,17,12.9,6.1
42095,Pennsylvania,"Northampton, Pennsylvania, US",40.75182733,-75.30471829,305285,10,31.8,10.6,31.9,5.7,3,15.5,20.7,73.5,11,6.2,69.8,3,19.1,27.4,26.4,75.3,13,31.7,6.4,2,362,362,18.9,5.8,13.8
29510,Missouri,"St. Louis City, Missouri, US",38.63555736,-90.24349225,300576,10.6,33.1,11.5,35.5,5.6,3.8,15.7,24.3,77.2,19.1,6.3,72.5,3.3,19.5,31.8,25,74,15,32.8,8.4,10,3904,4102,13.8,45.4,4.1
45063,South Carolina,"Lexington, South Carolina, US",33.89665987,-81.27146426,298750,9,25,6.7,29.9,4,1.7,12.8,14.6,78.7,12.3,2.9,64.7,1.9,21.1,19.6,16.6,64.6,8.5,25.2,3.5,2,458,458,15.9,15,6.2
23005,Maine,"Cumberland, Maine, US",43.8370751,-70.37226999,295003,10.1,30.6,7.3,22.9,6.5,2.4,12.6,14.2,78.8,12.6,4.9,65.5,2.5,20.1,19.2,21.4,68.1,10.2,25.9,5.5,6,1069,1069,18.4,3.1,2.1
12073,Florida,"Leon, Florida, US",30.45955727,-84.27491114,293582,7.7,28.1,7.3,24.5,6.4,2.5,11.7,15.2,82,16.1,5.2,71.3,2.4,17.7,24.4,20,66.3,10.6,25.8,5.9,3,1086,1086,13.3,31.2,6.6
29077,Missouri,"Greene, Missouri, US",37.2575872,-93.34230916,293086,9.8,34.9,10.2,31.2,6.6,3.5,16.4,22.6,74.9,16.5,7.2,65.9,3.2,17.8,31,25.5,75.1,14.9,30.8,8.8,4,1042,1042,16.5,3,3.9
26065,Michigan,"Ingham, Michigan, US",42.59716886,-84.37472069,292406,11.6,32.5,11.5,37,5.5,3.4,18,23.7,78,13.9,7.6,69.7,3.2,19.1,29.7,27,73.4,15.8,32.7,8.2,4,1063,1063,13.6,11.7,7.9
13051,Georgia,"Chatham, Georgia, US",32.00043026,-81.12489526,289430,10.2,31.3,12.1,35.4,5.6,3.9,14.6,20.7,79.5,23.2,6.6,75.6,3.6,13.4,35.6,24.8,76.6,12.9,37,7.4,3,1144,1144,15.3,39.4,6.6
2020,Alaska,"Anchorage,Alaska,US",61.14998174,-149.1426986,288000,9,31.3,7.2,33.7,5.3,2.2,11.6,18,72,12.8,4.1,52.2,2.3,20.1,20.4,19.5,62.1,10.5,28.4,4.4,5,708,831,11.3,5.7,9.3
40027,Oklahoma,"Cleveland, Oklahoma, US",35.20413532,-97.32519562,284014,9.4,34.7,8.7,31.9,6.1,2.6,13.6,17.7,77.2,13.7,5.6,67.2,2.7,15.1,26.9,23.2,71.8,11.4,31.9,6.2,3,589,589,13.2,4.6,9
17201,Illinois,"Winnebago, Illinois, US",42.33641854,-89.16085327,282572,10,35.1,11.6,35,6.3,3.7,15.2,22.4,80.1,15.8,7,68.5,3.4,18.1,31.4,25.7,73.2,15.1,36.3,8.8,3,857,857,17.4,12.9,13.1
45091,South Carolina,"York, South Carolina, US",34.97281497,-81.18085944,280979,9.7,33.4,9.6,32.3,5.6,2.9,14.5,18.3,80.1,16.5,5,69,2.7,16.6,24.9,24,72.1,11.7,35,6,1,288,288,14.4,19.4,5.7
5007,Arkansas,"Benton, Arkansas, US",36.33644656,-94.25680817,279141,8.7,30.1,7.5,28.9,6,2.4,12.4,17.9,79.5,9.9,5.1,69.9,2.4,17.6,25.4,21.7,72.1,11.2,27.8,5.7,6,335,787,13.3,1.9,16.9
6047,California,"Merced, California, US",37.18922369,-120.7209035,277680,9.7,32.3,13.2,29.6,4.6,3.4,15.3,17.2,74.8,20.2,6.1,63.1,3.5,17,26.7,19.7,65.2,15.2,30.6,6.7,2,230,230,11.2,3.3,60.2
48479,Texas,"Webb, Texas, US",27.7610369,-99.33237355,276652,8.2,32.5,15.4,43.2,4,2.9,16.2,18.8,73.7,45.9,5.6,63.9,3.6,15.9,44.6,17.8,69.7,17.1,31.4,5.3,2,506,506,9.4,0.6,95.5
6087,California,"Santa Cruz, California, US",37.05580291,-122.0066524,273213,7.95,32.25,10.5,20.85,5.25,2.65,11.9,12.85,79.85,14.4,4.8,66.75,2.85,17.65,21.5,16.45,59.75,11.25,27.65,4.65,4,416,416,16.5,1,34.1
18141,Indiana,"St. Joseph, Indiana, US",41.61756781,-86.29040834,271826,10.4,33.2,12.1,38.5,6.1,3.9,17.5,25.7,77.8,16.1,7.2,66.5,3.4,17.4,35.2,26.6,75.8,16.1,35.4,9.4,4,739,898,15.9,13.4,8.9
42049,Pennsylvania,"Erie, Pennsylvania, US",41.99253829,-80.03301954,269728,11,35.1,10.5,34.7,5.7,3.8,17.9,26.6,73.6,11.2,7.3,72.7,3.3,20,28.9,30.1,76.1,14.7,31.5,8,7,1065,1065,18,7.6,4.4
12001,Florida,"Alachua, Florida, US",29.67866525,-82.35928158,269043,9.1,25.6,6.4,27.4,4.1,2.3,17,17,70.2,21.4,4.4,65.4,2.3,18.7,24.7,14.2,65,10.7,23.3,5.8,3,1600,1600,14,19.5,10.3
26077,Michigan,"Kalamazoo, Michigan, US",42.24542231,-85.53038622,265066,11.4,30.2,8.4,31.3,5.2,2.6,19,21.4,75.8,12.2,5.1,68.2,2.6,22,25.8,24,70.2,12.3,27.5,6.6,2,821,821,15,10.4,5
55009,Wisconsin,"Brown, Wisconsin, US",44.4526553,-88.00411844,264542,10.3,31.9,8.8,34.3,5.9,3.1,13.1,19.3,77.6,11.3,5.6,69.2,2.9,25.2,23.8,21.8,71.2,12.1,29.2,6,5,1110,1110,14.9,2.7,8.8
37021,North Carolina,"Buncombe, North Carolina, US",35.61113393,-82.53305,261191,9.3,32.3,9,27.4,6.7,3,12.5,16.6,79.3,14.5,5.9,74.1,3,18,22.9,23.9,77,11.8,32,6.3,2,763,977,20,6.2,6.7
49057,Utah,"Weber,Utah,US",41.27116049,-111.9145117,260213,10.1,29,8.6,33.9,5.1,2.8,16.2,15,65.4,22.9,5.3,59.6,3,11.7,27.1,22.9,66.5,13.8,28.5,5.5,2,477,477,11.5,1.2,18.7
48309,Texas,"McLennan, Texas, US",31.55255453,-97.20217694,256623,9.6,34.6,13.5,37,5.4,3.6,17.4,21.3,74.8,27.8,6.9,66.4,3.5,16.5,35.9,21.5,73.1,14,36.3,7.1,4,813,1132,14.4,14.6,26.7
48245,Texas,"Jefferson, Texas, US",29.8832777,-94.16434171,251565,9.7,33.9,12,36.9,6.3,3.4,14.2,19.1,80.5,23.4,6.2,70.8,3.1,17.3,35,24,75.3,13.2,37.7,6.3,6,1353,1353,14.3,33.2,21.5
53077,Washington,"Yakima, Washington, US",46.45738486,-120.7380126,250873,11.5,30.6,11.8,35.2,6,3.6,15,15.5,74.8,13.4,6.6,61,3.7,14.4,30.3,24.1,69,17,31.7,7.7,4,528,528,13.7,1.3,49.9
29047,Missouri,"Clay, Missouri, US",39.31132056,-94.41850862,249948,8.9,33.3,8.1,35.6,5.8,2.6,12.6,17.6,77.9,12.1,5.2,67.7,2.4,20.9,25,23.8,72.6,11.8,28.5,6.5,4,846,846,14.1,6.6,7
51550,Virginia,"Chesapeake, Virginia, US",36.67670048,-76.30545744,244835,9.8,32.9,10.2,35.3,6.1,2.7,12.4,16.6,82.2,11.9,4.8,74.8,2.7,17.2,25.7,25,75.4,11.1,32.5,6,1,310,310,13.2,30,6.5
22055,Louisiana,"Lafayette, Louisiana, US",30.2049055,-92.06959876,244390,9.1,34.3,9.4,30.1,6,2.9,15.5,19.5,77.9,11.8,6.1,72.7,2.9,20.1,27.6,23.8,75.9,13,31.9,7,9,977,1249,13.1,26.4,4.6
51710,Virginia,"Norfolk, Virginia, US",36.89934014,-76.26420872,242742,10.4,29.4,11,33.2,1.4,0.7,20.3,26.6,54.4,16.4,5.4,63.7,1.4,18.4,43.6,23.7,73,12.1,13.4,1.9,3,973,973,11.2,40.4,8.4
22017,Louisiana,"Caddo, Louisiana, US",32.57991587,-93.88375652,240204,10,35.3,13.8,41.5,6,4.1,16.4,22.8,79.2,15.6,7.3,75.9,3.6,16.3,35.1,26.8,77.1,17.4,42.5,8.6,9,1900,2308,17.1,49.3,2.9
5143,Arkansas,"Washington, Arkansas, US",35.976844,-94.21800746,239187,9.5,31.4,8.1,29.1,4.6,2.6,16.8,22.1,71.8,14.6,5.3,64.4,2.7,17.4,28.9,21.7,67.4,11.6,30.8,5.7,6,638,939,11.4,3.5,17.1
37129,North Carolina,"New Hanover, North Carolina, US",34.25758282,-77.87075626,234473,9.7,34.7,8.5,28.1,6.4,3,14.6,19.2,78.6,16,5.9,74.1,3,18.7,23,23.6,76.7,12.1,32.1,6.7,2,769,983,17.9,14.1,5.6
48423,Texas,"Smith, Texas, US",32.37474036,-95.2717568,232751,8.9,33.7,10.9,33.3,6.4,3.2,13.6,17,77.7,19.9,6.2,67.4,3.1,16.9,31.8,22.4,73.9,12.2,34.9,6.2,4,1032,1032,16.3,17,19.9
28049,Mississippi,"Hinds, Mississippi, US",32.2656285,-90.44435448,231840,11.9,33.7,13.9,41.1,5.1,4.3,17.1,23.5,80.7,23,6.1,72.7,3.6,12,37.8,23.1,77.7,16.6,41.9,7.3,5,2225,2367,14,73.2,1.6
51760,Virginia,"Richmond City, Virginia, US",37.53255773,-77.47966921,230436,10.9,31.5,12.3,34.2,5.3,3.7,15.4,19.3,76.4,15.8,6.1,73.1,3.4,17.7,26.7,23.1,75.9,12.4,36.1,7,5,1576,1772,13.2,46.6,7.1
16027,Idaho,"Canyon, Idaho, US",43.61970148,-116.7095499,229849,10,29.1,8.7,35.8,5.5,2.7,13.8,17,72.9,21.1,4.8,53.4,2.7,15.6,27.4,22.9,66.4,12.8,27.2,5.8,2,302,302,14.3,0.4,25.6
53073,Washington,"Whatcom, Washington, US",48.82227976,-121.7490018,229247,10.5,30.1,7.9,28.7,6.1,2.6,14.1,15,73.9,9.9,4.9,63.2,2.7,20.4,17.6,21.8,70.5,11.5,26.1,5.5,2,253,418,17.4,1,9.5
48041,Texas,"Brazos, Texas, US",30.6636448,-96.30205577,229211,9.1,25.6,7.1,26.2,3.5,1.9,16.2,15.5,72.2,21.1,3.4,67.1,2.2,19.4,24.6,13.5,64,9.4,21.3,4.2,4,537,537,9.3,10.8,26
39099,Ohio,"Mahoning, Ohio, US",41.01631101,-80.77287029,228683,11.2,36.9,18.7,46.6,6.7,5.6,18.9,29.4,76.2,16.3,10.1,75.7,4.5,12.9,45.6,32.1,80.8,19.2,41.6,11.8,4,1306,1306,21,14.3,6.4
45015,South Carolina,"Berkeley, South Carolina, US",33.20222596,-79.94654523,227907,7.7,31.6,6.8,27,6.5,1.7,9.2,9.6,86.8,7.2,3.6,64.9,1.9,20.3,16,21.2,72.4,7.6,24.6,3.5,0,0,0,13.9,23.9,6.9
19113,Iowa,"Linn, Iowa, US",42.07923082,-91.59809485,226706,9.2,33.3,8.7,33.5,6.7,2.7,11.4,18.3,75.9,8.9,5.2,69,2.6,20.8,23.2,22.3,73.4,9.8,28.2,5.8,2,994,994,16.1,6.3,3.4
1101,Alabama,"Montgomery, Alabama, US",32.2206831,-86.20969272,226486,11.5,34.8,12.3,38.3,5.8,3.9,16.3,21.1,80.5,18.7,6.7,75,3.3,13.6,34.1,29.4,77.1,15.5,39.6,8.5,5,948,1289,15.2,58.6,3.5
37071,North Carolina,"Gaston, North Carolina, US",35.29373559,-81.17477045,224529,10.1,35.6,11,32.9,6.7,4,15.5,21.9,77.6,20,6.8,73.5,3.6,14.3,31.8,26.6,77.3,16.5,35.8,9.1,1,435,435,15.9,16.6,7.3
41029,Oregon,"Jackson, Oregon, US",42.43201126,-122.7289309,220944,11.1,33,9,26.7,6.8,3.2,16,21.9,73.2,13.3,6.5,61.8,3.1,17.8,22.8,27.9,70.9,15.5,28.5,6.7,3,545,545,22.2,1,13.2
6007,California,"Butte, California, US",39.66727762,-121.6005252,219186,9.9,28.7,7.7,25.4,5.8,2.5,13.1,14.7,76.7,9.6,4.9,64.5,2.6,20.3,19.7,18.9,66.2,11.1,24.6,5,5,536,536,18.5,1.7,16.7
35013,New Mexico,"Dona Ana, New Mexico, US",32.35275771,-106.8329387,218195,9.6,30.6,10.3,28.7,5.8,3,14.1,16.5,75.6,17.6,5.6,61.4,3.4,16.3,23.5,23.4,70.2,14.3,29.4,5.5,2,367,367,16,2,68.6
1117,Alabama,"Shelby, Alabama, US",33.26879845,-86.66232561,217702,8.9,38.2,9.4,30.2,8,2.4,10.3,11.8,88.1,8.1,5.6,75.2,2.6,14,23,30.2,79.2,10.5,37.7,5.8,1,252,252,15.4,12.6,5.8
37025,North Carolina,"Cabarrus, North Carolina, US",35.3877799,-80.55267168,216453,9.4,32.4,8.3,30.6,5.7,2.5,12.2,18.7,80.2,21.5,4.8,72.3,2.6,18.7,25,23.6,73.2,11.9,29.7,6.4,1,457,457,13.3,18.4,10.8
4027,Arizona,"Yuma, Arizona, US",32.76895712,-113.9066674,213787,9.7,33,11.9,35.9,5.3,3.4,13.2,15.8,76.6,21.1,6.2,63.6,3.7,17.3,25.6,21.5,70.5,13.8,29.9,6.9,2,369,553,18.8,2.8,64.3
17019,Illinois,"Champaign, Illinois, US",40.13919438,-88.20046615,209689,8.7,30.1,6.9,33.2,4.9,1.9,13,16.6,78.4,9.8,3.9,65.3,2,21.1,23,18.3,69.3,9.5,25.3,4.6,2,503,503,12.5,13.3,6.1
42069,Pennsylvania,"Lackawanna, Pennsylvania, US",41.43564672,-75.60379201,209674,10.5,35.7,11.7,35.3,7.4,3.9,16.3,25.3,76,11.4,8,70.7,3.4,19,29.7,31.2,76.7,15.6,34.1,9,4,737,737,19.9,2.1,8.1
1125,Alabama,"Tuscaloosa, Alabama, US",33.28726072,-87.52556818,209355,11.3,33.3,10.4,35.7,5.2,3.1,18.4,18.9,75.9,16.5,6.2,70.7,2.8,14.7,31.9,26.6,73.2,13.7,37.1,7.2,3,787,957,13.2,32.1,3.9
39041,Ohio,"Delaware, Ohio, US",40.27942393,-83.00457058,209177,8.2,23.6,5.9,28.3,4.4,1.5,10.7,15.2,76.7,7.5,2.9,67.7,1.7,21.8,20,17.7,66.3,7.7,21.5,3.7,2,152,335,13.5,3.3,2.7
47125,Tennessee,"Montgomery, Tennessee, US",36.49609412,-87.38550661,208993,10.5,29.8,9.3,32,4.6,2.6,15.7,23.3,76.5,18.3,4.8,70.5,2.5,15.9,29.1,22.1,70,11.7,30.7,6.6,2,270,453,9,20.9,10.3
28047,Mississippi,"Harrison, Mississippi, US",30.51359752,-89.12467576,208080,9.9,35.9,11.5,35.1,5.9,3.4,15.2,23.7,78.8,19.2,6.8,69,3,16,29.7,27.6,77.6,14.1,37.6,7.1,4,773,915,15,25.5,5.6
53005,Washington,"Benton, Washington, US",46.23946995,-119.5120834,204390,10.5,33.2,8.8,32.6,6.1,3,14.6,17.4,75.6,13.1,5.6,61.1,3,17.1,22,23.6,67.4,13.9,29.1,6.7,3,415,415,14.9,1.8,22.3
22019,Louisiana,"Calcasieu, Louisiana, US",30.22931235,-93.35400434,203436,10.3,36.7,13.8,37.7,6.6,4.5,17.8,23.5,79,15.3,7.4,73.2,3.7,17.2,33.1,26.5,76.7,15.1,41.5,8.3,8,706,1114,15,25.4,3.8
13245,Georgia,"Richmond, Georgia, US",33.35777107,-82.07026432,202518,10.5,33.2,13.7,39.8,5.4,4.1,14.9,22.9,79.9,22.9,6.4,78,3.5,13.3,35.2,24.2,78.5,13.8,38.9,8.2,6,1923,2122,14,56.4,5
27137,Minnesota,"St. Louis, Minnesota, US",47.6048407,-92.46879855,199070,8.6,27.6,7.4,26.3,7,2.7,12.3,17.1,74.8,10.5,5.4,65.6,2.8,23,24.6,21.8,75,10.3,26.4,4.8,8,1125,1125,19.3,1.3,1.8
37133,North Carolina,"Onslow, North Carolina, US",34.72607366,-77.42908179,197938,9.8,25.3,7.3,30.6,4,2.2,14.7,19.4,69.1,18.7,3.7,72.5,2.3,20,23.4,16.7,66.9,10.8,25.6,5.2,2,162,376,9.1,14,12.8
41017,Oregon,"Deschutes, Oregon, US",43.91570171,-121.2289121,197692,10.2,30,7,26.2,6.8,2.4,12.6,14.8,76,10.1,4.6,63.3,2.4,20.3,18.7,24.7,67.6,10.4,25.4,4.6,2,308,308,20.2,0.4,8.1
55101,Wisconsin,"Racine, Wisconsin, US",42.74753117,-88.05941254,196311,10.5,33.2,9.3,39.3,5.9,3.3,14.3,20.8,77.8,14.5,5.5,69,3.1,23.8,26.1,24,69.7,13.1,31.5,6,3,676,676,16.5,11.9,13.4
13215,Georgia,"Muscogee, Georgia, US",32.50931999,-84.87142262,195769,9.8,31.4,11.7,34.8,5.9,3.9,14.1,21.1,81.8,22.7,6.6,74.8,3.5,13.9,34.8,25.9,78.1,12.8,35.7,7.6,4,1060,1060,13.4,46.9,7.7
18157,Indiana,"Tippecanoe, Indiana, US",40.38872739,-86.89413959,195732,10.5,32.8,10.3,35.1,5.9,3.1,16.8,22.6,75.1,13.6,6.2,64.8,3,19.2,31,23.4,71.6,13.7,30.9,7.9,3,679,679,11.6,5.6,8.5
17167,Illinois,"Sangamon, Illinois, US",39.75836914,-89.65872023,194672,9.7,34.7,10.5,34,6.9,3.2,13.3,19.1,81.2,10,6.7,69,3.1,19.3,24.8,27.8,74.1,12,34.4,7.4,2,907,907,17.8,12.5,2.4
46099,South Dakota,"Minnehaha, South Dakota, US",43.67441641,-96.7910885,193134,8.5,26.6,8.4,31,5.9,2.7,11.1,17.9,74.1,11.5,5.4,66.5,2.6,18.5,23,18.8,73,10.5,28.1,4.9,4,1082,1195,13.1,6.4,5
55087,Wisconsin,"Outagamie, Wisconsin, US",44.41578887,-88.46565023,187885,9.6,33.3,8.1,32.3,6.3,2.7,12.2,17.6,80.3,9.6,5.1,71.1,2.7,25.4,22.1,24.1,73.4,11.2,27.7,5.3,3,517,517,14.7,1.9,4.4
38017,North Dakota,"Cass, North Dakota, US",46.93201724,-97.2444719,181923,8.4,32.3,7.5,30.1,5.8,2.3,10.9,17.9,75.4,9.6,5,59.7,2.5,24.5,24.7,20.3,72.6,8.8,26.8,4.6,6,1121,1485,11.9,6.7,2.8
18163,Indiana,"Vanderburgh, Indiana, US",38.02658833,-87.58763124,181451,10.7,35.9,11.7,34.3,6.8,3.8,17.4,25.3,77.5,13.7,7.8,67.8,3.4,17.3,33.9,30.3,76.1,15.6,37.4,9.5,2,935,935,16.6,10.5,2.7
37147,North Carolina,"Pitt, North Carolina, US",35.59535426,-77.37353178,180742,10.5,27.9,7.6,31.1,4.6,2.5,15.1,17.9,66.5,16.1,4.5,72.5,2.6,17.6,25.2,18.7,70,11,25.4,5.9,1,909,909,13.1,34.7,6.3
29019,Missouri,"Boone, Missouri, US",38.99186229,-92.30723575,180463,9.6,28.2,7.4,27.3,5,2.2,14.2,17.9,74.2,14.1,4.5,69,2.3,22.7,24.5,19.4,70.7,10.1,24.4,5.3,5,560,957,12.2,9.1,3.5
6089,California,"Shasta, California, US",40.76391419,-122.0396884,180080,8.7,31.7,8,22,6.2,2.5,11.3,12.4,82,10.2,4.7,66.5,2.7,19.6,17.8,18.3,68,10.5,24.5,4.9,5,732,732,20.6,1.2,10.3
51700,Virginia,"Newport News, Virginia, US",37.08166899,-76.51754109,179225,10.2,31.4,10.8,34,5.6,2.9,14.1,20.6,78.8,16.1,5.4,72.9,2.8,18.2,26.8,24.5,73.5,11.6,32.8,6.5,3,717,717,13.1,42.2,9.2
17143,Illinois,"Peoria, Illinois, US",40.78702156,-89.76078901,179179,8.4,30.4,11.4,35.1,5.2,3.1,14.4,19.2,80.4,32.2,6.3,65.3,3.1,19.3,34.1,21.5,64.3,14.1,31.7,7,3,1072,1072,16.7,17.2,4.9
54039,West Virginia,"Kanawha, West Virginia, US",38.33860077,-81.52857054,178124,11.1,38.4,14.7,38.6,7.1,3.9,16.1,21.2,82.7,9.6,8.5,80.2,3.5,11.8,28.4,35.3,79.9,15.6,43.3,10.8,5,651,959,20.9,7.5,1.1
49053,Utah,"Washington,Utah,US",37.28003525,-113.504698,177556,9.1,33.6,8.4,25.1,7.3,3.2,12.1,10.2,71.4,14.5,6.4,61.6,3.1,10,23.8,23.1,72.8,12.2,27,5.6,2,261,393,21.7,0.7,10.6
20177,Kansas,"Shawnee, Kansas, US",39.04100763,-95.7557264,176875,9.7,36.1,11.6,36.5,7,3.5,12.7,21,75.6,14.7,6.5,71.8,3.4,15.9,28.4,24.6,76.8,12.1,36.7,7.2,3,685,796,18.5,8.6,12.6
48329,Texas,"Midland, Texas, US",31.86904128,-102.0315682,176832,8.3,33.1,9.8,31.7,5.5,2.6,12.1,15.8,79.2,20,5.6,64.7,2.7,19.7,28.3,20.7,72.2,11.2,31.3,5.3,1,468,468,10.5,7.8,45.3
19163,Iowa,"Scott, Iowa, US",41.63935978,-90.61959493,172943,10,34.8,9.9,37.3,6.3,3,12.5,21.2,75.4,10.5,5.8,69,2.8,20.7,28.1,24,75.2,11.4,31.8,6.4,3,1143,1143,15.9,6.8,6.9
55139,Wisconsin,"Winnebago, Wisconsin, US",44.06886922,-88.64477096,171907,9.9,31.5,8.1,29.7,7.5,3.4,12.9,17,75.4,13.6,6.5,71.2,3.3,21.7,25.9,24.8,74.9,11.7,28.7,5.7,4,465,465,16.4,2.2,4.2
17113,Illinois,"McLean, Illinois, US",40.48996987,-88.84621113,171517,9.2,31.9,8.4,31.5,5.9,2.4,11.2,15.3,82.4,9.8,5.1,66.3,2.5,20.1,21.9,23.4,71.3,9.5,27.2,5.3,2,200,405,13.2,8.4,5.1
55059,Wisconsin,"Kenosha, Wisconsin, US",42.57639354,-88.04051686,169561,10.1,31.2,8.6,32.8,5.6,2.9,12.8,19.8,77.7,12.1,5,70.6,2.9,24.5,24.1,23.2,70.7,12.3,28.7,5.6,3,517,517,14,7,13.4
8101,Colorado,"Pueblo, Colorado, US",38.17359144,-104.5127437,168424,9.6,34.3,12.2,30.7,6.6,3.7,13.9,18.5,75.9,19.8,6.8,62.9,3.8,14.5,28.8,26.8,70.6,15.3,31.8,6.7,2,778,778,18.4,2.2,43.1
37057,North Carolina,"Davidson, North Carolina, US",35.79115496,-80.21256572,167609,9.6,27.6,7.5,31.3,4.9,2.3,13.8,19.8,76.8,16.4,3.9,71,2.3,18,24.7,19.1,68.4,11.5,26.7,5.7,2,243,243,18,9.3,7.3
48135,Texas,"Ector, Texas, US",31.86898877,-102.5429428,166223,8.6,33.4,11.1,35,5.3,2.9,14,17.9,76.9,28.4,5.9,64.3,2.9,18.6,33.6,21.5,71.9,13.1,31.5,6,4,993,993,9.4,5.1,61.3
20209,Kansas,"Wyandotte, Kansas, US",39.11727348,-94.76378225,165429,10.2,33.8,13.3,40,5.6,3.8,15.5,24.7,72.4,24.9,6.8,66,3.4,17.2,39.9,24,71.5,15.3,36.7,7.6,2,1156,1156,12.3,21.1,29.3
44003,Rhode Island,"Kent, Rhode Island, US",41.67106337,-71.57641596,164292,11.5,31.9,9,31.1,7.8,2.9,14.5,17.2,85.8,7.9,6.4,80.8,2.8,18,26.4,32.2,76.8,12.5,34.1,7.2,1,359,359,18.9,2,5.3
50007,Vermont,"Chittenden, Vermont, US",44.46322849,-73.08359212,163774,11.5,22.8,5.9,24.4,4.1,2.1,15.6,14,65.8,9.3,4,59.9,2.2,20.3,18.8,17.1,60,9.6,20.7,4.6,1,562,562,15.9,2.2,2.4
45035,South Carolina,"Dorchester, South Carolina, US",33.0794369,-80.40502652,162809,9,30.2,7.4,29.7,4.6,2,12.6,20.9,81.6,13.1,3.8,65.1,2.1,19.4,20.4,20.1,69.9,9,27.5,4.2,2,104,104,14,25.2,5.6
30111,Montana,"Yellowstone, Montana, US",45.93955949,-108.2691486,161300,9.4,29.7,7.6,25.8,6.7,2.9,12.6,17.5,73,11.8,5.5,65.1,2.9,23.2,25.1,21.9,71,12,25.2,6,2,590,590,17,0.5,5.8
51510,Virginia,"Alexandria, Virginia, US",38.814003,-77.08183073,159428,8.9,28.2,7.5,27.2,4.9,2,10.3,13,80.7,12.2,3.8,69,2.2,19.5,20.5,18.9,68.8,8.5,25.9,4.3,1,318,318,12.2,22.8,16.7
27109,Minnesota,"Olmsted, Minnesota, US",44.00374114,-92.40209944,158293,7.6,28.8,7.6,30.1,6.4,2.3,9.5,13.3,78.4,9.2,4.7,63.4,2.5,18.7,23.8,18.1,74,8.9,24,4.3,3,2120,2120,15.5,6.4,5
13153,Georgia,"Houston, Georgia, US",32.45802497,-83.66879087,157863,9.6,30.3,9.7,37.3,5.4,2.9,14.3,20.1,80.1,21.3,5.4,72.4,2.8,15.8,31.9,21.3,75,11.5,31.2,6.6,2,276,276,11.8,32.9,6.7
39045,Ohio,"Fairfield, Ohio, US",39.75107189,-82.63088163,157574,10.6,22.9,7.7,38,3.5,2.1,15,21.8,73.5,12.3,3.2,71.5,2.1,20.3,30,18,64.2,10.5,26.2,5.1,2,255,255,15.8,7,2.3
36093,New York,"Schenectady, New York, US",42.81668777,-74.05278291,155299,11.4,30.8,11.2,34.4,5.7,3.6,17.1,22.3,79.3,15.5,6.3,71.4,3.3,17.7,32.5,23.5,72.8,14.9,32.5,7.7,2,368,674,17.3,9.9,7.4
13021,Georgia,"Bibb, Georgia, US",32.80904227,-83.70489165,153159,12.5,34.7,17.2,44.1,6.1,5.8,17,25.4,79.8,27.1,7.9,79.6,4.6,10.6,42.9,28.1,80.2,16.4,43,9.8,4,1024,1024,15.7,53.4,3.4
19103,Iowa,"Johnson, Iowa, US",41.67169354,-91.58754744,151140,9,25.8,6,29.8,4.9,1.9,11.5,13.8,71.7,8.4,3.6,67.8,2.1,23.3,19.3,16.4,69.5,8.4,21.9,4,4,1383,1543,11.6,7,5.8
35049,New Mexico,"Santa Fe, New Mexico, US",35.50708973,-105.9774716,150358,9,31.8,9.2,20.5,6.8,2.8,11.7,14.4,80.8,9.9,5.5,60.2,3.2,15.1,20.7,23.9,74.3,12.7,26.3,5,3,258,258,24.4,1.2,51.1
18105,Indiana,"Monroe, Indiana, US",39.16130004,-86.52414358,148431,10.4,26.1,6.9,24.8,4.5,2.3,17.1,21.5,68.7,12.4,4.2,59.2,2.5,18.3,25,17.4,68,10.3,23,5.6,2,297,456,13,3,3.5
40017,Oklahoma,"Canadian, Oklahoma, US",35.5426055,-97.98465569,148306,9.3,32.9,7.9,32.9,5.8,2.2,12.9,16.6,77.4,13,4.6,65.7,2.3,15.8,28.5,24.3,72.9,11.1,30.8,5.9,2,123,123,13,3.7,9.3
35043,New Mexico,"Sandoval, New Mexico, US",35.68862401,-106.8687803,146748,9.6,28.8,8.2,27.3,5.7,2.5,13.2,17.1,78.7,12.3,4.4,59.5,2.8,18.7,20.3,16.1,66.6,12.3,24.8,5.6,2,271,271,17.7,2.6,39.4
48441,Texas,"Taylor, Texas, US",32.30163422,-99.89007449,138034,9.1,35.3,11.4,32.4,6.1,3.4,15.5,19.3,76,22.7,6.8,65.9,3.2,18.2,32,23.4,74,12.9,35,6.6,2,753,753,14.1,8,24.8
6055,California,"Napa, California, US",38.50735751,-122.332839,137744,9.1,31.2,8.9,26.2,6.6,2.7,12.7,13.5,80.8,12.6,5.3,64.3,2.9,19.5,20.5,20.7,69.3,11.7,27.6,5.6,2,362,362,19.2,1.6,34.5
48381,Texas,"Randall, Texas, US",34.96585996,-101.8971322,137713,8.5,35.2,9.8,32.8,7,2.8,12.2,16.3,81.1,17,5.6,67.1,2.8,19.7,28.7,24.2,74.5,11.4,32.2,6,1,4,4,15.1,3,22.3
48257,Texas,"Kaufman, Texas, US",32.5991417,-96.28734728,136154,8.6,38.1,10.2,32.1,7.8,2.7,11.9,16,86.2,13.2,5.5,69.2,2.7,18.7,26.7,26.9,76.4,12.1,34.9,6.5,2,91,250,11.7,12.3,22.4
6023,California,"Humboldt, California, US",40.69923009,-123.876044,135558,9.6,30.35,11.15,31,6.75,3.45,14.35,16.6,79.6,13.4,6.2,69.1,3.35,17.7,25.1,24.65,62.25,13.9,30.9,7,5,283,283,17.8,1.1,11.8
51650,Virginia,"Hampton, Virginia, US",37.03513786,-76.35879121,134510,10.8,33.6,12.6,37.6,6.3,3.3,13.6,21.1,80.7,14.8,5.7,75.3,3,16.4,28.3,27.1,76.2,11.9,34,6.9,2,685,685,15.4,50.5,6
48485,Texas,"Wichita, Texas, US",33.98842886,-98.7041034,132230,9,35.8,11.8,36.9,6.2,3.2,14.2,19,77.6,19.8,6.3,69.4,3,16.9,33.5,26.3,74.4,13.2,35.1,6.4,3,391,391,14.5,10.9,19.4
19013,Iowa,"Black Hawk, Iowa, US",42.4704581,-92.30524729,131228,9.2,36,8.6,33.7,6.8,3.1,12.2,20.8,74.5,10.2,6.5,68.7,2.9,22.4,26.7,25.7,75.3,11.2,31.3,6.6,3,459,459,16,10.4,4.5
17093,Illinois,"Kendall, Illinois, US",41.59081014,-88.42869583,128990,9,24.7,6.1,33.5,3.8,1.6,12,17.9,80.5,12.5,2.8,64.2,1.8,24.6,22.2,16.1,59.7,8.7,22.6,4.1,0,0,0,10.5,6.7,19.5
13059,Georgia,"Clarke, Georgia, US",33.95436462,-83.37124007,128331,9.5,29.2,8.3,28.2,4.5,2.5,15.3,17.7,74.9,20.3,4.9,72.6,2.6,16.3,30,20.7,73.3,10.1,28.5,5.5,2,524,524,11.8,27.9,10.9
5131,Arkansas,"Sebastian, Arkansas, US",35.19605503,-94.27162713,127827,10.3,34.1,12.2,34.9,6.2,4.1,18,26.4,75,15.3,7.8,70.7,3.6,14.2,38.9,26.5,74.1,16.6,37.4,9.3,4,870,870,15.8,6.9,14.6
22015,Louisiana,"Bossier, Louisiana, US",32.67932307,-93.60460152,127039,8.8,21.9,5.4,27.1,2.8,1.5,16,20.3,69.4,13.9,2.4,65.2,1.7,24.8,26,12.9,57.1,9.7,22.3,4.1,1,134,134,13.9,23.4,6.8
48183,Texas,"Gregg, Texas, US",32.47940482,-94.81591935,123945,9.4,34.9,11.7,36,5.7,3.7,15.6,21,77.3,20.9,6.9,67.7,3.4,17,31.8,24.2,74.1,13.6,37.1,7.2,3,686,686,15.3,20.7,19.2
20045,Kansas,"Douglas, Kansas, US",38.88503636,-95.2925121,122259,9.3,26.4,6.7,26.2,4.8,2,13,17.4,68.6,14.1,3.7,63.4,2.1,23.5,23.1,16.7,66.7,8.9,24.2,4.1,1,152,152,12.6,4.3,6.4
40031,Oklahoma,"Comanche, Oklahoma, US",34.65973764,-98.47195055,120749,10.4,33.9,10.6,36.5,5.4,3.2,16.2,21.3,73.1,18.6,6.1,69.8,3,13.7,33.8,24.6,75,14,35.2,7.4,4,508,622,12.6,14.7,13.4
30063,Montana,"Missoula, Montana, US",47.03728583,-113.9213508,119600,9.3,26.6,5.9,22.2,5.7,2.3,12.8,16.5,65.1,10.6,4.6,58.7,2.4,25.2,22.3,20.3,68.6,10.5,22.9,4.9,2,404,404,15.4,0.7,3.3
48451,Texas,"Tom Green, Texas, US",31.40464436,-100.462443,119200,8.6,34.1,11.1,34.4,6,2.9,13.3,16.9,77.7,24.6,5.9,66.1,3,18.5,32.7,22.4,72.4,12.3,32,5.6,3,534,534,15.1,3.9,40.5
48375,Texas,"Potter, Texas, US",35.40133773,-101.893964,117415,9.2,34.9,13.4,38.4,5.6,3.5,16.8,22.6,73.8,31.3,6.8,64.6,3.3,16.8,40.2,23.3,72.1,15.6,34.7,7.6,3,836,995,11.4,10.5,38.7
12035,Florida,"Flagler, Florida, US",29.45933576,-81.31508595,115081,8.7,36.7,12.3,29.7,8,4.4,14.3,20.5,83.4,19.9,8.6,77.1,3.7,15.2,30.2,28.5,78.5,14.7,36,10.3,1,99,99,31.5,10.1,10.5
46103,South Dakota,"Pennington, South Dakota, US",44.0025835,-102.8240777,113775,8.8,29.1,9.4,34.1,7.2,3,11.1,19.6,75.4,11.4,6.2,65.9,2.9,17.6,23.5,22.6,75.4,11.4,33,5.5,3,452,452,18.3,1.4,5.2
5031,Arkansas,"Craighead, Arkansas, US",35.83018283,-90.63235729,110332,10.2,30.6,9.8,34,6.2,3.4,16.4,22.4,75.6,13.3,6.3,71.7,3.1,15.4,35.2,25.8,73.6,14.1,34.1,7.6,4,571,721,14,16.1,5.2
26045,Michigan,"Eaton, Michigan, US",42.59599185,-84.83740035,110268,12.2,30.5,12.8,41.7,5,3.7,16.7,23.5,78.1,14.3,6,74.1,3.4,16.3,31.4,26.7,73.9,14.6,36.5,7.6,2,45,45,18.5,6.4,5.5
28089,Mississippi,"Madison, Mississippi, US",32.63389156,-90.03513564,106272,13.1,11.1,3,30.7,1,0.9,18.2,14.4,64.9,20.4,0.9,73.2,1.3,16.6,24.1,5.8,35.1,7.1,17.3,2.2,2,134,134,13,37.9,3.1
29037,Missouri,"Cass, Missouri, US",38.64789422,-94.353399,105780,8.5,37.6,9.4,33.3,8.6,2.9,10.5,14.9,85.3,9.6,6.4,73.2,2.7,18.3,23.1,29.7,78.8,11.4,32.6,6.8,2,106,106,17.1,3.9,4.5
29165,Missouri,"Platte, Missouri, US",39.38154439,-94.77068479,104418,8.8,31,8.1,28.9,6.2,2.6,11.8,18.5,80.2,11.6,5,70.5,2.1,19.4,24.5,21.7,73.8,10.9,26.4,4.6,1,97,97,14.6,7.2,6.2
17115,Illinois,"Macon, Illinois, US",39.86064913,-88.96342505,104009,10.4,36.3,11.4,37.4,7.4,3.7,14.5,21,81.9,12.1,7.5,70.1,3.4,17.1,27.8,29.5,76.8,14.1,37,8.7,2,188,393,20.2,16.8,2.3
19193,Iowa,"Woodbury, Iowa, US",42.38979414,-96.0459439,103107,9.6,33.8,9.3,33.1,6.4,3,12.9,20.6,71.9,10.7,5.9,66.9,2.9,19.1,26.9,23.7,74.5,11.6,29,6.5,2,830,830,15.4,4.3,17
56021,Wyoming,"Laramie, Wyoming, US",41.3070252,-104.6887497,99500,9.5,31.6,8.9,28.9,6.4,2.8,11.8,18.7,75,16.1,5.8,64.7,2.8,16.5,25,24.2,71.7,10.7,31.1,6,2,206,296,16.3,2,14.8
51770,Virginia,"Roanoke City, Virginia, US",37.27791025,-79.96189766,99143,10.1,35.3,12,34.6,6.4,4,15.2,23.2,78,16.3,7,71.4,3.5,16.1,33.7,29,74.8,14.3,38.4,8.6,2,934,934,16.9,29.4,6.5
1083,Alabama,"Limestone, Alabama, US",34.81185586,-86.98310072,98915,10.3,29.8,8.9,31.9,5,2.4,13.2,16.3,80.8,13.6,4.1,69.8,2.3,16.5,25.7,22.7,71.3,10.9,33.3,5.3,1,71,71,15.7,14,6.1
51740,Virginia,"Portsmouth, Virginia, US",36.85914825,-76.35971629,94398,10.7,33.8,11.4,39.6,6.3,3.4,13.7,20.8,79.7,15.8,6.1,75.6,3.1,15.6,29.6,26.1,74.4,13,35.4,7.5,2,346,542,14.7,50,4.7
51800,Virginia,"Suffolk, Virginia, US",36.70155394,-76.63603554,92108,10,34.6,10.7,33.4,6.1,3.1,12.7,19.1,81.2,13.2,6,75.1,2.8,16.6,27.6,27.1,76,11.5,34.3,6.6,3,150,543,14.4,40.9,4.7
13095,Georgia,"Dougherty, Georgia, US",31.53328528,-84.21722377,87956,11.7,32.2,14.4,42.6,5.7,4.5,17.6,25.4,79.1,28.1,6.2,77.6,3.8,11.7,41.6,24.5,76.8,15,40,8.2,2,939,939,15.2,69.4,2.9
29021,Missouri,"Buchanan, Missouri, US",39.65816401,-94.80138942,87364,10.1,33.7,10.3,34.6,6.6,3.5,15.8,25.1,74.5,16.7,6.9,71.5,3,17.6,33.8,27.9,75.2,16.1,30.9,9.4,1,352,352,17,5.3,6.9
41053,Oregon,"Polk, Oregon, US",44.90322804,-123.4128888,86085,9.8,26.7,7.8,27.7,6.4,2.5,12.7,14,76.7,12,4.8,62.4,2.6,16.5,20.1,21.9,66.8,10.9,26.3,4.6,1,15,15,18,0.2,14.3
51680,Virginia,"Lynchburg, Virginia, US",37.40021399,-79.19888138,82168,10.4,34.5,11.7,36.3,6.6,3.7,15.1,22.7,78.1,16.5,6.5,72.9,3.3,16.1,32.9,27.1,76.4,14.3,36.2,8.2,2,702,702,14.5,28.4,4.4
40145,Oklahoma,"Wagoner, Oklahoma, US",35.96024096,-95.51911308,81289,9.9,33.1,9.6,35.9,5.2,2.6,14.3,20,74.9,14.1,4.3,62.8,2.6,16.8,29.3,23.5,68.4,11.3,31.5,6.3,1,100,100,16.2,3.2,6.4
6115,California,"Yuba, California, US",39.26255932,-121.3535644,78668,8.75,31.05,11.25,23.35,5.15,2.9,11.15,12.25,82.65,15.15,4.75,70.1,3.05,15.85,21.55,17.35,62.2,11.15,28.15,4.35,2,173,390,12,2.7,28.7
37037,North Carolina,"Chatham, North Carolina, US",35.70394416,-79.25541492,74470,8.1,46.9,13,23.8,13.3,4,7.5,9.1,93,7.5,8.9,83.7,3.9,9.2,20.4,37.6,87.3,12.1,44.7,7.9,1,25,25,24.4,12.4,12.3
40125,Oklahoma,"Pottawatomie, Oklahoma, US",35.20614018,-96.94923008,72592,9.8,42.5,13.6,37,8.6,3.9,13.5,21.2,81.6,13.6,8.9,69.5,3.4,13.3,34.1,31.3,79.6,15,43.2,9.9,1,102,102,16.3,3.6,5.2
48203,Texas,"Harrison, Texas, US",33.55,-94.3,66726,-1,-1,-1,-1,-1,-1,-1,-1,-1,-1,-1,-1,-1,-1,-1,-1,-1,-1,-1,-1,1,149,149,16.1,21.1,13.6
