FIPS,County,Vulnerability Index,Infection Rate: Transmissible Cases,Infection Rate: Disease Spread,Pop Concentration: Pop Mobility,Pop Concentration: Residential Density,Intervention: Testing,Health & Environment: Pop Demographics,Health & Environment: Air Pollution,Health & Environment: Age Distribution,Health & Environment: Co-morbidities,Health & Environment: Health Disparities,Health & Environment: Hospital Beds
1073,"Alabama, Jefferson",0.606641683,0.726176065,0.286132188,0.713171576,0.6211,0.616785439,0.590596865,0.622754491,0.511724164,0.423600753,0.356350794,0.336861384
1083,"Alabama, Limestone",0.579363675,0.697117302,0.33034915,0.57357296,0.4521,0.616785439,0.580834913,0.526946108,0.50419478,0.387867685,0.39070992,0.602132605
1089,"Alabama, Madison",0.569366549,0.721790872,0.361743237,0.675270664,0.3836,0.616785439,0.634667104,0.51497006,0.493912975,0.370959371,0.226340603,0.430453691
1097,"Alabama, Mobile",0.626455088,0.751506198,0.300164996,0.670417054,0.723,0.616785439,0.68427605,0.467065868,0.519104441,0.457998203,0.467837005,0.390713105
1101,"Alabama, Montgomery",0.620732595,0.7359033,0.193218063,0.682423482,0.7463,0.616785439,0.634286586,0.532934132,0.491297583,0.461406888,0.46352376,0.387664574
1117,"Alabama, Shelby",0.524050218,0.702986329,0.304654443,0.627367576,0.1764,0.616785439,0.50709405,0.538922156,0.493912975,0.313473727,0.094126151,0.545505221
1125,"Alabama, Tuscaloosa",0.592462766,0.700886515,0.219440746,0.638760741,0.809,0.616785439,0.576538167,0.497005988,0.443774413,0.386098579,0.37535622,0.401056742
2020,"Alaska, Anchorage",0.488570457,0.644562523,0.48286802,0.668195113,0.8176,0,0.718519769,0,0.36061064,0.281199477,0.184762945,0.446804906
4013,"Arizona, Maricopa",0.598928853,0.755169689,0.225490196,0.729096785,0.7259,0.678009561,0.610780248,0.45508982,0.499089333,0.225429198,0.32221607,0.480660648
4019,"Arizona, Pima",0.586136762,0.666569319,0.200642156,0.703043189,0.9825,0.678009561,0.606580457,0.293413174,0.593892765,0.232831884,0.407490126,0.474407978
4027,"Arizona, Yuma",0.604341789,0.806321523,0.168385838,0.540186128,0.9796,0.678009561,0.49138148,0.299401198,0.579673914,0.33740155,0.625426835,0.496389941
5007,"Arkansas, Benton",0.497899876,0.651189244,0.16946461,0.636336995,0.3136,0.4874897,0.468505742,0.443113772,0.461247542,0.269430724,0.173086747,0.516463621
5031,"Arkansas, Craighead",0.595524024,0.69563022,0.387947269,0.616520274,0.9058,0.4874897,0.557152487,0.467065868,0.466894495,0.454339236,0.379164653,0.353148808
5119,"Arkansas, Pulaski",0.562186884,0.669326855,0.264073915,0.696346256,0.631,0.4874897,0.619022121,0.467065868,0.499089333,0.390772026,0.276980062,0.30843318
5131,"Arkansas, Sebastian",0.594486606,0.719135462,0.359775141,0.651428115,0.6998,0.4874897,0.613997993,0.45508982,0.516660551,0.412912345,0.451972952,0.32800976
5143,"Arkansas, Washington",0.567593449,0.70942586,0.169940222,0.645593493,0.8825,0.4874897,0.510197245,0.413173653,0.399504763,0.310284295,0.376369457,0.422541482
6001,"California, Alameda",0.525977316,0.56918388,0.224957326,0.806575262,0.916,0.359655838,0.580350986,0.443113772,0.461247542,0.081511763,0.163912445,0.45382097
6007,"California, Butte",0.536487997,0.595069683,0.46306505,0.631650622,0.9484,0.359655838,0.479679497,0.353293413,0.573410039,0.255333558,0.404979678,0.460981168
6013,"California, Contra Costa",0.515263458,0.61078539,0.309357265,0.771554449,0.4795,0.359655838,0.559478932,0.51497006,0.511724164,0.137698849,0.167438058,0.514261544
6019,"California, Fresno",0.604359848,0.73905016,0.362493013,0.653635697,0.844,0.359655838,0.600681623,0.736526946,0.419124651,0.279569002,0.570877523,0.473109834
6023,"California, Humboldt",0.479953343,0.384695994,0.229437229,0.593876974,0.9042,0.359655838,0.545335511,0.347305389,0.551735804,0.283945053,0.424593142,0.474620939
6029,"California, Kern",0.657572346,0.859812723,0.615773179,0.633894269,0.9245,0.359655838,0.600340193,1,0.375227878,0.305440688,0.570935942,0.484482242
6037,"California, Los Angeles",0.593553061,0.695649697,0.2061859,0.821876864,0.9045,0.359655838,0.583278328,0.670658683,0.455513708,0.132741106,0.423512814,0.450917449
6047,"California, Merced",0.587338516,0.766425348,0.43099631,0.626989917,0.8274,0.359655838,0.543424013,0.538922156,0.392728361,0.296768911,0.580964968,0.586631533
6053,"California, Monterey",0.519899471,0.679978137,0.330715728,0.628353679,0.8399,0.359655838,0.532366823,0.221556886,0.452613368,0.192777549,0.410828196,0.490775677
6055,"California, Napa",0.49898179,0.612163854,0.331791908,0.662838689,0.8249,0.359655838,0.443475737,0.45508982,0.579673914,0.134591554,0.182256231,0.446970013
6059,"California, Orange",0.509469449,0.63710545,0.220079378,0.835001938,0.5683,0.359655838,0.403880422,0.45508982,0.483339449,0.089369357,0.240676127,0.460503682
6061,"California, Placer",0.45424189,0.575583728,0.339736553,0.663833846,0.1974,0.359655838,0.407157198,0.449101796,0.593892765,0.091720339,0.062433097,0.488002309
6065,"California, Riverside",0.577561982,0.68256802,0.23074613,0.683451765,0.6632,0.359655838,0.586200995,0.706586826,0.480648521,0.209425733,0.452636398,0.511851159
6067,"California, Sacramento",0.54656077,0.616264819,0.338265728,0.771726565,0.7603,0.359655838,0.608893971,0.365269461,0.469686207,0.220556032,0.325896704,0.480459873
6071,"California, San Bernardino",0.58805737,0.724985095,0.322519566,0.65749064,0.8141,0.359655838,0.619577156,0.71257485,0.392728361,0.236383878,0.518645577,0.481676607
6073,"California, San Diego",0.53223836,0.611177849,0.238183212,0.751375453,0.8411,0.359655838,0.52560704,0.443113772,0.466894495,0.104058078,0.27950653,0.469264137
6075,"California, San Francisco",0.51517043,0.591517006,0.243344232,0.907679304,0.9497,0.359655838,0.478346787,0.407185629,0.514200531,0.077877535,0.139141492,0.360757257
6077,"California, San Joaquin",0.593831899,0.729524608,0.322870746,0.716008504,0.8083,0.359655838,0.602512543,0.532934132,0.434720726,0.269292885,0.460913096,0.506628251
6081,"California, San Mateo",0.474834509,0.557984364,0.197295295,0.793751759,0.6043,0.359655838,0.418862992,0.371257485,0.521532409,0.074474972,0.088225959,0.419522794
6083,"California, Santa Barbara",0.533365269,0.67520017,0.239415819,0.653635674,0.9156,0.359655838,0.480858969,0.431137725,0.501650799,0.162315829,0.369759084,0.469487216
6085,"California, Santa Clara",0.473587815,0.558163852,0.27592231,0.793513223,0.731,0.359655838,0.452018618,0.353293413,0.452613368,0.060894833,0.127778829,0.461417556
6087,"California, Santa Cruz",0.508100831,0.554506955,0.343866171,0.704588716,0.9035,0.359655838,0.409785255,0.269461078,0.511724164,0.100021102,0.268588453,0.53147062
6089,"California, Shasta",0.487156287,0.479328839,0.388888889,0.589723132,0.815,0.359655838,0.467281199,0.323353293,0.617072782,0.261852189,0.316925844,0.391645535
6095,"California, Solano",0.545304492,0.628590176,0.294602273,0.71707395,0.6905,0.359655838,0.622992554,0.479041916,0.50419478,0.23623676,0.230692031,0.514283478
6097,"California, Sonoma",0.485914922,0.572402164,0.279839884,0.688139038,0.6472,0.359655838,0.472285269,0.425149701,0.583792098,0.114613178,0.185910967,0.402530175
6099,"California, Stanislaus",0.572989798,0.743702593,0.339393939,0.677571979,0.6043,0.359655838,0.510402113,0.556886228,0.446744085,0.274966174,0.473773573,0.458238071
6107,"California, Tulare",0.579951907,0.756446352,0.298777189,0.6123669,0.6371,0.359655838,0.469649128,0.886227545,0.392728361,0.313381477,0.597916094,0.379738049
6111,"California, Ventura",0.517323184,0.639157371,0.300577221,0.713419233,0.5508,0.359655838,0.466462356,0.491017964,0.501650799,0.126644074,0.261616484,0.49418202
6115,"California, Yuba",0.562948169,0.645423847,0.464852608,0.619700963,0.9077,0.359655838,0.573446588,0.395209581,0.42856039,0.356988607,0.491365381,0.466477702
8001,"Colorado, Adams",0.545583125,0.590040935,0.15269257,0.698179611,0.5524,0.940036701,0.540508498,0.371257485,0.356864962,0.248211338,0.313279659,0.495204376
8005,"Colorado, Arapahoe",0.509804088,0.564309319,0.138864372,0.722453624,0.3613,0.940036701,0.588066475,0.305389222,0.437763125,0.152652132,0.120560297,0.528248077
8013,"Colorado, Boulder",0.472115617,0.471260024,0.129891304,0.690873753,0.5673,0.940036701,0.334728766,0.281437126,0.461247542,0.046105448,0.098513834,0.476212665
8031,"Colorado, Denver",0.570965082,0.601593514,0.14324693,0.826531228,0.8717,0.940036701,0.615378918,0.311377246,0.4094438,0.124841111,0.238814912,0.446664725
8035,"Colorado, Douglas",0.425635419,0.508879593,0.207653701,0.661989456,0.0376,0.940036701,0.320782937,0.239520958,0.392728361,0.062474663,0.003842882,0.570881887
8041,"Colorado, El Paso",0.524554162,0.569508978,0.245377768,0.667337541,0.5782,0.940036701,0.552937403,0.185628743,0.431653286,0.190517093,0.182679858,0.562950141
8059,"Colorado, Jefferson",0.475918491,0.528510527,0.169327401,0.712324348,0.1987,0.940036701,0.38386244,0.323353293,0.526341402,0.121148358,0.050724256,0.57310065
8069,"Colorado, Larimer",0.467381171,0.503755317,0.244194757,0.607116442,0.355,0.940036701,0.354648963,0.215568862,0.50419478,0.109922543,0.122262877,0.504055592
8101,"Colorado, Pueblo",0.531521238,0.469255271,0.205084746,0.596429359,0.7937,0.940036701,0.518863142,0.179640719,0.575509717,0.324458381,0.427076609,0.375240584
8123,"Colorado, Weld",0.489745527,0.528326703,0.10066149,0.593052839,0.5279,0.940036701,0.412827466,0.335329341,0.41592556,0.214337052,0.210552796,0.55141965
9001,"Connecticut, Fairfield",0.47848807,0.483913325,0.042674013,0.766151356,0.7061,0.269292663,0.517510262,0.419161677,0.516660551,0.10609115,0.214995164,0.468035463
9003,"Connecticut, Hartford",0.46885142,0.446319642,0.043388265,0.74031093,0.737,0.269292663,0.543309578,0.275449102,0.547245487,0.199503281,0.185251255,0.451574445
9009,"Connecticut, New Haven",0.466815314,0.382090039,0.025128717,0.749793241,0.801,0.269292663,0.535411887,0.323353293,0.549497408,0.229961894,0.207895397,0.402392362
10003,"Delaware, New Castle",0.507655283,0.563835471,0.11982797,0.73607526,0.5562,0.400483982,0.583399375,0.419161677,0.50419478,0.287417216,0.174570467,0.429371227
11001,"District Of Columbia, District of Columbia",0.502461838,0.559220611,0.081363523,0.841611285,0.9739,0.124225427,0.665408731,0.401197605,0.425441612,0.240902377,0.239233722,0.360237859
12001,"Florida, Alachua",0.562718204,0.699109493,0.304814385,0.674650465,0.8937,0.472604395,0.539464483,0.317365269,0.464081714,0.256904817,0.348506999,0.333036969
12009,"Florida, Brevard",0.521746349,0.642003113,0.286705419,0.690063043,0.3489,0.472604395,0.497736829,0.25748503,0.672645933,0.351789207,0.266887679,0.430713515
12011,"Florida, Broward",0.58081433,0.822354852,0.345153925,0.767765568,0.6638,0.472604395,0.583627219,0.215568862,0.533440509,0.220747289,0.367388118,0.41354615
12031,"Florida, Duval",0.594379977,0.761034855,0.279784781,0.736747135,0.8281,0.472604395,0.597623136,0.329341317,0.469686207,0.396248704,0.361029248,0.391780087
12035,"Florida, Flagler",0.510621987,0.644316091,0.336793541,0.626055013,0.1019,0.472604395,0.484138818,0.269461078,0.763790564,0.304179122,0.291465548,0.579986597
12057,"Florida, Hillsborough",0.567590876,0.733258362,0.249982604,0.743275093,0.8099,0.472604395,0.553654991,0.245508982,0.480648521,0.262325056,0.362287242,0.413088933
12071,"Florida, Lee",0.561550405,0.719683359,0.225672194,0.693763327,0.6103,0.472604395,0.485992075,0.275449102,0.738978797,0.257608068,0.355737095,0.433805406
12073,"Florida, Leon",0.580557186,0.726603661,0.339590444,0.670674945,0.8497,0.472604395,0.576223009,0.449101796,0.440780889,0.28464499,0.33207297,0.389714918
12086,"Florida, Miami-Dade",0.61949415,0.880039478,0.349313296,0.776201285,0.8988,0.472604395,0.492377134,0.251497006,0.526341402,0.192414128,0.552528679,0.412314999
12095,"Florida, Orange",0.564753741,0.740723382,0.255045294,0.751800016,0.787,0.472604395,0.583532677,0.233532934,0.4094438,0.233729388,0.402775297,0.411344296
12099,"Florida, Palm Beach",0.566899042,0.759181697,0.274804257,0.725650166,0.6485,0.472604395,0.578723296,0.173652695,0.675858813,0.224753276,0.32842799,0.445422056
12103,"Florida, Pinellas",0.563937349,0.69726489,0.232468661,0.766760508,0.8112,0.472604395,0.48577575,0.22754491,0.685334539,0.281917022,0.261200807,0.394964758
12105,"Florida, Polk",0.617458212,0.742304597,0.308036805,0.658752082,0.9013,0.472604395,0.56834632,0.317365269,0.618940916,0.437587558,0.508524888,0.450052664
12111,"Florida, St. Lucie",0.57297919,0.732938057,0.326738731,0.685466036,0.4941,0.472604395,0.580715011,0.239520958,0.675858813,0.33621046,0.45872594,0.446647506
12127,"Florida, Volusia",0.558239374,0.699321209,0.318324139,0.678733531,0.5205,0.472604395,0.503739857,0.275449102,0.683771888,0.375956559,0.357586626,0.404370252
13021,"Georgia, Bibb",0.642875024,0.767235222,0.327660994,0.715868586,0.865,0.57136456,0.611994586,0.497005988,0.506721514,0.461179173,0.563283303,0.323203079
13051,"Georgia, Chatham",0.611332135,0.756608608,0.364563416,0.708326619,0.8208,0.57136456,0.605179571,0.413173653,0.496510141,0.339804601,0.414196981,0.396984678
13059,"Georgia, Clarke",0.60737192,0.701368425,0.316781898,0.719771691,0.9551,0.57136456,0.579954436,0.479041916,0.371626963,0.263255904,0.554012399,0.372418234
13089,"Georgia, DeKalb",0.584083338,0.689790662,0.230866062,0.795374275,0.7208,0.57136456,0.657135796,0.431137725,0.412698771,0.245457748,0.404538103,0.445250113
13095,"Georgia, Dougherty",0.62942669,0.691109215,0.131166797,0.662064515,0.9204,0.57136456,0.632073772,0.461077844,0.501650799,0.51631264,0.670998541,0.277069028
13121,"Georgia, Fulton",0.592446488,0.729331235,0.295152146,0.817512688,0.8259,0.57136456,0.589652322,0.538922156,0.399504763,0.221888946,0.271834859,0.396193292
13153,"Georgia, Houston",0.561195818,0.678127011,0.31899201,0.65146902,0.4031,0.57136456,0.610416877,0.497005988,0.434720726,0.377772125,0.367345117,0.493879547
13215,"Georgia, Muscogee",0.634405158,0.736607289,0.240512449,0.73192448,0.8596,0.57136456,0.651484615,0.532934132,0.446744085,0.480820648,0.524952172,0.336930685
13245,"Georgia, Richmond",0.652888176,0.773643553,0.406418716,0.717066833,0.9261,0.57136456,0.654749997,0.497005988,0.464081714,0.45212158,0.605086567,0.272413447
15003,"Hawaii, Honolulu",0.502971203,0.454431543,0.387904704,0.790978151,0.965,1,0.337601594,0,0.556172664,0.173543212,0.071233638,0.475159141
16001,"Idaho, Ada",0.528330694,0.744348561,0.331857831,0.685162977,0.2429,0.863818759,0.353702701,0.45508982,0.472457163,0.169022167,0.117375923,0.435607688
16027,"Idaho, Canyon",0.601173185,0.803130475,0.405875952,0.660381355,0.4082,0.863818759,0.353974037,0.461077844,0.464081714,0.294595037,0.533995543,0.527552732
17019,"Illinois, Champaign",0.533407179,0.576155674,0.228492774,0.648463207,0.9936,0.305430154,0.501149635,0.526946108,0.425441612,0.271663513,0.211802239,0.456915387
17031,"Illinois, Cook",0.566091514,0.563642105,0.071384222,0.822357957,0.8758,0.305430154,0.620480519,0.718562874,0.483339449,0.247473063,0.349582389,0.416640286
17043,"Illinois, DuPage",0.46862186,0.55529234,0.112731502,0.777263589,0.3079,0.305430154,0.417252705,0.610778443,0.499089333,0.17761256,0.074666383,0.486366954
17089,"Illinois, Kane",0.477926139,0.550916904,0.078313253,0.700030897,0.2958,0.305430154,0.514244968,0.586826347,0.446744085,0.217390656,0.253425909,0.475469662
17093,"Illinois, Kendall",0.407432455,0.537188094,0.121892542,0.646454887,0.0478,0.305430154,0.48198617,0.562874251,0.345396617,0.219182032,0.079865066,0
17097,"Illinois, Lake",0.49630903,0.575034017,0.093515997,0.717560097,0.5365,0.305430154,0.521231244,0.574850299,0.464081714,0.191040131,0.148038515,0.521575364
17113,"Illinois, McLean",0.482711882,0.512198659,0.328846154,0.631072432,0.6393,0.305430154,0.433848573,0.520958084,0.437763125,0.293006062,0.088607188,0.477986362
17115,"Illinois, Macon",0.535921857,0.57319132,0.382075472,0.637680893,0.6425,0.305430154,0.497404491,0.526946108,0.597857609,0.362915654,0.309350775,0.389842982
17143,"Illinois, Peoria",0.545976799,0.632947562,0.364171573,0.666107411,0.6444,0.305430154,0.540795271,0.532934132,0.535777142,0.365302245,0.299833307,0.33935126
17167,"Illinois, Sangamon",0.513817053,0.573541656,0.334437086,0.651582594,0.6361,0.305430154,0.470413787,0.508982036,0.551735804,0.324182818,0.194316789,0.357793002
17197,"Illinois, Will",0.46090216,0.545759198,0.104885057,0.695488145,0.1465,0.305430154,0.513611112,0.616766467,0.431653286,0.252447749,0.11753275,0.530013617
17201,"Illinois, Winnebago",0.520605221,0.545586012,0.099445983,0.691248156,0.554,0.305430154,0.538668402,0.508982036,0.549497408,0.361222825,0.370596583,0.428463357
18003,"Indiana, Allen",0.536838606,0.536874021,0.127873563,0.673939845,0.3878,0.795253036,0.513676865,0.574850299,0.483339449,0.369777216,0.308507736,0.394432601
18057,"Indiana, Hamilton",0.464345927,0.580049306,0.226965342,0.688638615,0.035,0.795253036,0.349549583,0.51497006,0.4094438,0.174836135,0.029666459,0.486720939
18089,"Indiana, Lake",0.592613489,0.606834975,0.139430067,0.726438967,0.504,0.795253036,0.594408484,0.676646707,0.528722828,0.419081279,0.397172138,0.358285403
18097,"Indiana, Marion",0.601658307,0.608201017,0.133777155,0.783749528,0.6839,0.795253036,0.593509319,0.586826347,0.42856039,0.401087464,0.463060143,0.394782985
18105,"Indiana, Monroe",0.568055139,0.587269436,0.386503067,0.673725544,0.8921,0.795253036,0.363105336,0.443113772,0.434720726,0.249445642,0.35518627,0.465227586
18141,"Indiana, St. Joseph",0.595664413,0.632291163,0.217728345,0.692478947,0.7157,0.795253036,0.543214841,0.586826347,0.514200531,0.358884599,0.332496598,0.434316362
18157,"Indiana, Tippecanoe",0.550499808,0.529607802,0.210475267,0.679433446,0.8424,0.795253036,0.425824722,0.473053892,0.392728361,0.307771256,0.330763302,0.409524888
18163,"Indiana, Vanderburgh",0.604581855,0.680778946,0.390120329,0.699075146,0.7096,0.795253036,0.453460743,0.568862275,0.538099217,0.415771855,0.302937099,0.354412564
19013,"Iowa, Black Hawk",0.537931628,0.633196778,0.107906345,0.722896553,0.6663,0.568199017,0.476319752,0.383233533,0.523944662,0.327459212,0.213189357,0.411316302
19103,"Iowa, Johnson",0.512137768,0.599605716,0.153017241,0.72774822,0.8593,0.568199017,0.444486858,0.377245509,0.389293389,0.177827969,0.140282047,0.283632362
19113,"Iowa, Linn",0.498261909,0.615339292,0.241624365,0.756775634,0.3938,0.568199017,0.395348752,0.401197605,0.516660551,0.30421399,0.041968643,0.38189851
19153,"Iowa, Polk",0.521409785,0.657672283,0.149126545,0.810449352,0.6157,0.568199017,0.446080596,0.335329341,0.440780889,0.267934846,0.114365601,0.400077386
19163,"Iowa, Scott",0.503387052,0.599038571,0.210116732,0.741546484,0.3591,0.568199017,0.454875835,0.437125749,0.519104441,0.329525461,0.116874243,0.326664257
19193,"Iowa, Woodbury",0.543387595,0.606835713,0.05620155,0.678255321,0.7911,0.568199017,0.575625071,0.359281437,0.496510141,0.348663844,0.276174001,0.306692105
20045,"Kansas, Douglas",0.543913976,0.538785132,0.22992126,0.651719185,0.6991,0.876174426,0.585139484,0.407185629,0.40616015,0.225745249,0.217280007,0.536994214
20091,"Kansas, Johnson",0.488952278,0.625759863,0.284250157,0.718837458,0.0783,0.876174426,0.413364618,0.407185629,0.475207668,0.151584168,0.043245067,0.482959412
20173,"Kansas, Sedgwick",0.581070734,0.666628784,0.3977789,0.674470936,0.4588,0.876174426,0.584658405,0.419161677,0.475207668,0.348123375,0.307539307,0.507573951
20177,"Kansas, Shawnee",0.5716015,0.570881919,0.195794054,0.661707853,0.7755,0.876174426,0.579197441,0.395209581,0.560557324,0.395003487,0.193050122,0.367033383
20209,"Kansas, Wyandotte",0.647086156,0.760179843,0.23283237,0.713249211,0.6686,0.876174426,0.674712967,0.425149701,0.419124651,0.474932834,0.657392229,0.32475028
21067,"Kentucky, Fayette",0.553315397,0.596904447,0.228878648,0.741672085,0.7701,0.670114241,0.489020672,0.467065868,0.446744085,0.312213419,0.258783226,0.308056839
21111,"Kentucky, Jefferson",0.58514104,0.637441523,0.285479288,0.775835144,0.7128,0.670114241,0.491835783,0.592814371,0.519104441,0.407774999,0.235568506,0.344144132
22015,"Louisiana, Bossier",0.542435236,0.721858909,0.290034705,0.628362602,0.6635,0.071072408,0.603498021,0.437125749,0.469686207,0.348917166,0.329488083,0.558251178
22017,"Louisiana, Caddo",0.583495108,0.745219854,0.220742467,0.666663277,0.8103,0.071072408,0.655967553,0.437125749,0.535777142,0.50688244,0.479304822,0.314349184
22019,"Louisiana, Calcasieu",0.579932376,0.829019395,0.346524607,0.637290769,0.7829,0.071072408,0.607330343,0.389221557,0.493912975,0.428450078,0.397432193,0.391467175
22033,"Louisiana, East Baton Rouge",0.553632518,0.763199593,0.259644478,0.730435508,0.7593,0.071072408,0.592122359,0.359281437,0.466894495,0.385148791,0.33695619,0.362748127
22051,"Louisiana, Jefferson",0.530253105,0.734483484,0.1561386,0.731267059,0.461,0.071072408,0.620902622,0.299401198,0.538099217,0.410717531,0.380741121,0.401369294
22055,"Louisiana, Lafayette",0.552062338,0.768865549,0.258530184,0.709982041,0.8376,0.071072408,0.570097908,0.383233533,0.437763125,0.321427489,0.32431337,0.387720785
22071,"Louisiana, Orleans",0.522703132,0.661081658,0.112896903,0.758301496,0.7771,0.071072408,0.635605166,0.359281437,0.472457163,0.407187699,0.466620205,0.404021964
23005,"Maine, Cumberland",0.449526893,0.392721712,0.059547244,0.653639882,0.5925,0.709770194,0.361801114,0.299401198,0.564890998,0.160387475,0.063356598,0.403521591
24510,"Maryland, Baltimore City",0.61335428,0.677766945,0.182297346,0.844328355,0.873,0.565772992,0.667181781,0.389221557,0.464081714,0.487736067,0.43403316,0.312013672
25005,"Massachusetts, Bristol",0.476921703,0.478521856,0.048288847,0.672960346,0.6466,0.464372056,0.453863959,0.233532934,0.542700409,0.283975984,0.205255825,0.475621433
25009,"Massachusetts, Essex",0.483400814,0.46972074,0.033374104,0.714390212,0.8045,0.464372056,0.457552019,0.28742515,0.542700409,0.190511783,0.137971427,0.504196422
25013,"Massachusetts, Hampden",0.509498826,0.454082349,0.041186831,0.690324008,0.843,0.464372056,0.524808249,0.311377246,0.535777142,0.305330335,0.325171827,0.425550358
25017,"Massachusetts, Middlesex",0.459318819,0.438662553,0.03638209,0.742017594,0.8195,0.464372056,0.384214925,0.329341317,0.50419478,0.107574809,0.026033886,0.498776893
25021,"Massachusetts, Norfolk",0.463229922,0.485049612,0.056299213,0.724992379,0.6603,0.464372056,0.391980678,0.305389222,0.540406913,0.155486742,0.026527014,0.560290761
25023,"Massachusetts, Plymouth",0.42340397,0.391072019,0.023294325,0.647836044,0.3515,0.464372056,0.472253782,0.251497006,0.560557324,0.262450582,0.056738275,0.472034702
25025,"Massachusetts, Suffolk",0.519532644,0.487814146,0.031639274,0.868686279,0.9774,0.464372056,0.608573482,0.275449102,0.412698771,0.175065415,0.312469985,0.328175927
25027,"Massachusetts, Worcester",0.468556481,0.44571708,0.038133353,0.661842881,0.7931,0.464372056,0.414637074,0.293413174,0.509231233,0.22846461,0.120644613,0.47578199
26045,"Michigan, Eaton",0.483485438,0.468698099,0.178733032,0.630571056,0.4126,0.411474577,0.47355658,0.473053892,0.567039084,0.34224595,0.13453001,0.674770113
26049,"Michigan, Genesee",0.522298,0.514687766,0.120058565,0.70294761,0.4585,0.411474577,0.582010921,0.431137725,0.549497408,0.437921856,0.389855317,0.437261774
26065,"Michigan, Ingham",0.518716362,0.458914562,0.136300417,0.719201041,0.8574,0.411474577,0.541220063,0.45508982,0.449690281,0.315962465,0.315685074,0.405589194
26077,"Michigan, Kalamazoo",0.509864019,0.483269856,0.142377435,0.701298535,0.6947,0.411474577,0.521348812,0.520958084,0.491297583,0.319824809,0.22047486,0.425119231
26081,"Michigan, Kent",0.512920644,0.552162058,0.124016593,0.734869902,0.6501,0.411474577,0.541240829,0.508982036,0.455513708,0.250675023,0.194735478,0.443006105
26099,"Michigan, Macomb",0.501658873,0.554026813,0.126261542,0.770925572,0.313,0.411474577,0.483897841,0.479041916,0.540406913,0.352040947,0.203818237,0.53586422
26125,"Michigan, Oakland",0.454642771,0.520393191,0.09127915,0.767910956,0.184,0.411474577,0.492565513,0.48502994,0.533440509,0.185602043,0.070870236,0.411036614
26161,"Michigan, Washtenaw",0.487372045,0.491336861,0.134328358,0.719613868,0.7873,0.411474577,0.499915571,0.479041916,0.455513708,0.154053954,0.10430032,0.370860623
26163,"Michigan, Wayne",0.563610532,0.5423192,0.080374387,0.811757307,0.6587,0.411474577,0.627707767,0.502994012,0.50419478,0.444435558,0.474114812,0.427535279
27053,"Minnesota, Hennepin",0.533956408,0.630567552,0.173589984,0.79009597,0.822,0.576475683,0.607481504,0.329341317,0.466894495,0.134160107,0.083261554,0.403061192
27109,"Minnesota, Olmsted",0.46915144,0.556540144,0.136566688,0.664118515,0.5871,0.576475683,0.441309971,0.305389222,0.501650799,0.170934536,0.036287312,0.242986528
27123,"Minnesota, Ramsey",0.556571787,0.612687212,0.172090207,0.794299491,0.944,0.576475683,0.584499545,0.359281437,0.477938024,0.202580243,0.194640804,0.411337962
27137,"Minnesota, St. Louis",0.47164851,0.434704663,0.306010929,0.554022894,0.8182,0.576475683,0.479439801,0.281437126,0.58583425,0.276800453,0.157907099,0.351443882
28047,"Mississippi, Harrison",0.606466753,0.675560117,0.341574168,0.657543761,0.8637,0.558742096,0.589205438,0.407185629,0.486011086,0.429627739,0.568607978,0.32104662
28049,"Mississippi, Hinds",0.627839727,0.781149213,0.336732653,0.670897105,0.872,0.558742096,0.548957256,0.461077844,0.461247542,0.46541956,0.549757573,0.277316504
28089,"Mississippi, Madison",0.535442583,0.746260453,0.262777024,0.606858761,0.2693,0.558742096,0.600494798,0.461077844,0.443774413,0.300937865,0.144378238,0.62085725
29019,"Missouri, Boone",0.554212887,0.641667025,0.408888889,0.654663809,0.7144,0.792421139,0.488691355,0.425149701,0.4094438,0.246936748,0.216092718,0.342499635
29021,"Missouri, Buchanan",0.568391931,0.517341009,0.086749285,0.642509193,0.8571,0.792421139,0.488340491,0.431137725,0.523944662,0.455785356,0.37970572,0.394455365
29037,"Missouri, Cass",0.528901583,0.681448427,0.606418919,0.570475153,0.0684,0.792421139,0.455159521,0.413173653,0.538099217,0.350944896,0.134031943,0.563467475
29047,"Missouri, Clay",0.485806768,0.520999406,0.303383897,0.695195708,0.1442,0.792421139,0.491425216,0.419161677,0.472457163,0.30170219,0.095589515,0.412483051
29077,"Missouri, Greene",0.589248703,0.607323538,0.515097691,0.689937568,0.8087,0.792421139,0.441810897,0.425149701,0.531089133,0.378932465,0.31785609,0.40770821
29095,"Missouri, Jackson",0.579775422,0.616207847,0.465663217,0.732266852,0.5479,0.792421139,0.602197222,0.443113772,0.493912975,0.384734586,0.29677613,0.36103775
29165,"Missouri, Platte",0.49271341,0.533371155,0.403389831,0.66074044,0.1254,0.792421139,0.484471674,0.431137725,0.483339449,0.306553965,0.053691577,0.572077705
29183,"Missouri, St. Charles",0.526722544,0.715696763,0.533759124,0.691433863,0.1213,0.792421139,0.373016984,0.520958084,0.491297583,0.254381633,0.036710939,0.492780208
29510,"Missouri, St. Louis City",0.640169178,0.703435819,0.275901156,0.824215303,0.7985,0.792421139,0.602618025,0.508982036,0.446744085,0.513288023,0.485222238,0.267167497
30063,"Montana, Missoula",0.462392956,0.495505901,0.444444444,0.596166643,0.6714,0.52045855,0.365411476,0.335329341,0.501650799,0.195806278,0.175864718,0.413674351
30111,"Montana, Yellowstone",0.51061334,0.621886098,0.360122075,0.611454711,0.7453,0.52045855,0.463092849,0.19760479,0.538099217,0.255994668,0.113986179,0.403799
31055,"Nebraska, Douglas",0.547907982,0.658677721,0.163283582,0.740057681,0.6606,0.620107619,0.598782147,0.389221557,0.437763125,0.270534356,0.207011163,0.392872073
31109,"Nebraska, Lancaster",0.516238966,0.611718695,0.219413549,0.642803697,0.6925,0.620107619,0.481981869,0.365269461,0.458391652,0.201550044,0.138855541,0.425047368
32003,"Nevada, Clark",0.59531784,0.756866458,0.330082353,0.707327341,0.7443,0.545427678,0.604231324,0.383233533,0.488663708,0.277773257,0.406974835,0.452668007
32031,"Nevada, Washoe",0.538125826,0.637573289,0.232628399,0.667410962,0.772,0.545427678,0.506254129,0.323353293,0.523944662,0.208839594,0.26759232,0.403005524
33011,"New Hampshire, Hillsborough",0.461342063,0.443869215,0.066989508,0.694538532,0.4998,0.761628742,0.333885949,0.269461078,0.506721514,0.241969017,0.093855617,0.443495081
34007,"New Jersey, Camden",0.506737773,0.498563217,0.055097087,0.770585121,0.6301,0.225594116,0.586732928,0.51497006,0.511724164,0.342152211,0.272825452,0.411163058
34013,"New Jersey, Essex",0.513336852,0.389516968,0.016562934,0.840213173,0.9411,0.225594116,0.66979578,0.413173653,0.461247542,0.274642435,0.419530329,0.378679476
34017,"New Jersey, Hudson",0.481316397,0.343309339,0.009982505,0.855632587,0.8434,0.225594116,0.586988255,0.413173653,0.412698771,0.191422436,0.398961926,0.450637246
34021,"New Jersey, Mercer",0.480136019,0.40999291,0.021625,0.751527431,0.8672,0.225594116,0.586253013,0.347305389,0.499089333,0.212807586,0.251592398,0.449072399
34031,"New Jersey, Passaic",0.50276372,0.409149045,0.013460653,0.79271749,0.9067,0.225594116,0.60925257,0.401197605,0.483339449,0.217347369,0.387368719,0.462852495
34039,"New Jersey, Union",0.404820053,0,0,0.822470852,0.7905,0.225594116,0.614860965,0.443113772,0.483339449,0.180797783,0.287234692,0.424678056
35001,"New Mexico, Bernalillo",0.505255135,0.594110399,0.26109215,0.725447471,0.659,0.139832058,0.611920211,0.233532934,0.516660551,0.222402468,0.353741937,0.47465897
35013,"New Mexico, Do√±a Ana",0.524789393,0.634905756,0.247311828,0.594440041,0.9723,0.139832058,0.479431798,0.28742515,0.509231233,0.268413904,0.597793716,0.50015841
35043,"New Mexico, Sandoval",0.429957976,0.542983534,0.169332079,0.563729974,0.1847,0.139832058,0.66876898,0.239520958,0.544979876,0.232833002,0.364141712,0.48768653
35049,"New Mexico, Santa Fe",0.443930266,0.523254601,0.292727273,0.62106687,0.6552,0.139832058,0.471749992,0.185628743,0.654462239,0.113805515,0.253968784,0.497827965
36001,"New York, Albany",0.450909,0.457158568,0.081427998,0.776777897,0.7297,0.036508166,0.479605787,0.365269461,0.538099217,0.230175519,0.108201621,0.376828823
36029,"New York, Erie",0.466621152,0.432389283,0.060113825,0.763055145,0.6355,0.036508166,0.568762825,0.461077844,0.56273046,0.31747316,0.160691815,0.431869741
36061,"New York, New York",0.478232901,0.428386377,0.019994397,1,0.9736,0.036508166,0.606657898,0.467065868,0.531089133,0.065640115,0.259751656,0.563270584
36067,"New York, Onondaga",0.460285506,0.420890723,0.06764961,0.745499314,0.7708,0.036508166,0.571951865,0.311377246,0.540406913,0.286485406,0.203899422,0.401177773
36093,"New York, Schenectady",0.463804205,0.480676502,0.119842829,0.736354441,0.6135,0.036508166,0.545693433,0.359281437,0.547245487,0.263652792,0.204557929,0.458292407
36119,"New York, Westchester",0.478173196,0.421087641,0.013671929,0.825791112,0.9386,0.036508166,0.596674724,0.443113772,0.544979876,0.112998108,0.189253976,0.459380288
37021,"North Carolina, Buncombe",0.548043208,0.624534218,0.370558376,0.681315259,0.8838,0.477644831,0.461451537,0.359281437,0.599824325,0.230376277,0.203451101,0.413561197
37025,"North Carolina, Cabarrus",0.522589067,0.636759202,0.224956822,0.657738409,0.3633,0.477644831,0.594028663,0.479041916,0.452613368,0.338412871,0.230434987,0.469543753
37037,"North Carolina, Chatham",0.496702192,0.585681028,0.103333333,0.553961705,0.283,0.477644831,0.604580142,0.437125749,0.677454926,0.226800306,0.258774554,0.697131902
37051,"North Carolina, Cumberland",0.590877282,0.626155121,0.29609375,0.67409872,0.8567,0.477644831,0.751289827,0.45508982,0.402847312,0.386938285,0.449123072,0.437598963
37057,"North Carolina, Davidson",0.550600697,0.587371873,0.178082192,0.62232362,0.5024,0.477644831,0.542247329,0.467065868,0.569174859,0.409587897,0.475527707,0.518131647
37063,"North Carolina, Durham",0.566760134,0.649937231,0.151222085,0.735304004,0.9019,0.477644831,0.682557769,0.45508982,0.431653286,0.194439122,0.319496518,0.37192442
37067,"North Carolina, Forsyth",0.566812698,0.623014767,0.176372365,0.714939053,0.7835,0.477644831,0.645319019,0.383233533,0.516660551,0.359114367,0.376269242,0.365510046
37071,"North Carolina, Gaston",0.572273695,0.685807415,0.274886483,0.67607917,0.5661,0.477644831,0.570540073,0.473053892,0.526341402,0.329229415,0.441385634,0.482169991
37081,"North Carolina, Guilford",0.567040473,0.620171199,0.231059104,0.70782549,0.7619,0.477644831,0.660419906,0.449101796,0.499089333,0.317897881,0.334283374,0.4277715
37119,"North Carolina, Mecklenburg",0.540990054,0.687135756,0.192537387,0.755716674,0.4616,0.477644831,0.655122908,0.497005988,0.382326985,0.223857483,0.267182183,0.455621084
37129,"North Carolina, New Hanover",0.539432852,0.650010072,0.276390714,0.721769608,0.6205,0.477644831,0.542926834,0.323353293,0.551735804,0.245631519,0.287633145,0.416990164
37133,"North Carolina, Onslow",0.549215202,0.591205287,0.41646778,0.623714438,0.8017,0.477644831,0.602291937,0.389221557,0.308708808,0.313029817,0.387442555,0.550377956
37147,"North Carolina, Pitt",0.595607595,0.677762038,0.365466748,0.631785596,0.9647,0.477644831,0.626880035,0.407185629,0.440780889,0.349181243,0.487377957,0.364840586
37183,"North Carolina, Wake",0.507927368,0.625859026,0.232684388,0.717594756,0.4384,0.477644831,0.613810559,0.479041916,0.392728361,0.167861165,0.128833261,0.504374984
38017,"North Dakota, Cass",0.458331907,0.593125627,0.11316156,0.633179665,0.5323,0.340160493,0.56036181,0.22754491,0.40616015,0.253670277,0.066341143,0.340071095
39035,"Ohio, Cuyahoga",0.582089172,0.593119756,0.182361612,0.76150998,0.6332,0.705426801,0.548025967,0.610778443,0.564890998,0.375170807,0.333017429,0.340228067
39041,"Ohio, Delaware",0.46197691,0.571070944,0.273444347,0.636104077,0.0417,0.705426801,0.32542383,0.532934132,0.449690281,0.202874998,0.015412119,0.601491198
39045,"Ohio, Fairfield",0.52068215,0.638862729,0.331350892,0.612951194,0.3021,0.705426801,0.423452934,0.51497006,0.514200531,0.31162257,0.109024906,0.503891221
39049,"Ohio, Franklin",0.571337933,0.648909903,0.21232712,0.755583983,0.6699,0.705426801,0.538338367,0.54491018,0.4094438,0.343340867,0.244677041,0.403329601
39061,"Ohio, Hamilton",0.571829169,0.59263459,0.164224527,0.756242027,0.6988,0.705426801,0.529984787,0.604790419,0.50419478,0.35873744,0.240986049,0.370007138
39095,"Ohio, Lucas",0.592255339,0.665367022,0.289095333,0.724117565,0.5957,0.705426801,0.55057381,0.532934132,0.521532409,0.446541199,0.361706907,0.313387387
39099,"Ohio, Mahoning",0.541892083,0.559771689,0.137079608,0.641824985,0.4422,0.705426801,0.484191503,0.502994012,0.618940916,0.397877093,0.337106273,0.350240852
39113,"Ohio, Montgomery",0.584498477,0.608652436,0.277763329,0.710914914,0.6422,0.705426801,0.520279759,0.538922156,0.564890998,0.447947917,0.337659627,0.354952063
39151,"Ohio, Stark",0.521604777,0.495376537,0.200741198,0.673364372,0.3846,0.705426801,0.435586565,0.550898204,0.591894413,0.40371957,0.240474492,0.390566718
39153,"Ohio, Summit",0.526047432,0.534631154,0.201852443,0.721199712,0.4037,0.705426801,0.465140353,0.54491018,0.558371442,0.348671394,0.192584698,0.396168422
40017,"Oklahoma, Canadian",0.516085333,0.645626186,0.384615385,0.571219201,0.3053,0.526930398,0.615398234,0.401197605,0.446744085,0.31945992,0.166183677,0.584520768
40027,"Oklahoma, Cleveland",0.557776252,0.673808932,0.366304785,0.63836923,0.645,0.526930398,0.663707338,0.425149701,0.446744085,0.320937484,0.200325147,0.474730096
40031,"Oklahoma, Comanche",0.569607313,0.558265565,0.222370173,0.601016605,0.9163,0.526930398,0.796156255,0.353293413,0.425441612,0.368159691,0.430171127,0.391546627
40109,"Oklahoma, Oklahoma",0.587010103,0.691250916,0.336024916,0.700929261,0.6765,0.526930398,0.747188198,0.419161677,0.458391652,0.350287309,0.37883317,0.366529739
40125,"Oklahoma, Pottawatomie",0.599639086,0.623855054,0.469740634,0.548153837,0.7826,0.526930398,0.700350766,0.389221557,0.531089133,0.470528934,0.48692783,0.530356343
40143,"Oklahoma, Tulsa",0.580542206,0.715480771,0.329550718,0.698366711,0.5963,0.526930398,0.754523853,0.377245509,0.475207668,0.340401773,0.348422081,0.371804591
40145,"Oklahoma, Wagoner",0.543603132,0.662791428,0.3551263,0.553160686,0.249,0.526930398,0.694881865,0.449101796,0.526341402,0.410211035,0.282205123,0.537330244
41005,"Oregon, Clackamas",0.483732306,0.449495721,0.194174757,0.656801785,0.4148,0.907358925,0.360842387,0.371257485,0.558371442,0.209165567,0.082210134,0.53003883
41017,"Oregon, Deschutes",0.477946094,0.514361157,0.379174853,0.583921585,0.2152,0.907358925,0.292851166,0.317365269,0.601780717,0.168423207,0.158744477,0.506381008
41029,"Oregon, Jackson",0.547310036,0.444221076,0.394029851,0.603705533,0.8472,0.907358925,0.375275043,0.335329341,0.63712461,0.273609093,0.32794233,0.45252591
41039,"Oregon, Lane",0.529015498,0.385128125,0.305785124,0.622308368,0.8956,0.907358925,0.402170237,0.413173653,0.58583425,0.241333043,0.342560072,0.523284599
41047,"Oregon, Marion",0.584508801,0.564899823,0.199368338,0.682444534,0.9274,0.907358925,0.453499242,0.365269461,0.511724164,0.299890494,0.38655531,0.520568304
41051,"Oregon, Multnomah",0.567566165,0.55016393,0.249061033,0.784193409,0.9271,0.907358925,0.551834012,0.323353293,0.446744085,0.208873181,0.215446496,0.459466633
41053,"Oregon, Polk",0.548147295,0.513274407,0.307971014,0.60842278,0.5677,0.907358925,0.441277109,0.329341317,0.56273046,0.302676755,0.305644365,0.779035915
41067,"Oregon, Washington",0.513292309,0.520831822,0.233333333,0.722669129,0.5657,0.907358925,0.437593656,0.347305389,0.446744085,0.177786618,0.132991605,0.518516471
42003,"Pennsylvania, Allegheny",0.565169515,0.587923666,0.267515924,0.7333551,0.6074,0.91880885,0.424029272,0.616766467,0.581738694,0.295040305,0.112502579,0.342821087
42011,"Pennsylvania, Berks",0.545897185,0.493323125,0.070634146,0.669060465,0.623,0.91880885,0.474544832,0.419161677,0.549497408,0.364669947,0.299886788,0.472919925
42049,"Pennsylvania, Erie",0.545732334,0.431499284,0.164640884,0.660072725,0.7848,0.91880885,0.418897091,0.473053892,0.553960836,0.376283377,0.274486838,0.400443835
42069,"Pennsylvania, Lackawanna",0.519413024,0.42240319,0.05729443,0.671098388,0.652,0.91880885,0.352002864,0.413173653,0.605662958,0.369559768,0.21844152,0.414519212
42077,"Pennsylvania, Lehigh",0.554723721,0.48573686,0.062565172,0.721621818,0.7221,0.91880885,0.512546385,0.491017964,0.540406913,0.334706733,0.261039161,0.372347897
42095,"Pennsylvania, Northampton",0.511654301,0.466024981,0.056341719,0.681663056,0.447,0.91880885,0.434084749,0.419161677,0.583792098,0.303218792,0.142978833,0.543474803
42101,"Pennsylvania, Philadelphia",0.62389545,0.557776118,0.072452256,0.842144907,0.8949,0.91880885,0.689941601,0.491017964,0.464081714,0.370432134,0.508475142,0.376448795
44003,"Rhode Island, Kent",0.417412731,0.452923979,0.073891626,0.715785723,0.2311,0.369843983,0.339426383,0.215568862,0.581738694,0.267333543,0.093642298,0.467927771
44007,"Rhode Island, Providence",0.527228754,0.557160598,0.06014159,0.765002818,0.8832,0.369843983,0.586817582,0.269461078,0.50419478,0.25771567,0.34983883,0.362624786
45015,"South Carolina, Berkeley",0.578299451,0.734175828,0.298311445,0.576671787,0.5107,0.643151712,0.616535483,0.413173653,0.458391652,0.354166259,0.297310453,0.748093701
45019,"South Carolina, Charleston",0.57408426,0.766151173,0.229396092,0.664026243,0.7122,0.643151712,0.575422743,0.353293413,0.521532409,0.27038197,0.220407769,0.37112203
45035,"South Carolina, Dorchester",0.560098613,0.74616596,0.332830758,0.581980187,0.3378,0.643151712,0.626851119,0.419161677,0.461247542,0.318114142,0.271927727,0.618336547
45063,"South Carolina, Lexington",0.559063217,0.709112673,0.27540107,0.619118099,0.4693,0.643151712,0.548539515,0.419161677,0.511724164,0.334738843,0.276857683,0.510432617
45079,"South Carolina, Richland",0.592372227,0.732860136,0.27136668,0.661689409,0.8211,0.643151712,0.621970412,0.407185629,0.425441612,0.335850408,0.328624807,0.383610335
45091,"South Carolina, York",0.548040582,0.673411623,0.292521509,0.610469729,0.3547,0.643151712,0.61629227,0.479041916,0.477938024,0.315165976,0.244659817,0.558596043
46099,"South Dakota, Minnehaha",0.51641956,0.587338967,0.080087104,0.620914864,0.6765,0.699820974,0.625850264,0.299401198,0.440780889,0.275968381,0.131652426,0.351929082
46103,"South Dakota, Pennington",0.514214249,0.528963643,0.155472637,0.535284524,0.8118,0.699820974,0.599092096,0.149700599,0.551735804,0.283806182,0.200161574,0.392261863
47037,"Tennessee, Davidson",0.56536111,0.74206111,0.19779396,0.760728135,0.8125,0.264822399,0.596632498,0.45508982,0.419124651,0.327499049,0.306441753,0.340251618
47065,"Tennessee, Hamilton",0.553030408,0.711669599,0.288229842,0.702275564,0.5887,0.264822399,0.574032205,0.473053892,0.556172664,0.373950453,0.267944038,0.377279931
47093,"Tennessee, Knox",0.53152135,0.680800267,0.443076923,0.71299595,0.5244,0.264822399,0.459895261,0.449101796,0.514200531,0.370668581,0.234806651,0.379173157
47125,"Tennessee, Montgomery",0.50970091,0.658177305,0.378826531,0.640414222,0.3174,0.264822399,0.606847547,0.395209581,0.317179441,0.42449196,0.313119218,0.513840948
47149,"Tennessee, Rutherford",0.516678792,0.734464399,0.284894837,0.66022208,0.2824,0.264822399,0.555297982,0.491017964,0.36061064,0.373737764,0.221475812,0.540583681
47157,"Tennessee, Shelby",0.57600109,0.735537459,0.236928593,0.733938284,0.6972,0.264822399,0.62602089,0.389221557,0.449690281,0.438848168,0.452338161,0.381251874
48027,"Texas, Bell",0.584868135,0.639421062,0.264888889,0.667176329,0.8405,0.691881679,0.651504018,0.425149701,0.371626963,0.330431758,0.390770146,0.421627987
48029,"Texas, Bexar",0.61392864,0.77214603,0.328074926,0.753888058,0.781,0.691881679,0.560515435,0.443113772,0.41592556,0.253578739,0.469437443,0.420729545
48039,"Texas, Brazoria",0.592145112,0.74570835,0.326149887,0.615185539,0.7867,0.691881679,0.584204394,0.502994012,0.40616015,0.243258874,0.259498226,0.569170412
48041,"Texas, Brazos",0.571274517,0.649340598,0.160765801,0.67941703,0.914,0.691881679,0.537518581,0.425149701,0.304400184,0.215236456,0.440429491,0.458327887
48061,"Texas, Cameron",0.633631672,0.836548372,0.479520374,0.684021792,0.8596,0.691881679,0.226642977,0.377245509,0.452613368,0.260565602,0.818125118,0.437137471
48085,"Texas, Collin",0.476573267,0.542629546,0.201230371,0.721872143,0.1713,0.691881679,0.537695261,0.473053892,0.375227878,0.176260302,0.109357472,0.486656314
48113,"Texas, Dallas",0.605502983,0.72372758,0.249649881,0.795232557,0.7081,0.691881679,0.654705427,0.419161677,0.367990917,0.258102895,0.516761476,0.445413537
48121,"Texas, Denton",0.512521869,0.630715126,0.312028338,0.711415354,0.3114,0.691881679,0.554966382,0.473053892,0.341494049,0.175139229,0.144815958,0.539109668
48135,"Texas, Ector",0.607229485,0.838640483,0.537354562,0.644426345,0.7224,0.691881679,0.528094345,0.28742515,0.341494049,0.300069951,0.538753253,0.341090593
48141,"Texas, El Paso",0.605605001,0.700260873,0.236817562,0.726099687,0.859,0.691881679,0.463204755,0.389221557,0.41592556,0.23883612,0.683732905,0.466198568
48157,"Texas, Fort Bend",0.51050479,0.616643945,0.240804598,0.673638735,0.2248,0.691881679,0.589231204,0.520958084,0.364319047,0.177890217,0.195943004,0.561271476
48167,"Texas, Galveston",0.60371079,0.766329839,0.25020337,0.695683129,0.6788,0.691881679,0.572016711,0.437125749,0.472457163,0.369960858,0.339885328,0.495295951
48183,"Texas, Gregg",0.614721386,0.652797137,0.27007874,0.674378654,0.951,0.691881679,0.637944156,0.431137725,0.50419478,0.332035194,0.517735446,0.353354948
48201,"Texas, Harris",0.597930345,0.703478401,0.266602679,0.781606516,0.6014,0.691881679,0.635315521,0.538922156,0.353081256,0.243928774,0.513523622,0.444944899
48203,"Texas, Harrison",0.586614248,0.590273656,0.193708609,0.573206371,0.7179,0.691881679,0.656583814,0.419161677,0.535777142,0.461422785,0.471417302,0.465577763
48215,"Texas, Hidalgo",0.623253416,0.80132708,0.435480916,0.687117758,0.8284,0.691881679,0.212685449,0.383233533,0.382326985,0.297255515,0.848255195,0.476906867
48245,"Texas, Jefferson",0.636220924,0.739827859,0.249208419,0.670241138,0.8762,0.691881679,0.684772563,0.419161677,0.483339449,0.407528822,0.561766338,0.367392043
48257,"Texas, Kaufman",0.569529215,0.710160514,0.323022011,0.593402993,0.3715,0.691881679,0.589157615,0.45508982,0.422296515,0.32196795,0.433215897,0.607380861
48303,"Texas, Lubbock",0.586441084,0.706668513,0.237424925,0.695056739,0.8555,0.691881679,0.548098342,0.311377246,0.42856039,0.307570567,0.411564154,0.391041368
48309,"Texas, McLennan",0.621742612,0.723700097,0.283158397,0.669207195,0.8984,0.691881679,0.614039918,0.443113772,0.483339449,0.309713195,0.483714548,0.455086914
48329,"Texas, Midland",0.549858629,0.725791316,0.386288416,0.65520466,0.5559,0.691881679,0.535935739,0.293413174,0.367990917,0.250560362,0.293918782,0.441610099
48339,"Texas, Montgomery",0.544275601,0.647495137,0.259338489,0.677714017,0.5221,0.691881679,0.506480133,0.502994012,0.443774413,0.222903564,0.260556392,0.45326742
48355,"Texas, Nueces",0.628656951,0.82424989,0.309833187,0.706723205,0.8742,0.691881679,0.457173758,0.413173653,0.477938024,0.333686136,0.499038738,0.377710757
48375,"Texas, Potter",0.601073266,0.661656207,0.102489867,0.654945849,0.985,0.691881679,0.59833917,0.269461078,0.425441612,0.408697322,0.615773377,0.316980582
48381,"Texas, Randall",0.52161967,0.64695516,0.236910995,0.612490411,0.39,0.691881679,0.458264737,0.269461078,0.493912975,0.226972127,0.141419469,1
48423,"Texas, Smith",0.599161457,0.662026288,0.303420702,0.645264621,0.7252,0.691881679,0.603904447,0.437125749,0.533440509,0.36022828,0.495895558,0.379602596
48439,"Texas, Tarrant",0.561613647,0.67329651,0.247431034,0.771538356,0.4464,0.691881679,0.607000612,0.45508982,0.385826464,0.261355259,0.364651342,0.458940533
48441,"Texas, Taylor",0.546747831,0.58547323,0.218164794,0.635179367,0.7399,0.691881679,0.543254024,0.311377246,0.486011086,0.310007335,0.366459077,0.355025208
48451,"Texas, Tom Green",0.596504627,0.779926529,0.382528736,0.602819812,0.8851,0.691881679,0.48638092,0.299401198,0.509231233,0.293180743,0.357917386,0.37862836
48453,"Texas, Travis",0.55113775,0.658758776,0.179174716,0.752519356,0.7386,0.691881679,0.568263103,0.449101796,0.329534997,0.132054486,0.250761644,0.480041034
48479,"Texas, Webb",0.605980789,0.803169195,0.405743481,0.635274196,0.8497,0.691881679,0.188657341,0.323353293,0.321343639,0.32484914,0.783971362,0.489868955
48485,"Texas, Wichita",0.589699567,0.583282487,0.248306998,0.653119789,0.8883,0.691881679,0.604809877,0.347305389,0.491297583,0.419419343,0.477362423,0.430777569
48491,"Texas, Williamson",0.493943004,0.615556068,0.212962963,0.670815582,0.1897,0.691881679,0.51670602,0.443113772,0.412698771,0.20732245,0.122217949,0.548919361
49011,"Utah, Davis",0.437495981,0.616243166,0.260930395,0.676977557,0.1379,0.48627851,0.346212319,0.323353293,0.345396617,0.137315819,0.06790412,0.552576838
49035,"Utah, Salt Lake",0.48834515,0.651342816,0.168039539,0.725466285,0.4846,0.48627851,0.435863798,0.323353293,0.371626963,0.141483007,0.192112408,0.462306593
49049,"Utah, Utah",0.462537944,0.657828353,0.236023207,0.65309247,0.5078,0.48627851,0.286035819,0.281437126,0.248391238,0.083576206,0.205224387,0.534612117
50007,"Vermont, Chittenden",0.407337405,0.330521408,0.06013986,0.668277299,0.7918,0.566360961,0.30952527,0.209580838,0.488663708,0.112190329,0.057361731,0.413167965
51510,"Virginia, Alexandria City",0.537559438,0.585599353,0.097876934,0.87333207,0.7192,0.676803815,0.601937976,0.401197605,0.389293389,0.151283472,0.153329945,0.48035571
51550,"Virginia, Chesapeake City",0.534951091,0.689749368,0.368883312,0.699592409,0.2544,0.676803815,0.603936617,0.359281437,0.443774413,0.3321066,0.1409473,0.534461948
51650,"Virginia, Hampton City",0.603728782,0.650429267,0.376156218,0.759338876,0.8061,0.676803815,0.662432839,0.341317365,0.499089333,0.466210563,0.339324024,0.363683356
51680,"Virginia, Lynchburg City",0.602100536,0.628810846,0.482323232,0.747133628,0.893,0.676803815,0.585803341,0.365269461,0.486011086,0.352508678,0.454134212,0.30480749
51700,"Virginia, Newport News City",0.619097302,0.679876556,0.39119171,0.779820474,0.9507,0.676803815,0.651370415,0.359281437,0.440780889,0.40677129,0.381287127,0.39322718
51710,"Virginia, Norfolk City",0.633217075,0.730037238,0.387012987,0.824230571,0.9411,0.676803815,0.661878989,0.347305389,0.382326985,0.394543682,0.471386587,0.394075649
51740,"Virginia, Portsmouth City",0.636178822,0.763359418,0.416372618,0.778983137,0.7469,0.676803815,0.665563245,0.359281437,0.491297583,0.466066442,0.476749445,0.348010625
51760,"Virginia, Richmond City",0.587383499,0.575124162,0.125656283,0.811259896,0.879,0.676803815,0.657123958,0.377245509,0.440780889,0.37852199,0.489888405,0.262061462
51770,"Virginia, Roanoke City",0.588919758,0.599891985,0.233540373,0.767686381,0.7431,0.676803815,0.590028621,0.359281437,0.533440509,0.433729897,0.494170935,0.293510462
51800,"Virginia, Suffolk City",0.54252593,0.698723099,0.353646354,0.635902014,0.255,0.676803815,0.620821934,0.365269461,0.477938024,0.343068922,0.231498092,0.503281882
51810,"Virginia, Virginia Beach City",0.526015149,0.695505575,0.429002262,0.74437346,0.2308,0.676803815,0.558538194,0.311377246,0.464081714,0.234238288,0.118233657,0.566955837
53005,"Washington, Benton",0.531447587,0.694168363,0.220733838,0.623960073,0.5212,0.683855041,0.414291098,0.371257485,0.488663708,0.236251623,0.219935599,0.475784757
53011,"Washington, Clark",0.467849541,0.432581138,0.188518781,0.712342037,0.3658,0.683855041,0.43809689,0.317365269,0.501650799,0.252166666,0.137438912,0.527382834
53033,"Washington, King",0.509447365,0.527237139,0.164193012,0.757014286,0.8666,0.683855041,0.531016784,0.269461078,0.449690281,0.094103754,0.083203135,0.465916711
53053,"Washington, Pierce",0.532892856,0.57029834,0.279156328,0.697905002,0.7046,0.683855041,0.589493519,0.245508982,0.464081714,0.277552624,0.187732193,0.490215218
53061,"Washington, Snohomish",0.49120837,0.505561533,0.155182865,0.689764403,0.5527,0.683855041,0.511728257,0.305389222,0.449690281,0.209851218,0.101299755,0.588662355
53063,"Washington, Spokane",0.566004191,0.631422007,0.337669527,0.682887581,0.7896,0.683855041,0.468405056,0.520958084,0.521532409,0.250522544,0.194364729,0.431074339
53073,"Washington, Whatcom",0.507475194,0.453285785,0.162192394,0.610605883,0.8781,0.683855041,0.474754651,0.389221557,0.544979876,0.207103802,0.240210703,0.550595512
53077,"Washington, Yakima",0.565709825,0.709964646,0.107450583,0.603120597,0.7915,0.683855041,0.512770302,0.293413174,0.464081714,0.330816515,0.576596918,0.473163279
54039,"West Virginia, Kanawha",0.55044977,0.569636074,0.364123159,0.628813744,0.6648,0.533659716,0.376110184,0.443113772,0.607589018,0.530451968,0.33281206,0.314239784
55009,"Wisconsin, Brown",0.506248644,0.601928796,0.129106776,0.693835349,0.5482,0.513175114,0.56104947,0.365269461,0.483339449,0.289210523,0.111046563,0.387213478
55025,"Wisconsin, Dane",0.481124435,0.549626788,0.176191665,0.709155656,0.6546,0.513175114,0.437734479,0.383233533,0.452613368,0.132868485,0.05185132,0.433321353
55059,"Wisconsin, Kenosha",0.543145068,0.664653691,0.215669756,0.676104265,0.6135,0.513175114,0.50730181,0.491017964,0.464081714,0.27892654,0.262260899,0.426951877
55079,"Wisconsin, Milwaukee",0.607505472,0.71046713,0.210393833,0.804090341,0.8529,0.513175114,0.658474014,0.508982036,0.455513708,0.356212767,0.376272976,0.3736654
55087,"Wisconsin, Outagamie",0.465272107,0.581910106,0.297974928,0.663248989,0.2229,0.513175114,0.440559635,0.341317365,0.483339449,0.277951574,0.049912655,0.439467661
55101,"Wisconsin, Racine",0.538222212,0.664757413,0.194571615,0.673868302,0.4839,0.513175114,0.544078663,0.520958084,0.526341402,0.313200878,0.186920591,0.412310565
55133,"Wisconsin, Waukesha",0.481437195,0.686430584,0.423076923,0.701382473,0.1028,0.513175114,0.2921183,0.497005988,0.569174859,0.188372733,0.00505908,0.442522939
55139,"Wisconsin, Winnebago",0.477285427,0.525837801,0.187562688,0.670882161,0.4304,0.513175114,0.399642768,0.407185629,0.521532409,0.305650559,0.088713546,0.441019611
56021,"Wyoming, Laramie",0.46380888,0.500678088,0.200445434,0.591858098,0.4031,0.941349199,0.452013119,0.095808383,0.514200531,0.301085296,0.159149676,0.47425752
